workerid,Answer.age,Answer.gender,Answer.nativeLanguage,Answer.condition,Answer.uniqueIDs,Answer.orders,Answer.funninessResults,Answer.sensiblenessResults
A3OMUSG91MTI3H,"""25""","""F""","""English""",0,"[3,11,19,27,35,45,53,61,66,74,82,90,98,112,120,128,136,144,146,154,162,170,176,184,192,200,208,218,226,234,237,245,253,261,269,279,287,295,308,316,324,332,340,344,352,360,368,376,386,394,402,410,418,426,434,442,452,460,468]","[41,6,27,24,45,47,19,59,44,13,56,48,23,16,49,55,26,36,25,3,54,42,28,10,58,40,33,17,1,7,43,31,5,9,15,39,53,2,32,50,14,34,52,46,29,20,11,35,21,30,38,37,22,18,8,4,51,12,57]","[1,1,1,1,1,1,1,1,1,1,1,1,1,1,1,1,1,1,1,1,1,1,1,1,1,1,1,1,1,1,5,1,1,2,1,1,1,1,1,1,1,1,1,1,4,1,1,1,1,1,1,1,1,1,1,1,1,1,1]","[1,3,3,1,1,1,1,3,1,1,2,1,4,6,7,7,7,7,7,7,7,7,7,7,7,7,7,5,7,7,2,4,5,7,5,7,7,5,1,7,7,5,7,1,2,7,4,1,1,1,1,1,1,1,7,1,1,1,3]"
A2WDO0GBTENFFV,"""25""","""M""","""English""",0,"[3,11,19,27,35,45,53,61,66,74,82,90,98,112,120,128,136,144,146,154,162,170,176,184,192,200,208,218,226,234,237,245,253,261,269,279,287,295,308,316,324,332,340,344,352,360,368,376,386,394,402,410,418,426,434,442,452,460,468]","[25,10,1,33,31,9,54,34,16,39,46,22,40,59,4,2,18,27,41,42,45,32,14,30,11,5,38,58,19,3,17,8,37,51,15,47,36,7,57,49,12,56,23,35,44,21,28,13,20,55,26,43,24,6,48,29,53,52,50]","[6,5,2,5,3,4,5,4,3,4,5,4,6,1,1,2,2,1,1,4,2,2,2,7,2,2,3,2,1,1,7,6,5,2,2,5,3,5,2,3,3,1,2,2,3,1,3,5,3,3,3,1,4,2,3,2,3,2,3]","[3,6,7,5,4,4,2,3,1,1,2,3,4,5,5,6,5,7,5,5,5,6,5,4,6,5,4,6,4,7,6,6,5,6,2,7,5,6,2,5,1,1,6,2,2,7,1,5,4,2,1,2,2,2,1,7,5,2,2]"
A3VIM82WAK5TIZ,"""65""","""M""","""English""",0,"[3,11,19,27,35,45,53,61,66,74,82,90,98,112,120,128,136,144,146,154,162,170,176,184,192,200,208,218,226,234,237,245,253,261,269,279,287,295,308,316,324,332,340,344,352,360,368,376,386,394,402,410,418,426,434,442,452,460,468]","[26,35,7,27,20,31,37,44,47,39,48,58,51,13,3,43,15,49,34,59,36,21,18,55,52,4,46,30,45,42,23,11,2,54,8,25,57,50,17,16,32,5,6,41,33,53,12,24,1,14,10,28,19,38,22,40,29,56,9]","[1,1,1,1,1,1,1,1,1,1,1,1,1,1,1,1,1,1,1,1,1,1,1,1,1,1,1,1,1,1,1,1,2,1,1,1,1,1,1,1,1,1,1,1,1,1,1,1,1,1,1,1,1,1,1,1,1,1,1]","[1,1,1,1,1,1,1,1,1,1,1,1,1,7,7,7,7,7,7,7,7,7,7,7,7,7,7,7,7,7,7,1,6,1,4,7,7,7,4,7,6,7,7,1,1,7,1,1,1,1,1,1,1,1,1,7,7,1,1]"
AO3XB5I5QNNUI,"""65""","""F""","""English""",0,"[3,11,19,27,35,45,53,61,66,74,82,90,98,112,120,128,136,144,146,154,162,170,176,184,192,200,208,218,226,234,237,245,253,261,269,279,287,295,308,316,324,332,340,344,352,360,368,376,386,394,402,410,418,426,434,442,452,460,468]","[19,15,47,51,41,7,43,24,27,50,35,36,10,2,23,32,40,17,52,39,31,42,5,1,59,45,22,8,37,3,20,54,28,57,4,49,30,11,56,14,48,21,12,13,46,25,55,53,9,33,58,18,26,38,16,34,29,44,6]","[6,4,6,3,2,6,5,7,4,5,5,5,6,2,1,1,1,1,1,1,1,1,2,1,1,1,1,1,1,2,7,4,4,1,2,1,3,4,2,2,1,1,4,1,3,1,1,3,3,3,2,1,3,2,1,2,2,2,1]","[1,2,1,1,1,2,1,1,2,1,1,1,2,6,5,7,7,6,7,7,7,7,5,7,5,7,7,7,7,7,1,1,2,5,6,7,1,6,1,5,7,7,6,1,1,7,4,1,2,1,1,1,1,1,1,1,1,1,2]"
A3CCO4SVP8T75H,"""35""","""F""","""english""",0,"[3,11,19,27,35,45,53,61,66,74,82,90,98,112,120,128,136,144,146,154,162,170,176,184,192,200,208,218,226,234,237,245,253,261,269,279,287,295,308,316,324,332,340,344,352,360,368,376,386,394,402,410,418,426,434,442,452,460,468]","[20,54,7,47,17,26,49,23,41,37,16,58,2,56,28,1,8,11,4,29,42,9,10,27,22,55,21,46,34,36,24,57,18,31,6,13,33,32,50,53,15,52,39,59,44,35,5,51,48,38,12,14,3,43,40,45,19,30,25]","[5,5,1,3,5,4,1,4,5,3,4,5,4,3,1,1,1,4,2,4,2,4,4,3,1,2,3,3,2,3,6,5,5,4,1,1,3,1,1,3,4,1,5,3,1,4,1,1,2,4,1,1,4,1,2,4,1,4,4]","[1,1,1,1,4,1,1,1,5,1,4,1,1,6,6,7,6,6,6,6,6,6,6,6,5,5,6,6,5,6,6,5,5,5,6,6,5,5,1,5,7,4,5,1,1,1,1,1,1,1,1,1,1,1,1,1,6,1,1]"
A26F9VP8ELLZC4,"""65""","""F""","""English""",0,"[3,11,19,27,35,45,53,61,66,74,82,90,98,112,120,128,136,144,146,154,162,170,176,184,192,200,208,218,226,234,237,245,253,261,269,279,287,295,308,316,324,332,340,344,352,360,368,376,386,394,402,410,418,426,434,442,452,460,468]","[3,53,6,49,52,14,27,7,35,43,31,10,23,8,12,58,57,47,2,50,32,54,56,20,29,36,45,1,48,15,44,46,59,25,19,18,21,13,40,34,39,55,28,9,42,22,24,26,17,51,38,30,33,5,41,11,37,4,16]","[2,2,2,1,1,2,1,1,1,2,2,2,2,1,1,1,1,1,1,1,1,1,1,1,1,1,1,1,1,1,3,2,2,2,1,1,1,1,1,1,1,1,1,1,1,1,1,1,1,1,1,1,1,1,1,1,1,4,1]","[1,1,1,4,1,1,1,1,6,1,3,1,1,7,5,6,6,6,7,7,7,7,5,7,7,7,3,7,7,7,7,5,7,7,7,7,3,7,1,6,7,1,6,1,1,1,1,1,3,1,1,1,1,1,1,6,1,1,1]"
A17FVQS8BZQNVB,"""35""","""F""","""english""",0,"[3,11,19,27,35,45,53,61,66,74,82,90,98,112,120,128,136,144,146,154,162,170,176,184,192,200,208,218,226,234,237,245,253,261,269,279,287,295,308,316,324,332,340,344,352,360,368,376,386,394,402,410,418,426,434,442,452,460,468]","[46,9,18,17,3,33,21,43,34,8,6,24,10,1,57,7,35,56,20,40,53,2,12,45,37,22,44,36,48,38,5,4,39,16,29,27,52,19,49,26,32,11,15,42,50,25,31,47,54,51,58,55,59,30,28,23,14,13,41]","[1,2,1,1,2,1,1,1,1,1,1,1,2,1,1,1,1,1,1,2,1,5,1,1,1,1,1,1,1,1,2,2,1,1,1,1,1,1,1,1,1,1,1,1,1,1,1,1,1,1,1,1,1,1,1,1,1,1,1]","[1,1,5,1,2,1,1,1,1,1,2,1,1,6,6,4,6,6,7,6,6,7,6,7,6,7,6,6,7,6,6,2,6,7,5,6,6,7,1,6,5,6,2,1,1,1,1,1,1,1,1,1,1,1,1,1,1,1,1]"
A3GND4YUBDIQ02,"""35""","""M""","""English""",0,"[3,11,19,27,35,45,53,61,66,74,82,90,98,112,120,128,136,144,146,154,162,170,176,184,192,200,208,218,226,234,237,245,253,261,269,279,287,295,308,316,324,332,340,344,352,360,368,376,386,394,402,410,418,426,434,442,452,460,468]","[41,56,29,21,43,44,8,20,49,42,36,34,51,3,14,46,19,55,2,45,59,39,25,13,1,54,33,53,32,40,9,10,11,47,18,26,16,22,6,38,50,28,4,58,5,52,15,23,57,12,27,48,7,35,30,31,24,37,17]","[6,7,2,6,4,6,3,3,7,5,2,5,6,1,1,1,1,1,4,7,1,1,2,1,2,2,1,2,1,1,6,6,5,3,2,2,5,3,3,1,2,1,7,1,4,6,3,3,4,3,2,2,5,5,1,1,3,3,2]","[3,4,5,2,2,2,1,1,2,3,1,1,2,4,7,4,6,7,6,5,6,6,6,7,6,5,7,6,6,7,5,3,4,6,3,4,5,6,4,4,7,5,3,1,2,1,2,1,3,1,1,1,1,1,5,1,2,1,1]"
A34RMF77M4N9VB,"""35""","""F""","""English""",0,"[3,11,19,27,35,45,53,61,66,74,82,90,98,112,120,128,136,144,146,154,162,170,176,184,192,200,208,218,226,234,237,245,253,261,269,279,287,295,308,316,324,332,340,344,352,360,368,376,386,394,402,410,418,426,434,442,452,460,468]","[47,36,48,38,28,22,24,7,16,29,57,59,25,44,12,40,18,32,35,9,19,27,10,31,45,37,46,3,51,50,58,52,42,54,5,20,8,11,17,55,56,13,26,15,30,1,41,49,6,2,39,34,21,4,43,23,14,53,33]","[4,4,4,5,5,6,1,4,1,4,4,2,5,1,1,1,1,1,1,2,1,1,1,1,1,1,1,1,1,1,4,1,4,3,2,1,1,1,1,1,3,1,5,1,5,1,1,4,1,1,1,4,4,1,1,1,1,7,1]","[1,1,1,1,1,1,1,1,1,1,1,1,1,1,1,7,6,7,1,6,6,1,6,6,5,1,4,5,6,7,4,1,4,6,2,6,2,2,6,6,6,1,1,1,1,1,1,1,1,1,1,1,1,1,1,1,6,1,1]"
A195MOXRMNHRVT,"""35""","""F""","""English""",0,"[3,11,19,27,35,45,53,61,66,74,82,90,98,112,120,128,136,144,146,154,162,170,176,184,192,200,208,218,226,234,237,245,253,261,269,279,287,295,308,316,324,332,340,344,352,360,368,376,386,394,402,410,418,426,434,442,452,460,468]","[57,1,56,39,49,38,47,50,13,32,25,44,10,27,11,20,3,7,51,59,29,28,4,12,16,9,24,19,30,55,53,34,52,17,23,22,14,36,58,48,46,45,15,2,6,8,33,42,31,21,37,40,18,35,5,43,26,41,54]","[2,1,3,4,2,4,2,4,2,1,2,1,5,1,1,1,1,1,1,1,1,1,1,1,1,1,1,1,1,1,3,3,3,1,1,1,1,1,1,1,1,1,1,1,5,4,1,1,4,2,1,1,4,1,2,1,1,1,1]","[2,1,7,2,2,2,2,4,2,1,2,1,2,7,7,7,7,7,7,7,7,6,7,7,7,7,7,7,7,7,7,6,7,7,3,7,7,7,7,4,7,1,7,2,2,2,1,1,7,2,2,1,4,2,2,1,7,1,1]"
A3STCVMPH67K5Q,"""35""","""F""","""english""",1,"[4,12,20,28,36,46,54,62,67,75,83,91,99,113,121,129,137,145,147,155,163,177,185,193,201,209,211,219,227,235,238,246,254,262,270,280,288,296,301,309,317,325,333,345,353,361,369,377,387,395,403,411,419,427,435,443,453,461,469]","[21,31,46,44,57,53,29,37,58,51,48,27,14,56,42,7,1,8,35,4,59,33,49,6,11,50,15,47,40,43,10,3,34,39,12,28,2,32,18,25,17,13,22,9,19,23,20,36,24,5,16,41,30,52,38,54,45,26,55]","[1,3,4,2,1,1,1,1,1,2,3,1,1,1,1,4,1,1,1,1,1,1,1,1,1,1,1,2,2,2,1,3,2,1,1,1,1,2,1,2,2,5,2,2,3,1,1,1,1,2,1,1,1,1,3,1,1,1,1]","[4,4,5,5,5,5,3,3,4,5,4,5,2,7,6,7,6,5,7,7,7,7,5,7,6,7,1,5,5,5,6,6,6,5,5,6,7,6,4,7,5,4,6,7,6,7,6,4,3,6,1,7,2,4,5,6,4,2,5]"
A29IAD2FNB2RNE,"""35""","""F""","""English""",1,"[4,12,20,28,36,46,54,62,67,75,83,91,99,113,121,129,137,145,147,155,163,177,185,193,201,209,211,219,227,235,238,246,254,262,270,280,288,296,301,309,317,325,333,345,353,361,369,377,387,395,403,411,419,427,435,443,453,461,469]","[22,50,11,2,36,53,15,9,27,13,48,44,51,52,54,7,58,25,32,55,20,4,43,17,57,41,30,56,47,10,34,46,6,39,5,28,14,37,12,16,42,35,3,45,40,21,38,18,19,33,29,23,26,59,8,31,24,1,49]","[4,1,5,5,5,1,1,5,3,7,1,1,1,1,1,1,1,1,1,1,1,1,1,1,1,1,1,1,1,1,4,1,1,2,1,1,4,4,4,1,1,1,1,1,2,1,1,1,1,1,1,1,1,1,5,1,1,1,1]","[1,1,2,3,7,1,1,3,1,2,1,1,1,7,7,7,7,4,7,7,7,7,7,7,7,7,1,7,7,7,7,7,5,7,4,4,7,7,4,7,7,7,5,1,1,1,1,1,1,4,1,1,1,1,2,1,3,4,7]"
A1I548TSF88TYC,"""35""","""F""","""english""",1,"[4,12,20,28,36,46,54,62,67,75,83,91,99,113,121,129,137,145,147,155,163,177,185,193,201,209,211,219,227,235,238,246,254,262,270,280,288,296,301,309,317,325,333,345,353,361,369,377,387,395,403,411,419,427,435,443,453,461,469]","[35,34,57,30,53,14,54,46,22,41,43,49,59,12,44,2,37,1,28,40,32,16,29,55,48,45,39,25,27,13,7,58,20,36,24,6,52,5,21,17,31,9,15,10,38,50,56,47,33,18,4,19,3,42,51,8,11,26,23]","[5,3,6,6,1,3,1,6,4,1,1,1,5,1,1,1,1,1,1,1,1,1,1,1,2,1,1,1,1,1,1,1,1,6,1,1,1,1,1,1,1,7,1,1,5,1,1,1,1,1,1,1,1,1,1,1,1,1,1]","[7,1,1,1,1,1,1,1,1,1,1,1,1,7,7,7,7,7,7,7,7,7,7,7,1,7,1,1,1,7,1,1,3,2,7,7,7,7,5,7,1,7,3,1,1,1,1,1,1,3,1,1,1,1,1,1,1,1,1]"
AGI7DMA109R6C,"""25""","""F""","""English""",1,"[4,12,20,28,36,46,54,62,67,75,83,91,99,113,121,129,137,145,147,155,163,177,185,193,201,209,211,219,227,235,238,246,254,262,270,280,288,296,301,309,317,325,333,345,353,361,369,377,387,395,403,411,419,427,435,443,453,461,469]","[51,3,33,16,49,9,8,15,12,52,22,7,19,27,5,26,13,14,4,43,20,31,35,41,28,32,53,6,17,37,50,2,59,47,10,23,39,18,38,24,1,57,56,54,42,36,55,40,21,46,30,58,11,25,44,45,29,34,48]","[5,6,5,5,1,4,5,5,6,1,5,1,3,1,2,3,1,1,5,1,1,1,4,1,3,1,1,1,3,1,5,5,1,3,5,1,5,4,1,1,5,2,1,1,1,1,1,1,1,1,1,1,1,1,1,1,1,1,1]","[6,2,3,3,1,2,2,3,2,1,2,1,2,7,6,5,7,7,6,6,7,7,7,3,5,7,1,7,3,3,6,5,2,6,5,3,6,3,3,6,3,3,4,2,2,1,2,1,1,5,1,3,2,3,2,1,1,3,6]"
A3H2NSZ2WLPA5D,"""35""","""F""","""English""",1,"[4,12,20,28,36,46,54,62,67,75,83,91,99,113,121,129,137,145,147,155,163,177,185,193,201,209,211,219,227,235,238,246,254,262,270,280,288,296,301,309,317,325,333,345,353,361,369,377,387,395,403,411,419,427,435,443,453,461,469]","[54,16,51,46,32,29,17,57,12,35,45,33,6,20,13,25,36,28,26,58,43,18,55,22,37,24,52,1,50,7,9,19,14,3,2,5,11,23,49,30,56,10,34,15,31,40,21,27,48,59,4,47,42,8,39,53,44,38,41]","[5,4,1,6,1,5,4,1,2,1,5,1,1,1,1,1,1,1,1,1,1,1,1,1,1,1,1,1,1,1,1,1,4,5,3,1,3,5,1,1,1,1,1,1,1,1,1,2,1,1,5,1,1,1,1,1,1,1,1]","[4,7,7,6,4,3,6,7,4,4,6,1,3,7,6,5,6,7,7,7,7,7,7,7,5,4,1,5,7,7,5,6,7,5,4,4,7,6,1,6,1,5,1,2,5,1,7,4,1,7,6,7,2,7,1,7,1,2,7]"
A2BNOEYZ3VRW2R,"""65""","""F""","""english""",1,"[4,12,20,28,36,46,54,62,67,75,83,91,99,113,121,129,137,145,147,155,163,177,185,193,201,209,211,219,227,235,238,246,254,262,270,280,288,296,301,309,317,325,333,345,353,361,369,377,387,395,403,411,419,427,435,443,453,461,469]","[37,28,7,15,18,43,40,19,42,13,52,47,35,32,44,46,20,14,31,33,4,58,45,5,16,59,2,3,22,50,36,9,57,1,23,30,48,29,51,38,17,39,27,53,25,8,11,55,41,21,54,10,56,26,12,24,34,49,6]","[5,5,5,5,5,3,4,5,2,1,1,1,1,1,1,1,1,1,1,1,1,1,1,1,1,1,1,1,1,1,5,1,2,5,3,1,1,4,1,1,1,1,1,1,2,1,1,1,1,1,1,1,1,1,1,1,1,1,1]","[7,1,1,1,1,1,1,1,1,1,1,1,1,1,7,7,7,7,7,7,7,7,7,7,7,7,1,7,7,7,7,7,1,7,7,2,7,7,7,7,7,7,7,1,1,1,1,1,1,7,1,1,1,7,1,1,1,1,1]"
A16RAPF09VVPIZ,"""25""","""M""","""English""",1,"[4,12,20,28,36,46,54,62,67,75,83,91,99,113,121,129,137,145,147,155,163,177,185,193,201,209,211,219,227,235,238,246,254,262,270,280,288,296,301,309,317,325,333,345,353,361,369,377,387,395,403,411,419,427,435,443,453,461,469]","[48,31,53,56,3,45,28,58,39,29,27,46,2,41,36,14,12,15,35,34,18,44,52,19,10,23,26,21,47,13,42,33,4,7,6,17,57,25,51,50,49,37,22,5,43,24,9,20,59,32,1,8,54,55,40,30,16,38,11]","[2,6,6,6,1,5,3,4,6,7,3,1,3,1,1,2,1,1,1,1,1,1,1,1,1,1,1,1,1,1,1,1,1,1,3,1,1,1,1,4,2,5,1,1,1,5,1,3,3,1,3,1,4,1,2,2,3,1,1]","[6,2,1,1,1,1,1,1,1,2,1,7,1,7,7,7,7,7,7,7,7,7,7,7,7,7,1,6,7,7,7,7,2,4,7,7,7,7,5,7,7,7,7,1,5,1,7,1,1,7,1,7,1,7,1,1,1,1,7]"
A2S4N52QRYJ1TB,"""35""","""M""","""English""",1,"[4,12,20,28,36,46,54,62,67,75,83,91,99,113,121,129,137,145,147,155,163,177,185,193,201,209,211,219,227,235,238,246,254,262,270,280,288,296,301,309,317,325,333,345,353,361,369,377,387,395,403,411,419,427,435,443,453,461,469]","[2,41,57,53,23,26,21,46,44,5,29,30,49,34,43,58,9,52,11,28,45,19,27,36,22,54,39,16,1,47,59,3,15,12,13,10,33,40,31,50,35,20,51,56,32,18,8,38,4,42,7,25,17,37,6,24,48,14,55]","[2,3,3,2,1,1,4,1,1,1,1,1,1,1,1,1,1,1,1,1,1,1,1,1,1,1,1,1,1,1,1,1,1,1,1,1,1,1,1,1,1,2,1,1,1,1,1,1,1,1,1,1,1,1,1,1,1,1,1]","[6,1,1,1,1,1,1,1,1,1,1,1,1,7,3,7,6,7,7,7,7,7,7,7,7,7,1,5,5,7,7,7,1,2,4,7,7,7,7,2,7,7,6,1,1,7,7,1,1,4,1,7,1,1,4,1,1,1,7]"
A1JI9MNCFUSI,"""45""","""F""","""English""",1,"[4,12,20,28,36,46,54,62,67,75,83,91,99,113,121,129,137,145,147,155,163,177,185,193,201,209,211,219,227,235,238,246,254,262,270,280,288,296,301,309,317,325,333,345,353,361,369,377,387,395,403,411,419,427,435,443,453,461,469]","[39,52,50,16,19,30,14,9,17,15,1,44,48,8,28,20,24,49,31,32,3,12,58,47,54,46,59,5,25,57,27,18,29,38,55,21,7,51,36,13,34,35,11,45,2,56,6,23,37,33,26,41,43,22,40,10,53,4,42]","[1,6,6,1,1,6,1,1,1,1,1,1,1,1,1,1,1,1,1,1,1,1,1,1,1,1,1,1,1,1,1,1,1,1,1,1,1,1,1,1,1,4,1,1,1,4,1,5,1,1,5,1,1,1,1,1,6,1,1]","[7,1,1,1,1,1,1,1,1,1,1,5,1,7,7,7,7,7,7,7,7,7,7,7,6,7,1,4,7,7,7,7,7,5,1,7,4,7,7,7,7,1,7,1,1,1,1,1,1,7,1,7,1,7,1,1,1,1,1]"
A2VE5IV9OD2SK1,"""35""","""M""","""English""",1,"[4,12,20,28,36,46,54,62,67,75,83,91,99,113,121,129,137,145,147,155,163,177,185,193,201,209,211,219,227,235,238,246,254,262,270,280,288,296,301,309,317,325,333,345,353,361,369,377,387,395,403,411,419,427,435,443,453,461,469]","[20,9,43,34,41,16,42,54,51,39,48,29,52,25,49,55,8,50,32,44,56,14,38,57,23,47,26,4,30,19,45,1,13,15,12,28,58,11,2,59,33,53,24,7,35,18,3,36,6,31,22,21,27,10,5,40,17,46,37]","[7,4,4,6,6,6,1,3,2,1,2,2,3,1,1,1,1,1,1,1,3,1,1,1,2,1,1,1,1,1,2,2,5,6,4,1,2,4,2,1,1,2,1,3,3,3,1,2,3,1,2,2,1,1,2,2,4,1,4]","[7,4,4,7,7,6,4,4,2,4,2,2,3,7,7,4,6,7,7,7,2,4,4,4,2,7,1,4,4,1,2,7,6,6,3,4,2,4,2,4,7,5,4,1,2,2,1,2,1,4,2,1,1,1,1,2,4,1,5]"
A27RWHP3EDWPU4,"""17""","""M""","""English""",2,"[5,13,21,29,37,47,55,63,68,76,84,92,100,106,114,122,130,138,148,156,164,178,186,194,202,210,212,220,228,239,247,255,263,271,281,289,297,302,310,318,326,334,346,354,362,370,378,388,396,404,412,420,428,436,444,446,454,462,470]","[29,30,10,36,35,40,49,31,6,53,14,11,28,39,24,22,27,42,13,41,19,34,55,3,4,50,8,44,26,23,43,45,12,59,21,37,20,5,46,54,18,56,7,1,47,38,57,58,52,17,32,16,25,33,15,9,2,51,48]","[6,3,6,5,3,3,6,5,5,2,3,3,3,2,1,2,1,1,2,2,3,2,1,3,2,1,2,3,2,2,5,3,2,2,4,2,1,3,3,2,2,2,2,2,1,5,3,1,2,3,3,6,1,2,3,4,4,5,2]","[4,4,4,3,3,3,4,4,3,2,4,3,4,6,6,6,6,7,6,6,5,7,7,6,6,7,6,6,5,4,6,5,6,6,5,6,6,6,6,4,6,5,2,6,4,3,6,3,2,3,4,4,3,3,4,2,3,4,4]"
A3PHLJCFOXAH2X,"""35""","""F""","""english""",2,"[5,13,21,29,37,47,55,63,68,76,84,92,100,106,114,122,130,138,148,156,164,178,186,194,202,210,212,220,228,239,247,255,263,271,281,289,297,302,310,318,326,334,346,354,362,370,378,388,396,404,412,420,428,436,444,446,454,462,470]","[42,19,13,7,32,37,18,31,48,41,26,3,59,54,25,22,43,30,57,47,8,1,55,51,44,4,56,39,23,53,29,24,16,40,9,28,21,33,15,49,2,11,58,52,35,20,27,12,50,10,45,17,14,46,36,34,6,5,38]","[5,4,6,4,4,4,1,4,3,4,2,3,2,2,2,2,3,2,2,2,2,3,2,2,2,2,2,4,2,4,4,4,5,3,4,4,2,5,2,2,2,3,2,2,2,4,3,2,2,5,2,2,2,2,2,4,3,2,4]","[3,2,2,1,1,3,1,4,2,1,2,1,3,4,2,4,4,5,5,5,5,5,5,5,4,4,5,4,5,4,4,4,2,3,2,4,5,5,2,2,5,3,2,4,2,2,3,1,2,2,2,2,1,2,2,2,1,4,2]"
AMCSPVT5REPA7,"""65""","""F""","""English""",2,"[5,13,21,29,37,47,55,63,68,76,84,92,100,106,114,122,130,138,148,156,164,178,186,194,202,210,212,220,228,239,247,255,263,271,281,289,297,302,310,318,326,334,346,354,362,370,378,388,396,404,412,420,428,436,444,446,454,462,470]","[19,47,51,50,16,9,27,44,35,32,21,17,12,24,36,42,3,7,10,39,53,30,13,2,14,34,43,29,23,37,15,26,56,48,4,46,11,20,8,6,49,28,1,54,22,45,40,52,25,55,38,5,41,58,18,59,33,57,31]","[7,7,7,7,7,5,7,7,7,1,7,7,6,1,1,1,1,1,1,1,1,1,1,1,1,1,1,1,1,7,6,7,5,1,6,1,6,1,1,4,4,1,4,1,1,7,7,1,3,1,6,6,7,7,7,1,3,6,1]","[1,2,1,1,1,1,1,2,1,1,1,1,1,7,2,7,7,7,7,7,7,1,7,7,3,7,7,2,7,5,5,5,2,1,1,7,5,5,7,1,7,2,1,1,1,3,1,1,1,1,1,1,1,1,1,1,1,1,1]"
A1433R46IE0LRD,"""25""","""M""","""English""",2,"[5,13,21,29,37,47,55,63,68,76,84,92,100,106,114,122,130,138,148,156,164,178,186,194,202,210,212,220,228,239,247,255,263,271,281,289,297,302,310,318,326,334,346,354,362,370,378,388,396,404,412,420,428,436,444,446,454,462,470]","[43,49,24,25,55,39,31,1,47,2,41,36,37,46,21,45,23,19,26,13,16,5,59,42,44,27,20,11,54,6,18,53,52,17,9,7,14,12,51,22,8,48,10,3,56,4,33,29,34,58,15,50,40,32,30,28,35,38,57]","[2,1,1,2,5,1,4,4,1,1,1,1,1,1,1,1,1,1,1,1,1,1,1,1,1,1,1,1,1,4,4,2,1,1,3,1,3,1,3,2,1,1,1,1,1,1,3,1,1,1,1,1,1,1,1,1,1,1,1]","[5,2,2,2,4,2,2,6,2,2,2,2,1,7,7,7,7,7,7,7,7,7,7,7,7,6,7,5,7,1,7,7,7,6,7,7,7,7,7,6,7,7,2,2,4,3,5,2,2,1,2,2,1,6,2,1,2,2,2]"
A2435B8QRN44R9,"""25""","""M""","""English""",2,"[5,13,21,29,37,47,55,63,68,76,84,92,100,106,114,122,130,138,148,156,164,178,186,194,202,210,212,220,228,239,247,255,263,271,281,289,297,302,310,318,326,334,346,354,362,370,378,388,396,404,412,420,428,436,444,446,454,462,470]","[16,54,1,58,26,34,38,30,45,39,18,20,37,47,49,46,36,27,53,6,8,10,52,32,55,3,5,15,43,59,50,51,13,29,12,11,14,9,25,17,48,2,21,41,4,42,24,7,23,56,40,57,22,19,31,28,35,33,44]","[4,4,3,5,4,3,1,7,3,1,3,2,1,1,1,1,1,1,1,1,1,1,1,1,1,1,1,1,1,3,3,4,2,1,2,2,1,3,2,5,1,1,2,1,1,2,1,1,1,1,2,1,2,3,2,1,1,1,1]","[3,3,3,3,1,3,1,4,1,1,3,1,2,3,5,6,5,4,6,7,5,4,6,4,4,4,4,1,1,1,2,3,4,4,3,1,4,6,2,3,3,1,4,1,4,1,1,6,1,1,1,1,1,2,3,1,1,1,1]"
AX0X57YLWLQK4,"""25""","""M""","""English""",2,"[5,13,21,29,37,47,55,63,68,76,84,92,100,106,114,122,130,138,148,156,164,178,186,194,202,210,212,220,228,239,247,255,263,271,281,289,297,302,310,318,326,334,346,354,362,370,378,388,396,404,412,420,428,436,444,446,454,462,470]","[21,23,8,55,59,26,9,32,5,20,4,57,31,30,42,19,56,43,29,51,27,28,6,17,39,58,44,47,38,35,49,14,46,7,37,22,12,25,40,48,33,45,11,3,41,10,54,34,15,24,16,2,13,53,36,18,50,1,52]","[4,3,4,3,2,2,1,3,3,1,4,1,2,1,1,1,1,1,1,1,1,1,1,1,1,1,1,1,1,1,1,1,4,1,1,1,1,3,1,1,1,1,1,1,1,1,2,1,1,7,2,2,2,1,1,1,1,2,1]","[6,6,6,6,5,5,3,6,3,5,4,5,6,7,7,7,7,7,7,7,7,7,5,7,7,7,7,7,7,4,7,7,7,7,7,7,7,7,7,7,7,7,4,5,5,5,6,5,4,4,5,5,5,5,5,2,5,5,5]"
A77ZIC3UR0UL4,"""35""","""M""","""English""",2,"[5,13,21,29,37,47,55,63,68,76,84,92,100,106,114,122,130,138,148,156,164,178,186,194,202,210,212,220,228,239,247,255,263,271,281,289,297,302,310,318,326,334,346,354,362,370,378,388,396,404,412,420,428,436,444,446,454,462,470]","[7,15,56,58,34,22,21,35,33,50,6,14,53,25,3,39,45,9,2,29,10,4,47,26,51,59,43,11,13,20,27,52,12,23,42,46,30,17,41,38,37,54,44,5,31,32,55,36,1,16,19,8,57,24,49,48,18,40,28]","[7,5,6,6,7,4,6,7,5,6,7,7,3,5,3,6,5,6,5,3,4,5,4,1,7,6,3,5,2,5,7,4,3,6,7,6,7,6,6,4,6,6,6,6,4,6,6,6,4,5,4,6,7,4,7,7,2,6,5]","[5,1,4,6,1,1,1,1,1,4,6,5,6,2,5,3,6,3,5,5,6,7,5,7,1,4,5,2,7,3,4,5,6,4,6,5,2,3,4,5,4,5,4,2,5,1,4,3,1,4,2,3,5,2,1,3,7,4,1]"
A80X2FTFDSR19,"""35""","""F""","""English""",2,"[5,13,21,29,37,47,55,63,68,76,84,92,100,106,114,122,130,138,148,156,164,178,186,194,202,210,212,220,228,239,247,255,263,271,281,289,297,302,310,318,326,334,346,354,362,370,378,388,396,404,412,420,428,436,444,446,454,462,470]","[47,45,22,51,18,58,12,23,52,9,39,29,54,53,28,6,34,56,37,50,36,16,43,59,14,44,10,20,31,46,27,13,40,21,26,3,15,8,42,49,7,24,1,32,35,57,17,55,2,33,41,25,30,4,38,48,11,19,5]","[7,7,6,7,7,7,7,6,6,6,7,5,6,1,2,1,1,1,1,1,1,2,1,1,1,1,1,4,1,7,6,7,7,1,7,1,1,4,1,6,1,1,1,1,3,1,7,3,1,1,6,6,1,4,5,1,4,6,1]","[6,7,1,5,2,3,2,2,4,3,4,2,4,7,3,7,2,7,6,7,7,7,7,7,7,6,7,5,7,5,4,2,7,7,3,6,6,6,4,6,7,6,5,3,2,6,1,4,1,2,3,4,1,2,3,1,1,2,1]"
A2EXMUJYR843HT,"""25""","""F""","""English""",2,"[5,13,21,29,37,47,55,63,68,76,84,92,100,106,114,122,130,138,148,156,164,178,186,194,202,210,212,220,228,239,247,255,263,271,281,289,297,302,310,318,326,334,346,354,362,370,378,388,396,404,412,420,428,436,444,446,454,462,470]","[53,1,2,10,44,59,31,27,18,46,58,25,51,39,49,9,45,20,57,37,43,13,54,23,19,5,4,36,6,38,11,26,52,28,3,17,12,40,47,16,21,14,22,33,30,55,8,41,48,34,42,29,32,50,56,35,7,15,24]","[4,4,2,5,5,3,1,4,2,1,2,2,1,1,1,1,1,1,1,1,1,1,1,1,1,1,1,1,1,2,1,4,4,1,1,1,1,1,1,2,1,1,1,1,1,1,1,1,1,1,1,1,1,1,1,1,1,1,1]","[6,5,1,3,3,2,1,5,2,2,2,1,4,7,7,7,7,7,6,7,7,7,7,7,7,7,7,5,7,4,6,7,7,7,5,6,7,7,7,5,6,5,6,6,3,3,3,2,2,2,2,2,3,2,3,1,1,2,2]"
A1CBG485M6HD11,"""35""","""M""","""english""",2,"[5,13,21,29,37,47,55,63,68,76,84,92,100,106,114,122,130,138,148,156,164,178,186,194,202,210,212,220,228,239,247,255,263,271,281,289,297,302,310,318,326,334,346,354,362,370,378,388,396,404,412,420,428,436,444,446,454,462,470]","[35,19,49,42,18,36,27,17,5,33,9,53,15,48,12,46,20,56,22,10,44,54,6,16,7,13,26,1,47,31,45,3,52,14,41,55,25,2,30,38,4,29,23,50,57,43,32,40,11,8,21,34,51,59,58,39,24,37,28]","[4,7,4,1,5,2,1,4,6,5,6,1,1,1,1,1,1,1,1,1,1,1,1,1,1,1,1,4,1,1,1,6,2,1,1,1,1,3,1,1,6,1,1,1,1,1,3,1,1,7,1,1,1,1,1,1,1,1,1]","[4,7,1,1,5,3,1,6,3,1,1,1,1,7,1,7,7,5,6,7,7,7,7,7,7,6,7,1,7,1,7,3,6,7,7,7,7,3,4,1,3,6,4,7,1,5,2,1,1,1,1,1,1,1,1,1,1,1,1]"
A2MG7AHPXYGJF3,"""45""","""F""","""English""",3,"[6,14,22,30,38,48,56,64,69,77,85,93,101,107,115,123,131,139,149,157,165,171,179,187,195,203,213,221,229,240,248,256,264,272,282,290,298,303,311,319,327,335,347,355,363,371,379,381,389,397,405,413,421,429,437,445,447,455,463]","[53,59,49,27,31,29,13,56,35,58,48,15,30,39,16,10,41,23,33,22,32,38,14,11,26,9,42,12,7,24,43,47,21,37,36,50,54,5,34,25,51,44,18,20,28,40,1,57,4,19,46,8,3,6,45,17,2,52,55]","[4,4,5,6,4,3,5,6,1,3,2,4,4,1,1,1,1,1,2,2,1,1,1,1,1,3,2,1,1,6,5,5,4,4,5,3,7,1,3,2,1,1,1,1,4,2,2,2,1,3,1,3,4,2,2,5,2,1,1]","[7,1,1,2,7,1,2,2,1,2,1,2,1,7,6,2,7,7,7,7,7,7,3,7,7,4,7,7,5,2,7,4,7,7,7,7,7,2,4,3,7,4,1,1,1,1,1,2,2,1,1,1,1,2,1,1,1,1,1]"
A3AEPLSZ0B3KEZ,"""25""","""F""","""English""",3,"[6,14,22,30,38,48,56,64,69,77,85,93,101,107,115,123,131,139,149,157,165,171,179,187,195,203,213,221,229,240,248,256,264,272,282,290,298,303,311,319,327,335,347,355,363,371,379,381,389,397,405,413,421,429,437,445,447,455,463]","[24,38,57,31,58,32,39,13,48,27,16,33,18,36,55,54,40,1,42,23,7,3,37,5,12,22,14,8,46,21,44,25,10,47,53,28,11,6,45,19,35,4,29,56,17,50,30,49,26,59,15,9,52,51,34,41,2,43,20]","[1,6,6,5,7,4,5,7,1,5,7,2,3,1,1,1,1,1,1,1,1,1,1,1,1,1,1,2,1,7,7,5,7,1,5,4,7,5,3,3,1,5,3,3,3,1,5,7,2,2,6,6,6,2,6,1,3,4,6]","[5,2,6,6,4,5,6,1,4,2,3,5,1,7,7,7,7,7,1,7,7,7,2,7,7,7,7,7,7,4,3,7,1,6,2,6,4,2,7,3,5,1,4,4,3,5,2,1,4,4,2,1,2,4,2,6,4,3,3]"
A21VX2GK334C0J,"""25""","""F""","""English""",3,"[6,14,22,30,38,48,56,64,69,77,85,93,101,107,115,123,131,139,149,157,165,171,179,187,195,203,213,221,229,240,248,256,264,272,282,290,298,303,311,319,327,335,347,355,363,371,379,381,389,397,405,413,421,429,437,445,447,455,463]","[47,4,11,52,34,51,10,57,43,46,49,27,2,17,50,54,20,5,56,9,37,35,26,30,19,39,24,59,14,23,45,41,1,8,15,12,48,58,25,42,31,18,53,13,36,3,21,55,22,33,29,16,40,7,32,6,28,44,38]","[2,6,5,3,4,3,5,6,3,3,3,4,5,1,1,1,1,1,1,1,1,1,2,1,1,1,1,3,1,5,5,4,4,3,5,1,4,3,1,3,1,1,1,1,2,4,2,3,2,4,3,4,4,2,3,5,1,2,3]","[3,6,5,3,4,3,4,3,3,3,3,3,3,4,7,7,4,7,5,7,7,7,2,7,4,7,7,3,7,5,3,5,5,3,2,7,3,3,4,3,4,1,1,7,3,7,1,3,2,3,3,2,3,2,4,1,3,2,3]"
AS5V4YVKJL7SH,"""35""","""F""","""english""",3,"[6,14,22,30,38,48,56,64,69,77,85,93,101,107,115,123,131,139,149,157,165,171,179,187,195,203,213,221,229,240,248,256,264,272,282,290,298,303,311,319,327,335,347,355,363,371,379,381,389,397,405,413,421,429,437,445,447,455,463]","[23,31,39,5,48,38,2,21,20,8,26,14,41,17,49,9,13,47,25,50,16,54,56,35,27,43,51,37,45,33,30,11,46,58,57,55,12,36,24,18,7,32,4,1,44,53,6,3,22,28,10,29,15,34,19,40,52,59,42]","[1,1,1,3,3,1,3,3,1,1,1,1,1,1,1,1,1,1,1,1,1,1,1,1,1,1,1,1,1,1,1,1,1,1,1,1,1,1,1,1,1,1,1,1,1,1,1,1,1,1,1,1,1,1,1,1,1,1,1]","[7,2,2,2,7,3,3,3,2,3,2,2,1,7,7,3,4,7,7,7,7,7,4,7,1,7,3,7,2,5,2,5,6,4,3,7,2,7,4,4,4,5,2,2,2,1,3,3,1,7,2,2,2,7,1,1,1,2,2]"
A3TSHG5R492EHU,"""35""","""M""","""English""",3,"[6,14,22,30,38,48,56,64,69,77,85,93,101,107,115,123,131,139,149,157,165,171,179,187,195,203,213,221,229,240,248,256,264,272,282,290,298,303,311,319,327,335,347,355,363,371,379,381,389,397,405,413,421,429,437,445,447,455,463]","[49,51,14,39,52,27,22,54,38,42,23,29,19,6,32,24,11,9,45,44,10,53,3,16,7,40,4,48,26,31,36,41,35,33,2,13,46,59,18,21,8,5,30,56,1,17,58,50,25,57,47,28,12,34,43,37,15,20,55]","[2,1,2,4,1,4,2,3,1,2,2,4,1,1,1,2,3,4,2,1,3,2,3,1,1,1,1,3,2,4,3,1,2,2,4,1,3,2,1,2,3,4,3,1,3,1,1,1,2,1,2,3,5,4,2,4,3,1,2]","[2,1,4,5,2,1,5,3,7,5,5,2,1,7,7,4,5,7,4,7,5,2,2,7,7,7,7,2,7,6,2,7,1,6,3,7,2,2,5,5,6,7,3,1,1,7,1,7,4,1,3,1,1,2,1,2,5,7,2]"
AYG3MF094634L,"""35""","""F""","""English""",3,"[6,14,22,30,38,48,56,64,69,77,85,93,101,107,115,123,131,139,149,157,165,171,179,187,195,203,213,221,229,240,248,256,264,272,282,290,298,303,311,319,327,335,347,355,363,371,379,381,389,397,405,413,421,429,437,445,447,455,463]","[11,31,17,40,46,25,47,52,29,1,21,30,49,53,8,54,58,32,14,12,16,4,44,6,50,45,55,35,24,41,26,36,48,43,33,37,51,3,20,56,27,10,13,5,18,23,28,22,19,39,59,57,38,9,34,2,42,7,15]","[1,3,1,2,2,1,1,3,1,3,1,1,1,1,1,1,1,1,1,1,1,1,1,1,1,1,1,1,1,1,1,1,1,1,2,1,1,1,1,1,1,1,1,1,1,1,1,1,1,1,1,1,1,1,1,1,1,1,1]","[6,5,4,4,5,4,5,6,5,5,6,4,4,7,7,7,7,7,7,7,7,7,7,7,7,7,7,7,7,5,7,6,4,7,4,7,5,6,7,5,7,7,4,5,4,5,4,5,5,4,4,6,4,4,4,4,5,4,4]"
AF59ZTU1GG340,"""45""","""M""","""English""",3,"[6,14,22,30,38,48,56,64,69,77,85,93,101,107,115,123,131,139,149,157,165,171,179,187,195,203,213,221,229,240,248,256,264,272,282,290,298,303,311,319,327,335,347,355,363,371,379,381,389,397,405,413,421,429,437,445,447,455,463]","[52,34,29,11,21,31,48,28,40,55,26,53,35,59,54,22,30,27,4,19,33,56,37,12,44,47,14,43,45,5,16,38,50,18,10,1,46,42,15,51,25,58,17,32,8,49,7,3,39,23,24,57,36,2,20,13,41,6,9]","[1,1,3,1,3,1,1,3,1,1,1,1,1,1,1,1,1,1,1,1,1,1,1,1,1,1,1,1,1,2,1,1,1,1,1,1,1,1,1,1,1,1,1,1,1,1,1,1,1,1,1,1,1,1,1,1,1,1,1]","[4,4,4,3,4,4,4,4,2,4,4,4,4,4,4,5,4,7,4,7,7,4,4,7,4,4,5,5,7,1,4,4,4,4,4,3,4,4,4,4,5,4,4,4,4,2,4,7,2,2,1,4,4,4,4,4,2,4,1]"
A1I8YYP1HFCRJ4,"""25""","""F""","""English""",3,"[6,14,22,30,38,48,56,64,69,77,85,93,101,107,115,123,131,139,149,157,165,171,179,187,195,203,213,221,229,240,248,256,264,272,282,290,298,303,311,319,327,335,347,355,363,371,379,381,389,397,405,413,421,429,437,445,447,455,463]","[13,46,44,55,27,3,34,16,53,31,25,32,4,30,54,51,9,21,8,39,43,56,22,37,35,20,33,19,17,26,40,36,58,24,18,41,15,14,1,38,5,11,47,2,49,59,48,6,12,28,42,29,57,10,52,7,45,50,23]","[1,1,4,4,5,7,3,7,3,1,1,1,1,1,1,4,1,1,1,1,1,1,1,1,1,1,1,1,1,3,1,1,3,1,5,1,7,1,1,1,5,1,1,1,1,1,1,1,1,1,1,6,3,1,1,1,1,2,2]","[1,4,2,2,2,1,5,7,3,3,1,3,1,7,6,4,7,7,7,7,7,6,1,7,5,7,7,5,6,2,5,7,2,6,7,7,7,7,1,7,2,7,1,7,1,2,1,1,1,2,3,7,2,7,1,1,1,6,6]"
A1FGHYHJB17C82,"""35""","""F""","""English""",3,"[6,14,22,30,38,48,56,64,69,77,85,93,101,107,115,123,131,139,149,157,165,171,179,187,195,203,213,221,229,240,248,256,264,272,282,290,298,303,311,319,327,335,347,355,363,371,379,381,389,397,405,413,421,429,437,445,447,455,463]","[36,51,29,7,49,35,47,42,20,23,38,14,5,52,39,55,9,45,10,53,56,59,37,26,32,8,4,58,27,48,54,41,50,46,12,17,13,24,25,16,57,44,2,43,33,11,1,18,22,28,6,30,31,15,34,19,21,3,40]","[1,4,5,6,5,5,5,5,4,3,1,1,1,1,1,1,2,1,1,1,1,1,1,1,1,1,1,1,1,1,1,1,3,1,5,1,3,1,1,1,1,1,1,1,2,1,3,3,1,3,4,1,1,3,1,1,1,2,1]","[6,2,7,4,2,2,2,3,2,1,2,3,1,4,7,7,6,7,7,7,7,7,4,7,7,7,5,7,4,1,5,7,1,6,4,7,5,7,6,3,6,7,3,1,2,2,1,4,2,2,3,1,1,4,1,2,2,1,2]"
A2BZEN4BBQE4OI,"""25""","""F""","""English""",3,"[6,14,22,30,38,48,56,64,69,77,85,93,101,107,115,123,131,139,149,157,165,171,179,187,195,203,213,221,229,240,248,256,264,272,282,290,298,303,311,319,327,335,347,355,363,371,379,381,389,397,405,413,421,429,437,445,447,455,463]","[4,7,29,14,53,41,38,49,22,45,48,26,43,57,58,44,25,16,40,2,54,27,5,13,59,19,50,35,24,39,32,17,18,30,6,11,51,31,8,52,12,47,36,37,33,3,55,10,28,46,1,15,9,34,23,21,20,42,56]","[4,5,5,1,6,4,2,2,1,2,2,1,1,1,1,1,1,1,4,1,1,1,1,1,1,1,1,1,1,1,1,1,2,1,5,1,6,1,1,1,1,1,1,1,1,1,1,1,1,4,4,1,1,1,1,1,1,1,3]","[1,1,7,1,7,2,1,1,1,2,1,1,1,7,7,4,7,7,7,7,7,7,7,7,7,7,7,7,7,7,7,7,7,7,2,7,7,7,7,7,7,7,1,1,1,1,1,1,1,1,2,2,1,2,2,1,1,1,1]"
A2AB9WEOEPG7WR,"""35""","""F""","""English""",3,"[6,14,22,30,38,48,56,64,69,77,85,93,101,107,115,123,131,139,149,157,165,171,179,187,195,203,213,221,229,240,248,256,264,272,282,290,298,303,311,319,327,335,347,355,363,371,379,381,389,397,405,413,421,429,437,445,447,455,463]","[12,45,21,31,39,35,10,27,40,3,38,34,17,23,14,33,4,50,8,18,16,47,11,30,51,56,32,57,55,58,1,2,19,59,5,6,49,22,28,7,54,46,41,20,26,25,29,9,24,15,37,43,13,36,53,52,42,44,48]","[6,5,6,5,5,6,1,7,5,1,1,5,1,1,1,1,5,1,1,1,1,1,1,1,1,1,2,4,1,5,1,2,6,5,1,1,5,4,4,1,4,1,5,5,6,1,1,1,6,1,5,4,1,4,5,5,6,4,4]","[3,1,3,2,2,1,1,1,1,1,1,1,1,6,6,2,4,5,5,5,4,2,2,7,7,7,4,4,5,1,2,4,5,4,1,6,1,4,2,1,2,1,1,1,2,1,4,1,1,1,1,1,1,2,1,1,1,4,1]"
ACE59SDLLK0NS,"""45""","""F""","""english""",3,"[6,14,22,30,38,48,56,64,69,77,85,93,101,107,115,123,131,139,149,157,165,171,179,187,195,203,213,221,229,240,248,256,264,272,282,290,298,303,311,319,327,335,347,355,363,371,379,381,389,397,405,413,421,429,437,445,447,455,463]","[19,44,23,26,17,42,51,1,15,22,33,18,16,11,7,10,50,34,56,31,32,24,6,38,59,37,4,55,28,27,14,9,49,20,29,25,52,5,46,36,58,13,45,40,57,30,3,21,43,12,35,2,8,39,54,41,53,48,47]","[1,6,6,4,1,2,2,2,4,1,1,2,3,1,1,1,1,2,1,1,1,1,1,1,1,1,1,1,4,5,3,5,1,1,3,2,1,1,1,2,1,1,1,1,1,1,1,1,3,1,2,1,1,1,2,1,1,1,1]","[1,4,3,3,1,6,2,1,3,1,3,1,3,4,2,5,7,7,2,1,6,2,4,7,3,5,7,5,4,2,2,7,1,1,2,7,1,4,7,4,1,1,5,7,6,2,1,1,1,1,2,1,1,2,2,1,4,1,1]"
ALOO8HTSM57UZ,"""25""","""M""","""english""",3,"[6,14,22,30,38,48,56,64,69,77,85,93,101,107,115,123,131,139,149,157,165,171,179,187,195,203,213,221,229,240,248,256,264,272,282,290,298,303,311,319,327,335,347,355,363,371,379,381,389,397,405,413,421,429,437,445,447,455,463]","[57,43,46,27,21,41,56,30,35,4,5,18,32,31,59,20,11,48,10,38,49,51,52,42,39,16,7,17,58,3,50,25,45,1,15,44,53,47,33,36,54,37,14,22,55,2,6,40,34,29,24,19,8,23,28,12,9,13,26]","[1,3,4,1,2,1,4,1,2,3,2,2,1,1,3,2,2,1,2,1,1,1,1,1,1,2,2,2,1,2,4,2,3,3,2,1,5,2,1,2,2,1,1,2,1,1,2,1,1,1,1,1,2,1,3,2,2,2,1]","[1,1,4,1,4,1,3,1,2,1,1,1,1,5,5,6,6,7,5,5,7,5,5,7,5,5,6,5,5,2,3,4,2,5,1,4,3,3,6,4,4,1,1,1,1,5,1,1,1,1,1,1,1,1,1,1,1,1,1]"
A1FIY55XZLEFTT,"""35""","""F""","""english""",4,"[7,15,23,31,39,41,49,57,65,70,78,86,94,102,108,116,124,132,140,150,158,166,172,180,188,196,204,214,222,230,241,249,257,265,273,283,291,299,304,312,320,328,336,348,356,364,372,380,382,390,398,406,414,422,430,438,448,456,464]","[7,45,14,23,39,20,2,27,3,40,44,6,11,52,10,8,56,41,21,32,35,36,17,53,31,51,13,37,9,42,16,49,54,25,29,47,4,59,50,38,57,55,48,26,58,5,28,33,1,22,30,18,46,12,24,43,15,19,34]","[4,1,5,1,5,1,5,1,3,1,1,1,1,1,1,1,1,1,1,1,1,1,1,1,1,1,1,1,1,1,1,1,1,1,5,1,2,1,1,1,1,1,1,1,1,1,1,1,4,1,1,1,1,1,1,1,1,1,1]","[4,1,2,3,2,3,5,1,4,2,1,2,3,2,6,6,6,6,2,6,6,6,7,6,6,5,6,6,6,6,1,6,5,6,2,6,6,4,4,6,6,6,6,1,2,3,6,2,1,5,1,1,2,1,2,2,2,1,1]"
A3QV664FTK66QI,"""65""","""M""","""English""",4,"[7,15,23,31,39,41,49,57,65,70,78,86,94,102,108,116,124,132,140,150,158,166,172,180,188,196,204,214,222,230,241,249,257,265,273,283,291,299,304,312,320,328,336,348,356,364,372,380,382,390,398,406,414,422,430,438,448,456,464]","[28,36,34,40,33,52,6,35,45,47,7,31,39,27,14,48,32,58,20,25,4,5,10,42,54,16,46,18,38,26,1,55,2,57,49,13,11,12,41,3,24,53,19,43,29,8,44,59,22,17,30,50,56,9,21,37,51,15,23]","[5,5,6,5,4,1,5,4,5,1,4,1,1,1,1,1,1,1,1,1,1,1,1,1,1,1,1,1,1,1,5,1,1,1,4,1,1,5,2,5,2,1,4,1,1,1,1,1,1,5,1,1,1,2,1,3,1,1,1]","[6,5,7,5,3,1,4,4,5,1,4,1,1,1,7,1,7,7,6,7,7,5,7,6,7,7,7,7,7,7,2,7,7,5,3,6,6,4,2,5,6,7,7,1,1,1,1,1,1,7,1,1,1,1,1,1,1,1,1]"
A11Y0MK2O2IWFL,"""25""","""M""","""English""",4,"[7,15,23,31,39,41,49,57,65,70,78,86,94,102,108,116,124,132,140,150,158,166,172,180,188,196,204,214,222,230,241,249,257,265,273,283,291,299,304,312,320,328,336,348,356,364,372,380,382,390,398,406,414,422,430,438,448,456,464]","[56,38,10,30,57,24,4,43,50,54,44,9,29,12,41,39,18,28,55,49,47,48,1,45,11,15,32,19,40,17,7,2,26,14,21,59,42,33,8,31,23,6,36,52,5,34,51,3,46,27,16,58,13,53,37,35,25,20,22]","[1,3,1,3,2,3,3,3,2,1,2,1,1,1,2,1,1,1,1,1,1,1,1,1,1,1,1,1,1,1,1,3,1,1,3,1,1,1,1,1,1,1,1,1,1,1,1,1,1,1,1,1,1,1,1,1,1,1,1]","[5,4,6,6,5,5,5,5,5,5,4,4,5,5,6,6,7,7,5,7,7,7,7,6,7,7,7,7,7,7,4,5,7,7,5,7,7,7,7,7,7,7,6,5,4,7,7,3,4,7,5,5,7,4,4,5,4,5,4]"
AGUCPLIZGKAVF,"""45""","""F""","""english""",4,"[7,15,23,31,39,41,49,57,65,70,78,86,94,102,108,116,124,132,140,150,158,166,172,180,188,196,204,214,222,230,241,249,257,265,273,283,291,299,304,312,320,328,336,348,356,364,372,380,382,390,398,406,414,422,430,438,448,456,464]","[23,56,28,29,9,41,52,54,10,44,43,50,45,12,24,33,35,5,13,19,46,51,22,25,48,6,18,15,16,26,11,20,47,30,38,37,53,3,21,55,4,27,59,17,42,31,36,57,8,1,58,39,7,34,14,40,2,49,32]","[6,4,5,6,7,4,2,2,7,2,1,2,3,6,1,1,1,1,3,1,1,1,1,1,1,2,1,1,1,1,5,1,1,1,5,1,1,1,5,3,3,1,1,4,1,2,1,1,7,1,1,1,2,3,3,2,1,1,2]","[2,3,3,3,7,3,2,2,3,1,1,2,2,5,7,1,7,7,6,7,7,7,7,7,7,7,7,7,7,7,1,7,7,7,3,7,7,6,1,7,7,7,7,1,1,1,1,1,1,6,1,1,1,1,1,2,1,1,1]"
A3NWN8CPGHKBZY,"""35""","""F""","""English""",4,"[7,15,23,31,39,41,49,57,65,70,78,86,94,102,108,116,124,132,140,150,158,166,172,180,188,196,204,214,222,230,241,249,257,265,273,283,291,299,304,312,320,328,336,348,356,364,372,380,382,390,398,406,414,422,430,438,448,456,464]","[8,4,54,38,49,3,24,26,46,56,35,22,25,50,13,36,43,52,58,1,20,30,48,34,33,2,23,53,32,40,42,10,59,57,39,7,18,37,14,15,44,51,31,11,9,6,55,16,47,29,12,45,41,28,21,19,17,27,5]","[3,1,3,1,2,1,1,1,1,1,1,1,1,1,1,1,1,1,1,1,1,1,1,1,1,1,1,1,1,1,1,1,1,1,1,1,1,1,1,1,3,1,1,1,1,1,1,1,1,1,1,1,1,1,1,1,1,1,1]","[7,3,7,1,1,1,1,1,1,1,1,1,1,1,7,7,7,7,1,7,7,7,7,7,7,7,7,7,7,4,1,1,7,4,1,7,5,7,3,1,7,5,7,1,1,7,1,1,1,1,1,1,1,1,1,1,1,1,1]"
A25XQMFEXHJTG0,"""25""","""M""","""English""",4,"[7,15,23,31,39,41,49,57,65,70,78,86,94,102,108,116,124,132,140,150,158,166,172,180,188,196,204,214,222,230,241,249,257,265,273,283,291,299,304,312,320,328,336,348,356,364,372,380,382,390,398,406,414,422,430,438,448,456,464]","[17,55,57,32,3,42,48,43,28,51,20,25,1,21,59,41,36,44,50,14,45,2,46,33,34,5,24,16,18,26,47,15,11,9,58,8,23,49,56,31,10,13,30,35,38,29,54,19,53,52,39,6,37,27,4,40,12,22,7]","[4,6,5,4,5,4,5,4,5,3,2,3,3,2,1,3,1,1,4,2,1,2,1,2,2,2,2,2,2,2,4,3,4,5,5,2,3,4,2,2,3,2,3,2,3,2,2,2,2,1,2,2,2,2,2,4,2,2,3]","[2,2,2,2,2,2,2,2,2,2,2,2,2,2,5,3,7,6,3,6,7,5,7,4,6,6,6,6,6,6,2,5,6,2,1,7,5,3,2,6,6,6,4,2,2,2,2,2,2,7,2,2,2,2,2,2,2,2,2]"
AT3HYOVRFTGNH,"""45""","""F""","""English""",4,"[7,15,23,31,39,41,49,57,65,70,78,86,94,102,108,116,124,132,140,150,158,166,172,180,188,196,204,214,222,230,241,249,257,265,273,283,291,299,304,312,320,328,336,348,356,364,372,380,382,390,398,406,414,422,430,438,448,456,464]","[3,38,52,33,31,34,48,28,57,8,49,7,32,29,43,21,26,24,56,59,35,2,42,27,53,1,14,11,50,58,37,20,41,46,12,55,44,39,25,47,6,17,51,23,13,45,54,22,36,4,16,10,5,18,40,9,30,15,19]","[7,7,4,6,6,6,1,1,5,5,4,2,1,1,1,1,1,1,6,1,1,1,1,1,1,1,1,1,1,1,6,1,5,1,6,1,1,7,1,4,2,1,1,5,1,1,5,1,1,1,1,1,1,1,1,1,4,2,2]","[5,7,4,5,2,2,1,1,3,1,2,1,2,1,7,2,7,2,7,3,2,3,7,6,5,5,7,7,5,6,2,3,7,2,3,6,3,7,1,4,5,5,6,1,1,2,2,1,1,1,1,1,1,1,1,1,1,1,1]"
A274L1FYXJVE2K,"""35""","""F""","""English""",4,"[7,15,23,31,39,41,49,57,65,70,78,86,94,102,108,116,124,132,140,150,158,166,172,180,188,196,204,214,222,230,241,249,257,265,273,283,291,299,304,312,320,328,336,348,356,364,372,380,382,390,398,406,414,422,430,438,448,456,464]","[5,16,44,30,20,53,41,9,24,32,51,55,42,56,52,1,10,28,43,39,27,12,17,46,40,58,26,15,50,8,21,54,48,23,31,25,11,37,45,47,13,14,2,49,59,3,19,18,22,38,35,36,29,33,7,57,34,4,6]","[1,2,3,1,2,2,2,1,2,1,1,1,2,1,1,1,1,1,1,1,1,1,1,1,1,1,1,1,1,1,2,2,1,2,3,1,1,1,1,1,1,1,1,1,1,1,1,1,1,2,1,1,1,1,1,1,1,1,1]","[5,7,6,5,7,7,5,6,5,5,5,5,5,5,6,4,7,7,5,7,7,7,7,7,7,7,6,7,7,7,5,7,7,7,6,7,7,7,7,7,7,7,6,4,5,6,5,5,5,5,5,5,5,5,5,5,5,6,5]"
A1E8LSJHUM61QP,"""45""","""M""","""English""",4,"[7,15,23,31,39,41,49,57,65,70,78,86,94,102,108,116,124,132,140,150,158,166,172,180,188,196,204,214,222,230,241,249,257,265,273,283,291,299,304,312,320,328,336,348,356,364,372,380,382,390,398,406,414,422,430,438,448,456,464]","[9,37,46,28,25,57,8,11,5,49,2,44,24,36,43,38,18,30,55,32,34,16,50,26,58,22,19,3,13,47,45,29,59,33,20,21,54,48,52,14,12,53,17,10,15,41,56,39,31,27,7,6,1,40,35,51,4,23,42]","[1,5,4,6,2,3,4,1,5,4,2,4,3,2,1,1,1,1,1,1,1,2,1,1,1,1,1,1,1,1,1,2,1,2,5,1,1,1,5,1,3,1,1,1,1,1,2,1,1,4,1,1,1,3,1,4,1,1,3]","[2,6,5,7,5,5,3,1,3,5,4,5,4,6,7,4,7,7,4,7,7,4,7,7,7,7,7,7,7,7,2,7,7,6,7,7,7,6,6,7,6,7,7,3,4,5,3,4,3,7,3,2,2,3,5,5,4,4,4]"
A2J6T9ELNZ97JH,"""65""","""M""","""English""",5,"[8,16,24,32,40,42,50,58,71,79,87,95,103,109,117,125,133,141,151,159,167,173,181,189,197,205,215,223,231,242,250,258,266,274,276,284,292,300,305,313,321,329,337,341,349,357,365,373,383,391,399,407,415,423,431,439,449,457,465]","[10,55,21,18,47,31,8,59,23,20,57,14,25,30,9,40,43,54,2,28,5,3,19,12,52,39,50,51,53,29,15,48,36,1,22,37,32,17,58,26,16,44,56,13,33,34,6,41,38,46,45,24,7,42,27,35,4,11,49]","[4,6,5,5,3,2,2,1,1,2,1,1,1,1,1,1,1,1,1,1,1,1,1,1,1,1,1,1,1,1,6,1,6,5,1,1,1,1,1,1,1,1,1,1,1,1,1,5,1,1,1,1,5,2,1,1,2,1,1]","[6,4,3,3,2,1,1,1,7,2,1,3,5,6,7,7,7,5,7,7,7,7,6,7,7,7,7,7,5,7,2,1,6,5,1,6,1,5,7,6,5,5,7,4,1,1,1,5,1,1,1,1,2,2,1,1,1,1,7]"
A31860N0PB3RTK,"""35""","""M""","""English""",5,"[8,16,24,32,40,42,50,58,71,79,87,95,103,109,117,125,133,141,151,159,167,173,181,189,197,205,215,223,231,242,250,258,266,274,276,284,292,300,305,313,321,329,337,341,349,357,365,373,383,391,399,407,415,423,431,439,449,457,465]","[16,56,17,52,39,37,38,24,4,45,36,55,44,9,57,26,53,59,48,54,30,50,40,3,34,18,20,1,43,33,28,31,23,5,29,6,8,41,13,32,58,51,49,46,19,7,25,2,27,10,15,42,21,47,22,11,12,14,35]","[5,3,4,3,4,2,3,4,1,2,4,2,2,2,1,1,1,1,1,1,1,1,2,2,1,1,1,1,1,1,6,5,6,4,2,2,5,1,2,1,3,2,1,1,1,2,1,3,5,2,1,1,1,2,1,1,1,2,1]","[5,5,4,4,5,5,5,4,6,5,5,5,4,6,7,7,7,7,7,7,7,7,5,5,7,7,7,4,7,7,7,5,5,6,6,3,6,6,5,6,6,3,7,6,5,2,4,3,5,3,3,5,7,5,4,2,2,3,4]"
AIPK94CUWL45W,"""25""","""F""","""english""",5,"[8,16,24,32,40,42,50,58,71,79,87,95,103,109,117,125,133,141,151,159,167,173,181,189,197,205,215,223,231,242,250,258,266,274,276,284,292,300,305,313,321,329,337,341,349,357,365,373,383,391,399,407,415,423,431,439,449,457,465]","[52,32,5,53,39,45,2,51,58,47,3,13,20,36,33,34,19,24,37,18,6,30,38,50,16,7,49,1,41,15,54,10,12,56,31,17,59,57,9,55,40,29,46,28,48,35,14,44,25,4,11,8,23,21,22,42,43,26,27]","[1,1,5,4,5,4,1,3,1,1,2,1,1,1,1,1,1,1,1,1,1,1,1,1,1,1,1,1,1,1,7,2,2,1,3,1,1,1,1,1,1,1,1,1,1,1,1,1,2,1,1,1,2,2,1,1,1,1,1]","[7,1,1,1,1,1,1,1,1,1,1,1,4,7,7,7,7,4,7,7,7,7,7,7,7,7,7,6,7,7,1,1,4,7,5,7,7,7,7,7,7,7,7,1,1,1,1,1,1,1,1,1,1,1,1,1,1,1,1]"
A1YK1P623MZGNF,"""55""","""F""","""English""",5,"[8,16,24,32,40,42,50,58,71,79,87,95,103,109,117,125,133,141,151,159,167,173,181,189,197,205,215,223,231,242,250,258,266,274,276,284,292,300,305,313,321,329,337,341,349,357,365,373,383,391,399,407,415,423,431,439,449,457,465]","[18,24,43,52,44,26,57,13,12,30,4,53,56,46,16,35,45,11,8,33,14,7,40,51,54,59,25,39,37,20,34,42,58,38,17,41,1,47,36,31,55,15,32,49,19,9,3,29,22,21,48,10,27,28,6,50,23,5,2]","[1,1,4,7,7,1,1,1,1,1,1,1,1,1,1,1,1,1,1,1,1,1,1,1,1,1,1,1,1,1,1,7,1,1,1,1,1,1,1,1,1,1,1,1,1,1,1,1,2,1,1,1,1,1,1,1,1,1,1]","[7,1,5,2,1,1,1,1,7,1,7,1,1,7,7,7,7,7,7,7,7,7,4,7,7,7,7,7,6,7,1,1,2,7,1,7,1,7,7,7,7,6,1,1,1,1,1,1,1,1,1,1,1,1,1,1,1,1,1]"
A32FEQZPN9GQ2L,"""35""","""F""","""english""",5,"[8,16,24,32,40,42,50,58,71,79,87,95,103,109,117,125,133,141,151,159,167,173,181,189,197,205,215,223,231,242,250,258,266,274,276,284,292,300,305,313,321,329,337,341,349,357,365,373,383,391,399,407,415,423,431,439,449,457,465]","[40,3,54,18,45,15,13,53,21,5,25,48,58,16,8,42,19,32,37,11,17,27,33,49,52,56,30,43,6,31,34,57,35,46,4,38,14,59,28,55,7,44,26,22,2,1,12,23,36,29,9,51,10,24,50,41,39,20,47]","[1,3,4,2,3,4,1,2,1,2,2,1,1,1,1,1,1,1,1,1,2,1,2,1,1,1,1,1,1,1,4,4,3,4,2,1,1,1,2,1,1,1,1,1,1,1,1,1,1,1,1,1,1,2,1,1,1,1,1]","[6,2,3,4,5,2,2,2,6,3,4,2,4,4,7,5,7,4,6,5,5,7,4,6,4,6,7,6,7,7,5,3,5,6,6,5,1,6,7,6,6,5,4,6,1,1,2,2,3,4,1,2,2,2,2,1,1,2,5]"
A13W5Y5FU0U951,"""45""","""F""","""English""",5,"[8,16,24,32,40,42,50,58,71,79,87,95,103,109,117,125,133,141,151,159,167,173,181,189,197,205,215,223,231,242,250,258,266,274,276,284,292,300,305,313,321,329,337,341,349,357,365,373,383,391,399,407,415,423,431,439,449,457,465]","[43,12,5,11,13,31,45,32,47,55,30,58,50,25,51,34,57,3,49,46,17,44,38,15,41,42,26,6,27,35,52,23,29,2,16,33,18,21,59,28,54,9,14,53,40,24,1,4,37,10,48,19,56,7,39,8,36,22,20]","[1,4,6,1,4,2,1,2,1,2,2,1,1,1,1,1,1,1,1,1,1,1,1,1,1,1,1,2,1,1,4,2,5,5,1,1,1,1,1,1,1,1,1,1,1,1,2,2,1,2,1,1,1,2,1,1,1,1,1]","[7,7,5,1,4,3,3,3,7,4,3,3,6,7,7,7,7,7,7,7,6,7,7,7,7,7,7,7,7,7,7,6,7,7,2,6,2,7,5,5,6,2,7,7,5,1,1,1,2,2,3,3,6,1,3,1,2,3,2]"
A2SSRDPW0D0VK8,"""35""","""F""","""English""",5,"[8,16,24,32,40,42,50,58,71,79,87,95,103,109,117,125,133,141,151,159,167,173,181,189,197,205,215,223,231,242,250,258,266,274,276,284,292,300,305,313,321,329,337,341,349,357,365,373,383,391,399,407,415,423,431,439,449,457,465]","[39,8,35,47,6,21,27,40,17,51,36,9,2,43,55,5,26,46,38,54,22,31,33,23,3,56,4,25,14,20,57,15,58,24,45,12,59,37,13,44,7,48,53,29,19,49,34,30,28,16,18,32,52,41,42,50,10,11,1]","[2,1,1,2,1,1,1,1,1,1,1,1,1,1,1,1,1,1,1,1,1,1,2,1,2,1,1,1,1,1,1,2,1,3,1,1,1,1,1,1,3,1,1,1,1,1,1,1,1,1,1,1,1,1,1,1,1,1,1]","[7,5,6,7,3,6,4,6,6,6,5,6,6,6,7,7,6,7,7,7,7,7,6,7,7,7,7,7,7,7,7,6,6,7,7,7,6,7,7,7,7,7,6,6,6,6,6,7,6,6,6,6,7,7,6,6,5,6,5]"
A2WHSIDOJ5ZO84,"""35""","""M""","""English""",5,"[8,16,24,32,40,42,50,58,71,79,87,95,103,109,117,125,133,141,151,159,167,173,181,189,197,205,215,223,231,242,250,258,266,274,276,284,292,300,305,313,321,329,337,341,349,357,365,373,383,391,399,407,415,423,431,439,449,457,465]","[44,54,15,11,9,25,47,2,51,46,37,36,1,27,34,23,45,57,33,8,14,5,48,56,4,21,49,16,52,22,12,41,7,24,58,10,26,59,19,3,53,55,31,28,13,17,20,18,30,32,43,38,42,6,35,39,29,40,50]","[1,3,6,6,6,1,6,6,1,1,3,5,4,4,3,3,1,7,3,2,2,1,6,3,6,1,1,1,1,1,6,7,1,2,5,1,2,6,1,5,7,5,6,2,6,1,6,1,3,5,5,6,7,1,4,1,6,6,1]","[7,6,6,6,5,6,2,6,4,5,6,6,6,5,6,6,7,5,7,6,6,7,5,6,5,6,6,7,5,6,7,5,7,6,6,5,6,3,7,5,6,4,6,7,7,6,4,7,5,6,4,3,7,7,1,6,2,1,3]"
A3EJ44J2ZNRMDA,"""45""","""M""","""english""",5,"[8,16,24,32,40,42,50,58,71,79,87,95,103,109,117,125,133,141,151,159,167,173,181,189,197,205,215,223,231,242,250,258,266,274,276,284,292,300,305,313,321,329,337,341,349,357,365,373,383,391,399,407,415,423,431,439,449,457,465]","[29,25,24,22,32,58,35,27,57,16,50,26,12,8,23,44,39,46,56,13,34,54,41,51,59,40,7,49,21,3,18,10,6,28,20,38,52,53,43,55,31,47,5,19,14,1,11,42,33,2,36,4,37,45,48,9,30,17,15]","[1,4,5,5,4,4,1,5,1,1,4,1,1,1,1,1,1,1,1,1,1,1,1,1,1,1,1,1,1,1,6,6,7,1,1,1,1,1,1,1,1,1,4,1,1,1,1,1,1,1,1,4,1,1,1,1,1,1,1]","[7,4,4,4,4,4,1,4,7,4,4,1,6,7,7,7,7,6,7,7,7,7,7,7,7,7,7,7,7,7,7,4,7,7,1,7,7,7,7,7,5,6,7,1,6,1,1,1,1,1,1,1,7,1,1,1,1,1,1]"
A23F3FI6R7AXVP,"""45""","""M""","""English""",5,"[8,16,24,32,40,42,50,58,71,79,87,95,103,109,117,125,133,141,151,159,167,173,181,189,197,205,215,223,231,242,250,258,266,274,276,284,292,300,305,313,321,329,337,341,349,357,365,373,383,391,399,407,415,423,431,439,449,457,465]","[34,43,19,58,15,31,30,25,5,47,38,39,53,3,7,54,12,56,2,4,55,8,36,16,48,18,59,45,13,6,22,10,23,24,37,57,41,46,26,29,20,21,27,17,42,32,52,51,44,11,33,1,14,40,35,50,49,9,28]","[2,5,5,1,4,1,2,5,1,1,1,1,1,1,1,1,1,1,2,1,1,1,1,1,1,1,1,1,1,1,4,4,6,4,1,1,1,1,6,1,3,1,1,1,1,1,1,1,1,2,1,2,1,1,1,1,1,1,1]","[1,1,1,5,1,1,1,1,7,1,4,1,1,7,7,7,7,3,7,7,7,7,6,7,7,7,7,7,7,7,3,2,4,6,5,7,1,5,5,1,2,6,2,1,1,1,1,1,1,2,1,5,1,1,1,1,1,1,1]"
A33ZJT0YVRQQ7S,"""25""","""F""","""English""",5,"[8,16,24,32,40,42,50,58,71,79,87,95,103,109,117,125,133,141,151,159,167,173,181,189,197,205,215,223,231,242,250,258,266,274,276,284,292,300,305,313,321,329,337,341,349,357,365,373,383,391,399,407,415,423,431,439,449,457,465]","[17,33,15,24,38,58,56,28,22,47,42,5,53,26,16,27,41,35,4,36,32,50,1,54,19,11,51,20,59,34,13,3,43,45,46,40,6,18,30,29,44,39,21,57,37,31,23,10,55,14,49,25,2,7,8,9,52,12,48]","[5,4,5,6,1,5,1,5,1,3,2,1,1,1,1,1,1,1,1,1,1,1,4,1,1,1,1,1,1,1,6,6,3,2,1,1,1,1,1,1,1,1,1,1,1,1,1,1,4,4,1,1,1,1,1,1,1,1,1]","[5,2,2,2,1,1,1,1,2,2,1,3,3,7,5,7,7,7,7,7,7,7,6,7,6,5,7,6,7,7,6,7,3,5,3,3,1,4,6,6,4,2,4,1,1,1,1,1,1,2,1,2,6,2,1,1,1,1,1]"
A3JWO6UN75OWW9,"""35""","""M""","""English""",5,"[8,16,24,32,40,42,50,58,71,79,87,95,103,109,117,125,133,141,151,159,167,173,181,189,197,205,215,223,231,242,250,258,266,274,276,284,292,300,305,313,321,329,337,341,349,357,365,373,383,391,399,407,415,423,431,439,449,457,465]","[29,59,32,51,9,39,1,26,4,27,35,21,2,56,48,42,7,8,31,24,20,6,18,58,3,41,34,22,54,12,52,37,15,17,38,5,53,19,16,10,43,14,45,23,47,55,13,40,50,57,30,44,36,49,25,11,46,28,33]","[1,1,6,5,5,6,1,1,1,1,6,1,3,1,1,1,1,1,1,1,1,1,7,1,1,1,1,1,1,1,7,7,4,7,6,1,1,6,1,1,1,7,1,1,1,1,1,1,1,1,1,1,1,1,1,1,1,1,1]","[7,7,3,3,7,6,1,1,1,1,7,7,3,7,7,7,7,7,7,7,7,7,7,7,7,7,7,7,7,1,7,2,7,5,7,1,1,7,7,5,1,7,1,7,7,4,1,5,1,7,1,1,7,1,1,1,1,1,1]"
AW1Y5ZK58YMSI,"""25""","""F""","""English""",5,"[8,16,24,32,40,42,50,58,71,79,87,95,103,109,117,125,133,141,151,159,167,173,181,189,197,205,215,223,231,242,250,258,266,274,276,284,292,300,305,313,321,329,337,341,349,357,365,373,383,391,399,407,415,423,431,439,449,457,465]","[17,53,46,8,25,41,48,54,59,19,29,13,15,22,44,51,26,21,31,55,47,1,49,38,35,42,10,12,30,34,3,57,27,36,33,4,16,58,23,37,9,6,24,7,5,45,11,18,2,40,39,20,32,50,28,52,43,14,56]","[1,6,4,7,4,6,4,5,6,6,4,1,1,1,1,1,3,1,1,1,1,1,4,1,1,1,1,1,1,1,1,7,6,7,1,2,1,3,1,1,6,5,1,1,1,7,1,1,1,4,6,1,1,4,1,4,7,1,6]","[6,4,2,4,2,2,2,2,4,2,2,2,4,7,6,7,3,6,7,7,6,7,6,7,6,7,7,6,6,6,7,6,6,6,6,7,6,6,6,6,6,6,6,7,6,2,6,3,2,2,2,3,7,2,2,2,2,2,2]"
A3K7EYSOUGFFEH,"""35""","""M""","""English""",5,"[8,16,24,32,40,42,50,58,71,79,87,95,103,109,117,125,133,141,151,159,167,173,181,189,197,205,215,223,231,242,250,258,266,274,276,284,292,300,305,313,321,329,337,341,349,357,365,373,383,391,399,407,415,423,431,439,449,457,465]","[31,9,29,23,42,10,21,48,8,46,16,57,37,11,17,58,22,24,55,54,36,6,44,33,1,47,41,51,28,19,50,34,3,52,53,20,49,27,26,35,30,15,7,59,25,39,43,4,38,5,56,18,45,14,32,12,2,13,40]","[4,4,2,3,4,1,3,2,2,2,1,3,3,1,3,3,1,1,2,1,3,1,1,2,1,1,2,1,1,3,4,3,4,3,2,3,2,2,2,3,2,2,2,1,1,1,3,4,3,4,1,1,2,1,1,1,1,4,2]","[3,4,5,2,4,7,5,5,3,4,5,6,4,7,6,5,4,7,7,4,5,7,5,5,7,7,5,7,4,4,3,4,7,5,5,5,5,4,6,4,2,4,2,7,7,5,5,4,2,3,7,7,6,7,7,5,7,6,6]"
A3AFXPGOHL9D23,"""25""","""F""","""English""",6,"[1,9,17,25,33,43,51,59,72,80,88,96,104,110,118,126,134,142,152,160,168,174,182,190,198,206,216,224,232,243,251,259,267,275,277,285,293,306,314,322,330,338,342,350,358,366,374,384,392,400,408,416,424,432,440,450,458,466]","[28,46,32,12,54,18,40,34,8,9,55,14,45,44,49,24,29,27,21,52,15,57,30,39,7,5,26,43,20,17,6,13,22,47,51,3,42,19,35,58,4,33,48,25,56,36,37,53,50,2,41,11,16,1,10,31,38,23]","[6,5,1,6,5,1,5,4,4,2,2,2,1,1,1,1,1,1,1,1,1,1,1,1,1,1,1,1,1,2,4,5,1,1,1,1,1,1,1,1,2,2,2,1,1,2,1,1,1,1,1,1,1,3,1,1,1,1]","[6,6,5,6,6,4,6,5,5,3,5,5,4,7,7,6,7,7,7,7,7,7,7,7,1,6,7,7,7,5,2,5,3,7,7,7,7,3,7,7,5,6,6,6,5,4,5,4,5,5,3,4,5,5,5,4,5,5]"
A1QAS8CPOZ5A2Z,"""35""","""F""","""english """,6,"[1,9,17,25,33,43,51,59,72,80,88,96,104,110,118,126,134,142,152,160,168,174,182,190,198,206,216,224,232,243,251,259,267,275,277,285,293,306,314,322,330,338,342,350,358,366,374,384,392,400,408,416,424,432,440,450,458,466]","[37,8,31,24,14,22,21,44,17,58,30,16,15,1,56,42,53,2,38,4,27,54,26,18,6,36,52,19,50,32,23,9,39,10,29,43,34,46,57,55,47,45,7,40,48,41,20,51,3,33,5,28,12,49,35,25,11,13]","[6,1,4,5,6,6,4,6,1,1,6,5,5,1,1,1,1,1,1,1,1,1,1,1,1,1,1,1,1,1,1,2,4,1,1,1,1,1,1,4,1,1,1,1,1,1,1,1,1,1,1,1,1,1,1,1,1,1]","[6,4,6,6,3,6,4,3,4,2,6,2,3,7,7,3,7,7,7,4,7,6,7,6,6,3,6,6,6,1,5,6,3,6,6,5,7,6,6,4,3,2,3,7,3,3,3,1,5,3,3,6,1,1,1,1,4,1]"
AHYSBNLSX0B5W,"""35""","""M""","""English""",6,"[1,9,17,25,33,43,51,59,72,80,88,96,104,110,118,126,134,142,152,160,168,174,182,190,198,206,216,224,232,243,251,259,267,275,277,285,293,306,314,322,330,338,342,350,358,366,374,384,392,400,408,416,424,432,440,450,458,466]","[19,8,35,21,27,29,50,22,44,41,5,11,10,13,46,7,58,33,37,25,20,12,31,4,56,36,38,6,2,39,52,47,32,15,24,1,48,17,49,28,45,55,40,23,57,42,54,3,16,18,30,26,51,9,43,34,53,14]","[3,6,1,6,6,7,3,5,2,1,1,1,3,1,1,1,1,1,1,1,1,1,1,4,1,1,1,1,1,4,1,1,4,1,1,1,2,1,1,1,1,2,1,1,1,1,1,1,1,1,1,2,1,3,1,1,1,1]","[5,7,5,7,4,7,5,5,5,4,4,5,5,7,7,7,7,7,7,3,7,7,7,7,7,2,7,7,4,4,3,5,6,7,7,7,7,5,3,7,3,5,3,7,4,7,5,2,5,4,3,7,3,3,4,3,7,5]"
A30T1V8X1HUWAX,"""66""","""M""","""english""",6,"[1,9,17,25,33,43,51,59,72,80,88,96,104,110,118,126,134,142,152,160,168,174,182,190,198,206,216,224,232,243,251,259,267,275,277,285,293,306,314,322,330,338,342,350,358,366,374,384,392,400,408,416,424,432,440,450,458,466]","[42,21,54,2,1,49,26,24,36,34,17,58,8,43,20,11,28,16,32,37,38,45,41,51,6,39,10,4,35,56,3,18,5,25,55,12,23,46,52,47,44,50,29,53,40,7,14,9,19,27,30,15,22,33,48,31,13,57]","[2,2,2,2,4,4,2,2,2,2,2,2,2,2,2,2,2,2,2,2,2,2,2,2,1,2,2,1,2,2,2,2,2,2,2,2,2,2,2,2,2,2,2,2,2,2,2,2,2,2,2,2,2,2,2,2,1,2]","[2,2,2,2,1,2,2,2,2,2,2,2,2,6,7,2,6,7,6,2,2,6,6,6,7,1,2,6,6,2,5,4,5,5,6,5,6,2,6,6,2,2,2,6,2,5,1,2,6,2,2,2,2,2,2,1,6,2]"
A2Q98TY41UE516,"""25""","""F""","""English""",6,"[1,9,17,25,33,43,51,59,72,80,88,96,104,110,118,126,134,142,152,160,168,174,182,190,198,206,216,224,232,243,251,259,267,275,277,285,293,306,314,322,330,338,342,350,358,366,374,384,392,400,408,416,424,432,440,450,458,466]","[12,35,15,47,55,46,34,2,53,4,38,50,36,13,20,48,44,32,1,37,7,28,24,14,57,58,54,10,52,17,6,33,42,18,45,25,31,3,56,49,26,19,41,43,11,23,9,27,16,8,29,30,40,5,21,22,51,39]","[6,5,1,2,3,5,2,3,3,3,4,2,3,1,1,1,1,1,1,2,1,1,2,1,1,1,1,1,1,3,4,1,3,1,4,1,3,2,1,2,2,3,1,1,2,1,1,4,1,1,1,3,1,3,1,1,1,1]","[2,2,4,6,2,4,1,2,5,2,3,5,1,5,6,7,7,7,6,5,7,7,7,7,7,6,7,7,7,1,5,5,2,6,7,5,7,1,7,7,4,2,7,7,2,1,1,1,2,1,1,4,1,2,5,1,3,1]"
A2VX8B1CJXRN2,"""55""","""F""","""English""",6,"[1,9,17,25,33,43,51,59,72,80,88,96,104,110,118,126,134,142,152,160,168,174,182,190,198,206,216,224,232,243,251,259,267,275,277,285,293,306,314,322,330,338,342,350,358,366,374,384,392,400,408,416,424,432,440,450,458,466]","[13,31,48,32,3,57,6,38,46,45,1,30,7,49,23,25,33,12,36,11,28,9,20,40,4,56,24,17,16,8,43,41,53,51,29,37,27,54,21,2,50,5,58,34,26,47,15,44,35,39,22,10,52,19,18,55,14,42]","[5,7,4,6,7,6,6,6,1,6,6,5,4,1,1,1,1,1,1,1,1,1,1,1,1,1,1,1,4,5,1,7,5,1,1,1,2,3,1,4,1,5,2,1,6,1,1,1,1,1,1,1,3,4,1,1,2,5]","[2,3,2,1,4,1,2,2,2,4,2,2,3,7,7,6,7,7,7,4,7,7,7,7,7,1,7,7,5,4,2,2,1,7,7,7,7,3,7,3,3,2,3,2,4,4,1,2,2,2,1,1,3,2,2,7,3,2]"
A21U1H8VWTQL1I,"""25""","""M""","""English""",6,"[1,9,17,25,33,43,51,59,72,80,88,96,104,110,118,126,134,142,152,160,168,174,182,190,198,206,216,224,232,243,251,259,267,275,277,285,293,306,314,322,330,338,342,350,358,366,374,384,392,400,408,416,424,432,440,450,458,466]","[7,10,20,11,18,33,35,54,56,24,31,1,2,3,12,57,30,21,15,38,22,34,14,25,48,6,42,9,36,58,23,39,43,27,46,44,17,52,37,16,55,19,29,32,53,50,51,26,41,8,13,5,40,28,4,47,49,45]","[5,7,3,7,6,7,5,5,5,1,7,1,4,1,5,1,1,1,1,1,1,1,1,1,1,1,1,1,1,4,1,1,6,2,1,1,1,1,1,6,1,6,1,1,6,1,1,4,1,1,3,3,1,1,1,1,1,1]","[5,2,3,7,4,1,1,1,1,1,4,2,1,7,6,5,6,7,7,6,7,7,5,6,7,5,7,6,6,6,2,6,2,1,7,7,7,1,7,7,1,1,2,1,1,7,1,1,1,2,1,3,1,1,2,1,1,1]"
A2ROZWE3JVTSB5,"""35""","""F""","""English""",6,"[1,9,17,25,33,43,51,59,72,80,88,96,104,110,118,126,134,142,152,160,168,174,182,190,198,206,216,224,232,243,251,259,267,275,277,285,293,306,314,322,330,338,342,350,358,366,374,384,392,400,408,416,424,432,440,450,458,466]","[51,1,22,8,13,32,25,44,4,18,58,56,49,23,31,6,39,34,40,30,10,57,38,53,47,15,3,16,24,33,48,11,50,27,41,55,35,52,29,17,19,2,7,43,54,37,28,9,20,21,46,45,14,36,12,26,42,5]","[7,4,3,6,5,3,4,3,7,3,5,2,2,1,1,1,1,1,1,1,1,1,3,1,1,1,1,1,1,7,2,1,4,1,1,4,1,1,1,3,1,2,2,1,4,1,1,5,1,1,1,2,1,1,1,1,3,1]","[7,1,1,6,4,1,7,1,1,1,5,1,1,7,7,7,7,7,7,7,7,7,1,7,7,7,7,7,7,1,1,5,1,7,7,7,7,7,7,7,1,1,3,1,1,1,2,2,1,1,1,1,1,1,2,1,1,1]"
AVVZTRF9H0XHH,"""35""","""M""","""English""",6,"[1,9,17,25,33,43,51,59,72,80,88,96,104,110,118,126,134,142,152,160,168,174,182,190,198,206,216,224,232,243,251,259,267,275,277,285,293,306,314,322,330,338,342,350,358,366,374,384,392,400,408,416,424,432,440,450,458,466]","[12,27,4,17,47,58,38,44,3,55,5,31,32,37,34,35,36,10,11,53,52,26,2,15,39,13,48,50,45,8,21,24,14,20,28,41,43,57,33,49,19,40,54,25,46,18,29,30,23,51,56,42,16,6,1,7,9,22]","[1,4,1,3,2,3,2,1,1,1,1,1,1,1,1,1,1,1,1,1,1,1,1,1,1,1,1,1,1,1,1,4,1,1,1,1,1,1,1,1,1,1,1,1,1,1,1,1,1,1,1,1,1,3,1,1,1,1]","[3,4,4,4,4,4,4,4,4,4,4,4,4,7,7,7,7,7,7,7,7,7,4,7,7,7,7,7,7,4,7,7,3,7,7,7,7,4,7,7,4,4,4,4,4,4,4,4,4,4,4,4,4,4,4,4,4,4]"
AY6OJUPZ3BG4A,"""35""","""M""","""English""",6,"[1,9,17,25,33,43,51,59,72,80,88,96,104,110,118,126,134,142,152,160,168,174,182,190,198,206,216,224,232,243,251,259,267,275,277,285,293,306,314,322,330,338,342,350,358,366,374,384,392,400,408,416,424,432,440,450,458,466]","[53,16,22,31,36,45,23,56,38,8,19,35,49,17,52,20,47,44,28,32,46,54,11,25,50,58,24,5,41,6,2,1,30,37,26,51,13,39,27,15,14,40,57,9,43,42,7,3,10,12,4,29,55,21,33,48,18,34]","[7,7,6,7,7,7,6,5,5,3,5,7,2,2,5,2,1,1,2,3,1,2,3,2,4,3,1,2,1,6,4,3,7,1,1,1,1,1,1,1,2,1,2,1,4,6,1,2,1,1,1,3,1,5,1,1,2,5]","[5,6,7,6,7,7,3,2,6,2,3,5,1,7,7,6,7,6,7,6,6,7,5,7,6,5,6,5,4,7,2,2,4,5,6,7,5,6,6,5,6,1,7,6,5,2,7,1,3,3,1,2,4,2,2,2,1,2]"
A3E4SMXXAWZ7TW,"""35""","""M""","""English""",6,"[1,9,17,25,33,43,51,59,72,80,88,96,104,110,118,126,134,142,152,160,168,174,182,190,198,206,216,224,232,243,251,259,267,275,277,285,293,306,314,322,330,338,342,350,358,366,374,384,392,400,408,416,424,432,440,450,458,466]","[13,56,4,46,9,16,43,28,35,57,45,44,21,50,2,27,51,23,34,24,54,20,17,37,36,3,40,25,32,31,47,8,5,12,29,48,11,52,19,33,39,14,38,26,49,6,58,53,10,18,30,15,22,7,41,55,42,1]","[4,4,3,4,4,2,4,4,4,2,4,3,1,1,2,2,2,1,2,2,2,1,1,1,1,2,2,1,1,4,4,2,4,1,1,1,2,2,1,2,1,1,2,1,1,1,1,1,1,1,1,3,1,1,1,1,1,2]","[4,4,3,4,5,5,4,5,5,3,4,4,3,5,4,6,4,6,6,6,6,5,5,6,5,4,5,5,5,4,4,2,3,5,5,6,5,5,5,6,4,4,4,5,2,2,2,2,2,1,4,4,2,2,6,2,3,2]"
A2E0RGO4W3J9GF,"""25""","""M""","""English""",7,"[2,10,18,26,34,44,52,60,73,81,89,97,105,111,119,127,135,143,153,161,169,175,183,191,199,207,217,225,233,236,244,252,260,268,278,286,294,307,315,323,331,339,343,351,359,367,375,385,393,401,409,417,425,433,441,451,459,467]","[3,47,34,13,37,58,25,7,12,50,8,28,15,27,42,40,32,56,39,19,46,36,18,53,33,16,30,35,14,24,21,20,57,48,54,5,10,6,52,9,29,17,4,31,41,11,38,49,44,1,43,22,23,45,51,2,26,55]","[4,4,4,3,3,4,4,3,3,3,3,3,4,3,3,3,3,4,3,3,3,3,3,3,3,3,3,3,3,3,5,4,3,3,4,2,6,3,3,1,3,3,3,3,3,2,3,3,3,3,3,3,3,3,3,4,3,4]","[3,6,4,7,4,4,4,3,6,3,3,3,3,5,5,6,6,4,6,7,6,5,7,6,6,7,6,6,7,3,5,7,6,6,4,7,7,7,3,3,6,3,7,5,6,3,5,3,6,3,6,3,3,6,3,3,3,3]"
AHHNBEYOLAUXC,"""25""","""F""","""english""",7,"[2,10,18,26,34,44,52,60,73,81,89,97,105,111,119,127,135,143,153,161,169,175,183,191,199,207,217,225,233,236,244,252,260,268,278,286,294,307,315,323,331,339,343,351,359,367,375,385,393,401,409,417,425,433,441,451,459,467]","[37,17,9,10,19,54,40,28,43,13,50,4,25,45,56,57,26,33,38,36,24,12,30,44,53,51,18,41,23,52,49,58,5,8,6,14,21,11,7,34,29,55,39,32,27,16,31,20,46,1,48,22,15,42,2,47,35,3]","[6,4,5,5,5,5,5,6,2,3,2,4,5,1,2,2,4,3,1,1,1,2,3,1,1,1,1,2,1,6,4,2,2,2,3,2,2,2,2,5,3,2,4,2,2,2,5,2,2,3,2,2,2,2,2,4,3,2]","[4,3,4,4,4,4,3,3,6,3,2,2,3,7,2,6,3,2,6,6,6,6,6,5,7,6,6,6,7,6,3,5,2,2,3,6,6,4,2,3,3,2,3,2,2,2,4,2,6,2,2,2,5,2,2,3,2,2]"
A3N4DQXA435BG5,"""35""","""M""","""English""",7,"[2,10,18,26,34,44,52,60,73,81,89,97,105,111,119,127,135,143,153,161,169,175,183,191,199,207,217,225,233,236,244,252,260,268,278,286,294,307,315,323,331,339,343,351,359,367,375,385,393,401,409,417,425,433,441,451,459,467]","[15,6,27,58,22,39,13,18,33,37,24,30,28,26,2,44,12,49,19,3,41,17,52,21,7,42,35,9,57,29,23,1,40,25,48,46,11,8,50,16,53,38,20,47,36,14,51,10,54,34,31,56,55,4,45,5,43,32]","[7,1,5,6,4,1,1,1,1,1,1,1,3,1,1,1,1,1,1,1,1,1,1,1,1,1,1,1,1,7,1,1,4,1,7,1,1,1,1,1,1,1,1,1,1,1,1,1,1,1,1,1,1,1,1,1,1,1]","[1,3,1,4,1,1,1,1,7,1,1,3,1,7,7,7,6,5,7,7,6,7,7,7,7,7,7,7,7,4,6,3,4,5,6,7,5,7,4,1,7,1,5,1,1,1,1,1,7,1,1,1,1,1,1,1,1,1]"
AYW18ODUQFXF,"""25""","""F""","""English""",7,"[2,10,18,26,34,44,52,60,73,81,89,97,105,111,119,127,135,143,153,161,169,175,183,191,199,207,217,225,233,236,244,252,260,268,278,286,294,307,315,323,331,339,343,351,359,367,375,385,393,401,409,417,425,433,441,451,459,467]","[31,37,8,43,27,56,51,45,14,9,38,46,44,17,16,25,48,52,12,28,55,42,22,36,35,21,57,47,26,1,5,23,13,33,49,29,7,6,50,4,18,11,30,32,53,34,19,41,10,24,54,20,58,40,2,3,15,39]","[1,1,1,1,7,1,1,7,1,1,1,1,1,1,2,1,1,1,1,1,1,1,1,1,1,1,1,1,1,1,5,1,7,1,7,1,1,1,1,7,1,1,1,1,1,1,1,1,1,5,1,4,1,1,1,4,1,1]","[1,3,5,7,3,7,1,1,7,1,7,7,7,7,5,7,7,7,7,7,7,7,7,7,7,7,7,7,7,7,1,7,7,7,4,7,7,7,7,7,7,3,4,1,1,7,7,1,7,1,1,1,1,1,3,4,1,1]"
A1E0EK09CA5OIO,"""55""","""F""","""English""",7,"[2,10,18,26,34,44,52,60,73,81,89,97,105,111,119,127,135,143,153,161,169,175,183,191,199,207,217,225,233,236,244,252,260,268,278,286,294,307,315,323,331,339,343,351,359,367,375,385,393,401,409,417,425,433,441,451,459,467]","[46,33,21,41,6,10,17,51,32,11,7,49,5,53,20,2,44,16,18,29,14,30,58,15,37,40,8,45,26,36,23,38,9,39,24,3,22,43,57,12,31,47,50,19,34,54,28,13,56,25,4,55,52,35,27,42,48,1]","[5,6,6,6,6,1,4,6,1,1,1,1,5,1,1,1,1,1,1,1,1,1,1,1,1,1,1,1,1,6,3,1,5,1,3,1,1,1,2,5,1,1,5,5,1,1,5,1,2,1,3,1,1,2,1,4,1,1]","[2,4,5,4,3,2,3,4,4,3,2,2,3,7,7,7,7,6,7,7,7,7,7,6,7,6,7,7,7,5,6,5,7,6,6,7,6,7,5,7,7,5,5,3,3,3,3,2,3,2,3,3,2,3,3,2,3,4]"
A2NZ7IAFRI2936,"""25""","""M""","""English""",7,"[2,10,18,26,34,44,52,60,73,81,89,97,105,111,119,127,135,143,153,161,169,175,183,191,199,207,217,225,233,236,244,252,260,268,278,286,294,307,315,323,331,339,343,351,359,367,375,385,393,401,409,417,425,433,441,451,459,467]","[54,3,48,50,30,13,1,39,32,52,43,37,24,56,9,21,40,44,8,2,55,20,22,38,11,17,36,23,33,18,26,53,5,46,42,35,19,16,49,29,47,28,57,51,25,27,6,12,10,41,34,14,7,45,31,15,58,4]","[5,6,6,5,6,6,5,5,1,3,3,4,3,2,1,1,1,2,1,1,1,1,3,1,1,1,2,1,1,7,6,3,5,2,7,3,2,1,2,6,2,5,1,2,2,3,6,2,2,4,3,6,6,4,5,5,4,1]","[7,7,7,6,6,2,2,7,7,2,1,7,1,7,7,7,7,7,7,7,7,7,7,7,7,7,7,7,7,7,7,2,7,7,6,7,6,7,7,6,7,6,7,2,1,6,6,2,2,1,1,1,2,1,1,2,1,2]"
A235ULDV4XUVDM,"""35""","""F""","""english""",7,"[2,10,18,26,34,44,52,60,73,81,89,97,105,111,119,127,135,143,153,161,169,175,183,191,199,207,217,225,233,236,244,252,260,268,278,286,294,307,315,323,331,339,343,351,359,367,375,385,393,401,409,417,425,433,441,451,459,467]","[17,8,45,13,21,10,19,6,40,15,54,18,5,3,35,57,55,32,27,24,38,12,48,36,58,1,22,41,46,20,30,44,34,23,4,56,42,50,2,7,11,9,16,53,43,14,29,52,39,51,37,25,31,49,28,47,33,26]","[6,7,7,3,7,7,7,5,5,5,1,5,7,3,1,1,3,1,1,1,1,1,1,1,1,1,1,1,1,4,1,6,1,1,7,1,1,1,4,6,7,1,1,7,7,7,7,7,1,6,7,7,7,1,7,7,7,7]","[1,2,1,2,1,1,1,1,3,1,5,3,1,5,7,7,4,7,7,7,7,7,7,7,7,7,7,7,7,4,7,2,7,6,1,7,7,6,1,1,3,3,7,2,2,1,1,2,7,1,1,2,1,6,1,3,2,2]"
A1QM6BXEHZM3CZ,"""55""","""F""","""English""",7,"[2,10,18,26,34,44,52,60,73,81,89,97,105,111,119,127,135,143,153,161,169,175,183,191,199,207,217,225,233,236,244,252,260,268,278,286,294,307,315,323,331,339,343,351,359,367,375,385,393,401,409,417,425,433,441,451,459,467]","[16,26,54,33,4,46,29,39,12,44,20,34,23,7,25,55,32,50,49,45,51,15,52,17,37,27,53,43,8,41,57,38,10,22,48,47,58,31,36,18,24,21,30,56,6,40,28,3,11,2,19,5,9,14,35,13,42,1]","[6,5,6,6,6,4,6,5,1,2,1,4,6,1,1,1,2,1,1,1,1,1,1,1,1,1,1,1,1,7,6,1,1,2,6,1,1,1,4,6,5,3,1,1,1,1,5,3,1,3,1,2,1,1,1,6,2,1]","[6,2,3,4,5,4,6,3,7,4,3,5,6,7,4,7,7,7,7,7,7,7,7,6,7,7,7,7,7,7,7,7,7,7,7,7,6,7,6,7,7,6,7,3,1,3,5,5,4,4,3,3,2,1,2,7,2,3]"
A1F6NOYLVNUA9A,"""35""","""F""","""English""",7,"[2,10,18,26,34,44,52,60,73,81,89,97,105,111,119,127,135,143,153,161,169,175,183,191,199,207,217,225,233,236,244,252,260,268,278,286,294,307,315,323,331,339,343,351,359,367,375,385,393,401,409,417,425,433,441,451,459,467]","[4,21,53,20,41,54,3,31,17,14,56,37,15,30,5,48,44,24,34,27,7,25,1,26,6,49,9,35,32,28,45,38,19,36,52,55,23,13,12,8,22,57,39,42,46,50,29,33,58,47,16,40,11,51,2,43,18,10]","[5,4,5,5,5,4,4,4,2,3,2,3,3,3,2,2,2,2,2,2,2,2,3,2,2,2,2,2,2,6,6,2,2,2,2,3,2,3,3,4,3,2,3,2,2,3,3,2,3,2,2,4,3,2,3,5,2,2]","[5,4,4,3,5,5,3,6,5,2,2,4,2,5,6,6,6,5,6,6,5,6,4,6,6,6,6,4,6,5,5,5,5,6,2,6,5,5,4,3,3,4,5,2,2,3,4,2,2,2,2,2,2,2,1,4,2,2]"
A1J2P689DYIKRW,"""55""","""M""","""English""",7,"[2,10,18,26,34,44,52,60,73,81,89,97,105,111,119,127,135,143,153,161,169,175,183,191,199,207,217,225,233,236,244,252,260,268,278,286,294,307,315,323,331,339,343,351,359,367,375,385,393,401,409,417,425,433,441,451,459,467]","[19,40,36,15,34,35,42,39,13,4,32,47,12,9,38,43,56,46,14,29,7,27,1,54,51,20,8,22,5,44,2,30,10,31,48,45,49,21,23,57,53,3,17,41,37,24,58,33,26,28,55,50,52,11,6,18,16,25]","[4,2,3,3,3,3,2,4,1,3,3,3,2,2,1,2,2,2,1,1,1,2,1,2,1,1,1,1,1,3,2,2,2,1,3,3,1,1,1,3,1,3,1,4,3,1,2,2,2,3,2,3,2,2,1,3,2,2]","[1,7,1,1,1,1,1,1,4,1,1,1,1,7,7,7,7,7,7,7,7,7,6,7,7,7,7,7,7,1,7,7,6,7,7,7,7,7,7,1,7,7,7,1,1,7,1,1,1,1,1,1,1,1,7,1,1,1]"
A2USPPMP300TUA,"""35""","""F""","""English""",7,"[2,10,18,26,34,44,52,60,73,81,89,97,105,111,119,127,135,143,153,161,169,175,183,191,199,207,217,225,233,236,244,252,260,268,278,286,294,307,315,323,331,339,343,351,359,367,375,385,393,401,409,417,425,433,441,451,459,467]","[2,17,16,45,3,55,14,27,25,38,24,18,42,53,28,1,54,8,10,50,19,30,44,40,57,43,6,26,41,37,56,4,9,52,49,5,15,46,48,58,22,20,13,31,12,39,36,47,21,11,33,29,51,34,23,7,35,32]","[5,5,6,5,4,4,2,3,2,1,2,2,5,2,2,2,2,2,2,1,2,2,2,2,1,1,2,2,1,6,5,2,2,1,3,2,2,2,2,1,2,1,1,1,1,5,4,2,2,2,1,1,2,1,2,4,1,1]","[2,3,4,5,2,3,2,4,3,2,1,2,3,7,7,7,7,6,7,7,7,7,7,7,7,7,7,7,7,6,4,2,4,6,2,7,5,5,2,2,7,4,3,1,1,4,1,2,5,2,1,1,1,1,2,4,1,1]"
AS3LQVN7U70IB,"""35""","""F""","""English""",7,"[2,10,18,26,34,44,52,60,73,81,89,97,105,111,119,127,135,143,153,161,169,175,183,191,199,207,217,225,233,236,244,252,260,268,278,286,294,307,315,323,331,339,343,351,359,367,375,385,393,401,409,417,425,433,441,451,459,467]","[28,23,16,39,56,22,27,17,57,34,45,53,54,26,18,15,25,5,50,32,13,20,46,38,44,35,55,21,42,1,12,14,4,48,3,7,36,30,8,52,47,43,10,51,41,49,24,40,9,11,2,6,29,33,31,58,37,19]","[5,6,6,5,4,4,5,3,1,1,1,2,6,1,1,1,4,1,1,1,1,1,1,1,1,1,1,1,1,3,4,1,1,1,1,1,1,1,1,1,1,1,1,1,1,1,1,1,1,1,1,1,1,1,1,1,1,1]","[7,7,7,7,1,7,7,3,7,1,1,1,1,7,7,7,7,2,7,7,3,7,7,7,7,7,7,7,7,5,6,4,1,7,7,7,7,7,7,7,7,1,7,1,1,1,1,1,7,1,1,1,1,1,1,1,1,1]"
A2Q45S9DT2DHL1,"""35""","""F""","""English""",7,"[2,10,18,26,34,44,52,60,73,81,89,97,105,111,119,127,135,143,153,161,169,175,183,191,199,207,217,225,233,236,244,252,260,268,278,286,294,307,315,323,331,339,343,351,359,367,375,385,393,401,409,417,425,433,441,451,459,467]","[22,12,30,24,19,41,35,55,52,3,16,32,17,47,21,50,40,48,53,44,56,5,8,33,27,42,1,51,38,54,10,39,58,18,9,37,2,49,25,7,26,29,20,28,15,13,11,43,14,45,57,4,31,34,46,36,23,6]","[6,4,5,5,6,1,4,3,1,3,2,4,3,1,2,1,1,1,1,1,1,1,1,1,1,1,2,1,2,7,7,1,3,3,4,3,3,1,4,3,1,1,1,1,1,2,2,1,1,3,1,2,1,1,1,1,2,1]","[2,3,3,3,2,1,3,3,1,2,1,2,1,7,6,7,7,7,7,7,7,3,7,7,7,7,7,7,7,4,7,4,7,7,7,7,5,6,7,6,7,7,7,1,1,1,1,1,1,1,1,1,1,1,1,1,1,1]"
A7K101MCQSXCK,"""25""","""M""","""English""",7,"[2,10,18,26,34,44,52,60,73,81,89,97,105,111,119,127,135,143,153,161,169,175,183,191,199,207,217,225,233,236,244,252,260,268,278,286,294,307,315,323,331,339,343,351,359,367,375,385,393,401,409,417,425,433,441,451,459,467]","[45,8,12,2,46,4,30,21,52,53,24,38,41,28,37,48,3,9,43,19,47,17,32,5,40,57,39,10,27,51,33,22,11,25,14,34,23,1,16,15,42,50,35,58,6,26,18,49,13,7,54,44,36,31,29,20,56,55]","[6,6,5,1,6,7,5,7,1,1,1,5,1,1,1,1,1,5,1,1,1,1,1,1,1,1,1,1,1,6,4,1,1,1,6,1,1,1,1,1,1,1,1,1,1,1,1,1,1,1,1,4,1,1,1,1,1,1]","[2,6,6,1,4,6,2,7,1,1,1,3,1,7,1,6,7,5,7,7,1,7,7,6,7,6,7,1,7,5,2,1,1,2,7,6,6,2,5,1,1,1,7,1,3,1,1,1,1,2,1,1,1,1,1,2,1,1]"
A3HOBJ4PJUOCUN,"""55""","""F""","""English""",7,"[2,10,18,26,34,44,52,60,73,81,89,97,105,111,119,127,135,143,153,161,169,175,183,191,199,207,217,225,233,236,244,252,260,268,278,286,294,307,315,323,331,339,343,351,359,367,375,385,393,401,409,417,425,433,441,451,459,467]","[16,20,33,21,54,29,50,32,18,42,45,34,8,11,9,6,40,17,28,4,43,2,14,5,12,49,55,25,10,27,39,38,26,57,15,41,23,24,3,58,31,37,35,53,44,51,48,52,19,13,47,56,30,22,36,1,7,46]","[5,4,5,2,2,5,2,4,1,1,1,3,2,1,1,1,2,1,1,1,1,1,1,1,1,1,1,1,1,5,5,1,2,1,4,1,1,1,1,2,1,1,1,1,1,1,1,1,1,1,1,1,1,1,2,5,1,1]","[5,5,6,4,5,5,5,4,7,4,4,5,3,7,7,7,5,6,7,6,7,7,7,7,7,7,7,7,7,5,6,3,7,7,3,7,7,6,6,5,7,4,6,2,3,7,5,4,7,2,5,4,4,4,4,3,3,4]"
A24EAYGSHOXEGP,"""65""","""F""","""English""",7,"[2,10,18,26,34,44,52,60,73,81,89,97,105,111,119,127,135,143,153,161,169,175,183,191,199,207,217,225,233,236,244,252,260,268,278,286,294,307,315,323,331,339,343,351,359,367,375,385,393,401,409,417,425,433,441,451,459,467]","[19,8,25,47,10,29,53,23,41,36,55,7,22,2,50,21,35,6,33,37,32,39,52,31,20,12,17,56,15,40,1,27,14,38,45,34,46,18,51,4,13,5,44,3,49,9,54,42,11,16,26,28,24,43,57,48,58,30]","[5,3,5,3,2,1,1,4,1,1,1,1,5,1,1,1,1,1,1,1,1,1,1,1,1,1,1,1,1,3,5,5,1,1,5,1,1,1,1,4,4,1,1,1,1,1,1,1,1,1,1,1,1,1,1,1,1,1]","[7,7,7,7,7,4,4,7,7,4,1,2,7,6,7,7,7,6,7,7,7,7,7,7,7,7,7,7,7,7,7,7,7,7,7,7,7,7,7,7,7,4,3,3,2,7,4,2,7,6,2,2,7,1,2,6,4,3]"