sentenceID,homophoneID,version,sentenceType,m1,word,m1_relatedness,m2_relatedness,m1_trigram,m2_trigram
1,1,a,pun,prophet,prophet,2,0,4.70E-08,0.00125414
1,1,a,pun,prophet,atheism,0.043975327,-0.293007439,4.42E-07,4.42E-07
1,1,a,pun,prophet,non,-0.650018431,0.76452703,5.71E-05,5.71E-05
1,1,a,pun,prophet,organization,0.123608176,1.344302809,6.18E-07,3.56E-07
2,2,a,pun,pi,pi,2,0,3.71E-07,1.44E-05
2,2,a,pun,pi,circumference,1.110707202,1.192320265,1.69E-08,1.69E-08
2,2,a,pun,pi,get,-0.532050103,-0.213873793,0.00223502,0.00223502
2,2,a,pun,pi,large,-0.196874277,0.203214357,8.63E-05,8.63E-05
3,3,a,pun,knead,knead,2,0,4.36E-07,0.000150958
3,3,a,pun,knead,bakers,1.643374608,-0.430311199,4.70E-07,4.70E-07
3,3,a,pun,knead,basis,-0.724020559,0.363879125,7.95E-05,7.95E-05
3,3,a,pun,knead,bread,1.618475041,-0.10745158,5.75E-07,5.75E-07
3,3,a,pun,knead,know,-0.664626706,-0.08894483,0.00317724,0.241277
3,3,a,pun,knead,recipes,1.004924966,-0.181518542,0.000156,0.000156
3,3,a,pun,knead,trade,-0.58008783,0.499910519,1.89E-06,1.89E-06
4,4,a,pun,oar,oar,2,0,8.32E-09,0.00144868
4,4,a,pun,oar,choose,-0.51196844,1.166963655,0.000613834,0.000613834
4,4,a,pun,oar,either,-0.745201312,1.802274457,0.000590476,0.000590476
4,4,a,pun,oar,indecisive,-0.736316505,0.924511546,1.51E-06,1.51E-06
4,4,a,pun,oar,not,-0.73898887,0.061294261,0.00325545,0.00325545
4,4,a,pun,oar,rower,1.833928909,-0.722767904,5.60E-07,5.60E-07
5,5,a,pun,tiers,tiers,2,0,1.39E-05,0.00185052
5,5,a,pun,tiers,cake,0.847840122,-0.733195769,6.15E-05,6.15E-05
5,5,a,pun,tiers,emotional,-0.093719285,1.613409237,0.00259336,0.00259336
5,5,a,pun,tiers,even,-0.21256834,-0.643260403,0.000293954,0.000293954
5,5,a,pun,tiers,wedding,0.363679868,1.167013135,9.17E-07,9.17E-07
6,6,a,pun,poll,poll,2,0,5.55E-07,0.00167959
6,6,a,pun,poll,conduct,0.79637133,-0.131050615,0.00048967,0.00048967
6,6,a,pun,poll,country,-0.020817463,-0.441639232,0.000791509,0.000791509
6,6,a,pun,poll,decided,0.888379398,-0.438823318,0.000173274,0.000173274
6,6,a,pun,poll,flag,0.519522756,1.600043247,6.89E-05,6.89E-05
6,6,a,pun,poll,new,-0.30941208,-0.573021617,0.00191463,0.00191463
7,7,a,pun,bored,bored,2,0,1.34E-05,0.000623643
7,7,a,pun,bored,chairman,-0.257766851,1.891566794,2.05E-05,2.05E-05
7,7,a,pun,bored,executive,-0.232066116,1.514850716,5.63E-05,5.63E-05
7,7,a,pun,bored,meetings,0.256531919,0.957355228,0.0055089,0.0055089
8,8,a,pun,greece,greece,2,0,6.92E-05,3.97E-07
8,8,a,pun,greece,donuts,-0.497489011,0.661854871,3.17E-08,3.17E-08
8,8,a,pun,greece,know,-0.577456692,-0.669045928,0.541176,0.541176
8,8,a,pun,greece,made,-0.564552226,-0.586369571,0.0140678,0.0140678
9,9,a,pun,sine,sine,2,0,2.68E-05,0.000534506
9,9,a,pun,sine,above,-0.539975973,-0.011263401,0.000473031,0.000265614
9,9,a,pun,sine,hoping,-0.763760078,-0.145123348,0.00357615,0.00357615
9,9,a,pun,sine,prayed,-0.781460533,0.347605059,9.96E-06,9.96E-06
9,9,a,pun,sine,tests,-0.122511114,-0.19480109,9.08E-07,9.08E-07
9,9,a,pun,sine,trigonometry,1.282836716,0.636264574,9.02E-08,9.02E-08
10,10,a,pun,principal,principal,2,0,1.02E-05,0.000815741
10,10,a,pun,principal,disliked,-0.136515567,0.099790292,1.80E-08,1.80E-08
10,10,a,pun,principal,john,-0.059251367,-0.438655141,1.15E-08,1.15E-08
10,10,a,pun,principal,just,0.366797927,1.030609819,0.0140908,0.0140908
10,10,a,pun,principal,not,-0.750032,-0.574541502,0.020748,0.020748
10,10,a,pun,principal,school,1.99747003,1.0686167,6.58E-05,6.58E-05
11,11,a,pun,cd,cd,2,0,1.79E-05,6.62E-05
11,11,a,pun,cd,music,1.794118677,-0.31297692,0.000208104,0.000208104
11,11,a,pun,cd,part,-0.422293117,-0.118107336,2.36E-06,2.53E-06
11,11,a,pun,cd,stores,0.803521617,-0.392169307,8.31E-05,8.31E-05
11,11,a,pun,cd,town,-0.67697029,-0.143891918,0.00127732,0.00127732
12,12,a,pun,hare,hare,2,0,1.04E-07,0.00590069
12,12,a,pun,hare,got,-0.805884849,-0.523207923,1.99E-06,1.99E-06
12,12,a,pun,hare,mad,-0.399919617,-0.399004337,0.000165815,0.000165815
12,12,a,pun,hare,magician,1.267423786,-0.520019328,1.21E-05,1.21E-05
12,12,a,pun,hare,out,-0.832510067,-0.341957696,0.0017878,0.00776689
12,12,a,pun,hare,pulled,-0.746881884,0.793711827,0.000483548,0.000483548
13,13,a,pun,knotty,knotty,2,0,4.33E-08,5.07E-05
13,13,a,pun,knotty,admonished,-0.648839231,0.304300529,5.35E-06,5.35E-06
13,13,a,pun,knotty,apparently,-0.750032,-0.483787797,4.77E-09,4.77E-09
13,13,a,pun,knotty,father,-0.795986539,-0.415566217,0.0278831,0.0278831
13,13,a,pun,knotty,pine,-0.160851791,-0.793461446,6.88E-05,6.88E-05
13,13,a,pun,knotty,sapling,0.091068985,-0.624846796,3.90E-07,3.90E-07
13,13,a,pun,knotty,young,-0.639578699,0.14893242,0.000544319,0.000544319
14,14,a,pun,taut,taut,2,0,4.04E-08,0.000927329
14,14,a,pun,taut,learn,-0.576975932,1.71226036,0.00106693,0.00106693
14,14,a,pun,taut,rope,0.868287367,-0.121058026,5.99E-08,5.99E-08
14,14,a,pun,taut,tricks,-0.474706301,0.383502192,5.02E-07,5.02E-07
15,15,a,pun,marx,marx,2,0,9.60E-08,6.18E-07
15,15,a,pun,marx,class,0.578105668,0.545062066,1.17E-06,1.17E-06
15,15,a,pun,marx,communism,1.31724495,-0.606476564,6.21E-05,6.21E-05
15,15,a,pun,marx,dropped,-0.781460533,-0.166436781,0.000253511,0.000253511
15,15,a,pun,marx,lousy,-0.700099018,-0.02914144,1.86E-06,1.86E-06
15,15,a,pun,marx,out,-0.706776015,-0.468658789,0.0336075,0.0336075
16,16,a,pun,hi,hi,2,0,2.42E-07,0.000292843
16,16,a,pun,hi,boy,-0.417689106,-0.437116177,0.000334479,0.000334479
16,16,a,pun,hi,instinctively,-0.349854622,-0.38716255,3.41E-05,3.41E-05
16,16,a,pun,hi,natural,-0.689691795,-0.157847829,0.00137992,0.00137992
16,16,a,pun,hi,people,0.071003092,-0.059803808,0.000322238,0.000322238
16,16,a,pun,hi,waves,-0.20390641,0.804602748,5.02E-07,5.02E-07
17,17,a,pun,daze,daze,2,0,3.35E-05,0.000528799
17,17,a,pun,daze,end,-0.781159905,-0.001792814,0.000907693,0.000907693
17,17,a,pun,daze,having,-0.930877055,-0.402625515,0.000125695,0.000125695
17,17,a,pun,daze,longs,-0.340935657,-0.17518217,4.85E-08,4.85E-08
17,17,a,pun,daze,school,-0.178407141,0.829777152,0.00155763,0.00155763
17,17,a,pun,daze,teacher,-0.653580937,-0.010627663,3.51E-05,3.51E-05
17,17,a,pun,daze,time,-0.436061797,1.575538749,0.0815407,0.0815407
17,17,a,pun,daze,tough,-0.333186385,0.093878323,0.00234481,0.00234481
18,18,a,pun,prose,prose,2,0,3.08E-05,4.43E-07
18,18,a,pun,prose,authors,0.915941599,0.040325601,9.09E-06,9.09E-06
18,18,a,pun,prose,cons,-0.587049833,1.562762916,2.89E-05,0.276318
18,18,a,pun,prose,jail,-0.696797307,-0.674232177,0.000671505,0.000671505
19,19,a,pun,plane,plane,2,0,2.94E-07,0.00067388
19,19,a,pun,plane,eat,-0.144761088,-0.226245133,0.000574146,0.000574146
19,19,a,pun,plane,expect,-0.382682084,-0.672960552,0.00958687,0.00958687
19,19,a,pun,plane,fancy,-0.202904824,0.324450008,1.27E-05,1.27E-05
19,19,a,pun,plane,flying,1.816222237,-0.512024581,0.000791233,0.000791233
19,19,a,pun,plane,food,0.151330212,0.23343159,2.59E-06,0.000370926
19,19,a,pun,plane,not,-0.749886832,-0.288942001,0.175522,0.175522
20,20,a,pun,dam,dam,2,0,1.58E-06,5.97E-05
20,20,a,pun,dam,beaver,1.758858353,0.156040259,1.58E-05,1.58E-05
20,20,a,pun,dam,best,-0.739470846,-0.310985493,0.0130492,0.0130492
20,20,a,pun,dam,ever,-0.714138324,-0.570525947,0.0132409,0.0132409
20,20,a,pun,dam,movie,-0.735985557,-0.585364406,1.18E-07,1.18E-07
20,20,a,pun,dam,movie,-0.735985557,-0.585364406,1.63E-07,2.70E-07
20,20,a,pun,dam,night,-0.520710889,-0.514829836,0.0361392,0.0361392
20,20,a,pun,dam,saw,-0.307453941,-0.763361954,5.65E-06,5.65E-06
20,20,a,pun,dam,seen,-0.690693545,-0.680358393,0.151568,0.151568
21,21,a,pun,hertz,hertz,2,0,1.79E-07,4.58E-05
21,21,a,pun,hertz,computer,1.118191817,-0.50140918,0.000381153,0.000381153
21,21,a,pun,hertz,slow,-0.302989984,-0.470437756,0.00130052,0.00130052
22,22,a,pun,role,role,2,0,0.000470951,0.000737774
22,22,a,pun,role,actors,1.601986906,-0.305783932,4.37E-05,4.37E-05
22,22,a,pun,role,great,-0.283150414,-0.515024286,0.00259491,0.00259491
22,22,a,pun,role,movie,1.532476003,0.594719169,8.27E-05,8.27E-05
23,23,a,pun,collar,collar,2,0,7.22E-09,2.48E-07
23,23,a,pun,collar,id,0.40944158,1.368685278,9.60E-08,0.0158395
23,23,a,pun,collar,man,0.233988351,0.085463008,0.00202683,0.00202683
23,23,a,pun,collar,name,-0.106902364,0.722813874,0.0155113,0.0155113
23,23,a,pun,collar,neck,1.638391002,-0.492296779,4.52E-06,4.52E-06
23,23,a,pun,collar,put,-0.622695174,-0.719297165,0.000620472,0.000620472
23,23,a,pun,collar,shirt,1.569426463,-0.621766767,0.00219247,0.00219247
24,24,a,pun,steal,steal,2,0,2.40E-08,0.000205567
24,24,a,pun,steal,muscles,-0.453849102,-0.143208756,2.98E-05,2.98E-05
24,24,a,pun,steal,thieves,2.083308461,-0.301460132,2.93E-06,2.93E-06
25,25,a,pun,dye,dye,2,0,2.02E-08,0.00346222
25,25,a,pun,dye,actress,-0.191653442,-0.37253657,0.00264633,0.00264633
25,25,a,pun,dye,gray,0.733598121,0.011905704,0.00567536,0.00567536
25,25,a,pun,dye,hair,1.523473926,-0.704851099,0.0637067,0.0637067
25,25,a,pun,dye,saw,-0.701321696,-0.302942596,9.58E-07,9.58E-07
25,25,a,pun,dye,strands,0.594733015,-0.437879686,1.11E-05,1.11E-05
25,25,a,pun,dye,thought,-0.82578583,-0.598395341,0.00205575,0.00205575
26,26,a,pun,waist,waist,2,0,1.40E-05,0.00244079
26,26,a,pun,waist,belt,1.597962543,-0.347338501,2.95E-07,2.95E-07
26,26,a,pun,waist,cardboard,-0.76867622,0.720292439,2.90E-05,2.90E-05
26,26,a,pun,waist,paper,-0.586922992,0.715106249,0.000221212,0.00400724
27,27,a,pun,feet,feet,2,0,3.70E-07,0.000851363
27,27,a,pun,feet,able,-0.318576775,0.192267427,0.0428925,0.0428925
27,27,a,pun,feet,being,-0.606391309,-0.32027531,3.17E-06,3.17E-06
27,27,a,pun,feet,fit,-0.037323991,-0.561509507,0.000627158,0.000627158
27,27,a,pun,feet,fourteen,0.377560615,-0.690051472,4.50E-07,4.50E-07
27,27,a,pun,feet,quite,-0.593675754,-0.190079146,0.000127876,0.000127876
27,27,a,pun,feet,shoes,1.661397429,-0.582987908,7.89E-07,7.89E-07
27,27,a,pun,feet,size,0.721870727,-0.45251572,7.45E-07,7.45E-07
28,28,a,pun,aloud,aloud,2,0,1.24E-05,0.00427151
28,28,a,pun,aloud,mime,-0.332451663,-0.701130918,7.51E-06,7.51E-06
28,28,a,pun,aloud,not,-0.538579436,-0.329427842,0.0283726,0.0283726
28,28,a,pun,aloud,say,1.335776396,-0.033663658,0.0226689,0.0226689
28,28,a,pun,aloud,wanted,-0.635801964,0.328884943,6.54E-07,6.54E-07
29,29,a,pun,pail,pail,2,0,1.17E-07,1.62E-07
29,29,a,pun,pail,buckets,1.416678201,-0.029501143,7.51E-05,7.51E-05
29,29,a,pun,pail,carry,0.829926254,-0.217803528,0.000520998,0.000520998
29,29,a,pun,pail,feeling,-0.685825422,-0.256058431,0.00134202,0.00134202
29,29,a,pun,pail,start,-0.712694931,-0.750168933,1.55E-08,1.55E-08
29,29,a,pun,pail,those,-0.716689837,-0.83061309,6.46E-06,6.46E-06
30,30,a,pun,manor,manor,2,0,4.07E-05,0.00439146
30,30,a,pun,manor,castle,1.698588817,0.10552875,0.00616594,0.00616594
30,30,a,pun,manor,home,1.322936486,-0.345664258,0.00139031,0.00139031
30,30,a,pun,manor,man's,-0.272675645,-0.295230845,0.000521151,0.000521151
30,30,a,pun,manor,speaking,-0.458717251,0.646434966,2.88E-07,0.035517
31,31,a,pun,cache,cache,2,0,1.30E-08,1.30E-08
31,31,a,pun,cache,chips,-0.819637414,0.7956559,9.38E-05,9.38E-05
31,31,a,pun,cache,computer,1.505761556,-0.123120412,0.000411391,0.000411391
31,31,a,pun,cache,ended,-0.603802302,-0.454443007,0.00280029,0.00280029
31,31,a,pun,cache,online,1.029892406,-0.181050587,0.000274406,0.000274406
31,31,a,pun,cache,poker,-0.2132602,1.316488685,6.32E-07,6.32E-07
31,31,a,pun,cache,suddenly,-0.675640845,-0.56330868,0.000293909,0.000293909
31,31,a,pun,cache,tournament,-0.729033819,0.755545695,2.56E-07,2.56E-07
32,32,a,pun,reign,reign,2,0,0.000222129,2.02E-05
32,32,a,pun,reign,britain,1.042022668,0.061046913,1.79E-05,1.79E-05
32,32,a,pun,reign,long,0.642961873,-0.350116242,0.0116986,0.0116986
32,32,a,pun,reign,place,-0.024887767,-0.136697917,2.39E-06,2.39E-06
32,32,a,pun,reign,queen,1.752883517,-0.702310804,0.000533465,0.000533465
32,32,a,pun,reign,wet,-0.759895853,2.093230813,3.50E-05,3.50E-05
33,33,a,pun,thyme,thyme,2,0,1.50E-07,0.00119477
33,33,a,pun,thyme,extra,-0.718040206,0.421663016,1.71E-05,1.71E-05
33,33,a,pun,thyme,gardeners,1.344828955,-0.444254531,1.20E-07,1.20E-07
33,33,a,pun,thyme,get,-0.459086859,-0.3333092,2.69E-06,2.69E-06
33,33,a,pun,thyme,herb,1.966137607,-0.532604413,8.19E-07,8.19E-07
33,33,a,pun,thyme,work,-0.633998157,0.870582592,0.00208931,0.00208931
34,34,a,pun,pore,pore,2,0,4.49E-06,0.00121916
34,34,a,pun,pore,bad,-0.52912533,0.507396557,0.000209559,0.000209559
34,34,a,pun,pore,excuse,-0.797260382,0.546949903,9.60E-08,0.00149134
34,34,a,pun,pore,say,-0.721007352,-0.598910423,0.00502904,0.00502904
34,34,a,pun,pore,say,-0.721007352,-0.598910423,0.0518257,0.0518257
34,34,a,pun,pore,skin,1.711512432,-0.24986229,0.000346181,0.000346181
35,35,a,pun,gilt,gilt,2,0,1.10E-05,1.72E-05
35,35,a,pun,gilt,complex,-0.330724331,0.662758497,6.24E-07,0.426844
35,35,a,pun,gilt,gold,0.294488666,-0.391441182,0.000695513,0.000695513
35,35,a,pun,gilt,like,-0.379747841,-0.621661154,0.00210371,0.00210371
35,35,a,pun,gilt,paint,-0.023620318,-0.781460533,0.00015256,0.00015256
35,35,a,pun,gilt,people,-0.302710537,0.305665447,1.70E-05,1.70E-05
36,36,a,pun,heir,heir,2,0,4.85E-05,7.65E-05
36,36,a,pun,heir,human,0.509669411,0.408764856,0.000224432,0.664512
37,37,a,pun,son,son,2,0,1.59E-05,0.000668427
37,37,a,pun,son,boy,1.493254391,-0.761227994,6.93E-05,6.93E-05
37,37,a,pun,son,got,-0.750504706,-0.646079413,0.0134105,0.0134105
37,37,a,pun,son,only,0.055293382,-0.665076312,0.000420018,0.000420018
37,37,a,pun,son,rest,-0.494602382,-0.515133451,1.27E-08,1.27E-08
38,38,a,pun,c's,c's,2,0,8.36E-08,0.01616
38,38,a,pun,c's,cannot,-0.561368366,-0.834120549,0.00544906,0.00544906
38,38,a,pun,c's,high,-0.577071422,1.15987515,0.00332927,0.00332927
38,38,a,pun,c's,hit,-0.752815211,-0.617809813,6.71E-05,6.71E-05
38,38,a,pun,c's,make,-0.583384169,-0.650018431,2.76E-06,2.76E-06
38,38,a,pun,c's,novice,-0.620696349,-0.59044442,1.52E-06,1.52E-06
38,38,a,pun,c's,pirates,-0.750032,1.633184002,2.12E-07,2.12E-07
38,38,a,pun,c's,singers,-0.351746838,-0.721792247,1.10E-07,1.10E-07
38,38,a,pun,c's,terrible,-0.480278263,0.208366564,6.32E-05,6.32E-05
39,39,a,pun,watt,watt,2,0,2.06E-07,0.0369958
39,39,a,pun,watt,bright,1.27752717,-0.808464664,0.000302437,0.000302437
39,39,a,pun,watt,electrician,1.599986887,-0.565610687,1.36E-05,1.36E-05
39,39,a,pun,watt,knows,-0.750032,0.249689963,0.00126441,0.00126441
39,39,a,pun,watt,spark,0.669217971,-0.667509975,0.00171267,0.00171267
39,39,a,pun,watt,what's,-0.750032,1.727922581,0.0064478,0.0064478
40,40,a,pun,razor,razor,2,0,2.86E-08,0.00529044
40,40,a,pun,razor,budget,-0.576139639,-0.304511824,0.000195294,0.000195294
40,40,a,pun,razor,fund,-0.729274222,0.810271506,0.000190895,0.000190895
40,40,a,pun,razor,mayor,-0.795271193,-0.482292327,0.000172545,0.000172545
40,40,a,pun,razor,slash,1.301105911,-0.899042296,1.97E-07,1.97E-07
40,40,a,pun,razor,turned,-0.706402674,-0.628219204,0.000431619,0.000431619
40,40,a,pun,razor,wanted,-0.461981485,-0.503213354,2.90E-07,2.90E-07
41,41,a,pun,knot,knot,2,0,7.38E-06,0.00542818
41,41,a,pun,knot,boyscouts,1.270743321,-0.764521658,0.00148881,0.00148881
41,41,a,pun,knot,know,-0.671753276,-0.418404378,2.41E-08,2.41E-08
41,41,a,pun,knot,ropes,1.821020782,-0.748587042,7.40E-08,7.40E-08
41,41,a,pun,knot,tie,1.837738897,-0.658961115,5.69E-05,5.69E-05
42,42,a,pun,wood,wood,2,0,7.66E-05,5.70E-05
42,42,a,pun,wood,ask,-0.74058236,0.281509494,0.00872753,0.00872753
42,42,a,pun,wood,ask,-0.74058236,0.281509494,0.00079875,0.000574005
42,42,a,pun,wood,trees,2.166448306,-0.589968992,1.46E-05,1.46E-05
43,43,a,pun,grader,grader,2,0,9.87E-09,0.00513445
43,43,a,pun,grader,afraid,-0.628551925,-0.660464671,7.17E-05,7.17E-05
43,43,a,pun,grader,cheddar,-0.1587744,1.420513106,3.97E-07,3.97E-07
43,43,a,pun,grader,cheese,0.057620908,1.660631265,7.27E-06,7.27E-06
43,43,a,pun,grader,colby,-0.446397203,0.304746483,4.94E-07,4.94E-07
43,43,a,pun,grader,jack,-0.518138013,-0.583510489,5.08E-06,5.08E-06
43,43,a,pun,grader,jr,-0.465027397,-0.812516837,2.64E-08,2.64E-08
43,43,a,pun,grader,person,0.508207023,-0.75143754,0.000518671,0.000518671
43,43,a,pun,grader,school,1.38403971,-0.887355743,0.00042049,0.00042049
44,44,a,pun,eye,eye,2,0,1.06E-06,0.00388565
44,44,a,pun,eye,blind,1.633367495,-0.682200263,0.000304547,0.000304547
44,44,a,pun,eye,see,1.716412583,-0.407484277,0.00485822,0.115105
45,45,a,pun,cell,cell,2,0,4.54E-05,0.000403028
45,45,a,pun,cell,biology,1.899746806,-0.668966778,4.27E-05,4.27E-05
45,45,a,pun,cell,keep,-0.167399992,0.284274609,0.00477249,0.00477249
45,45,a,pun,cell,know,-0.600469468,-0.406087292,0.0975056,0.0975056
45,45,a,pun,cell,program,-0.188208976,0.163641109,0.0071092,0.0071092
45,45,a,pun,cell,whether,-0.70958237,-0.557729007,0.0394558,0.0394558
46,46,a,pun,scent,scent,2,0,5.42E-06,1.54E-05
46,46,a,pun,scent,cost,-0.718257531,1.670044311,0.0061447,0.0061447
46,46,a,pun,scent,get,-0.77925162,-0.590832723,0.00598751,0.00338571
46,46,a,pun,scent,rid,-0.244247527,-0.686738689,0.0249333,0.0249333
46,46,a,pun,scent,smell,2.062695781,-0.846756795,5.54E-05,5.54E-05
47,47,a,pun,course,course,2,0,1.62E-06,0.000134765
47,47,a,pun,course,class,1.427448953,-0.333612223,1.78E-06,1.78E-06
47,47,a,pun,course,just,-0.51112576,-0.606275298,0.0140908,0.0140908
47,47,a,pun,course,liking,-0.480204271,-0.687722396,0.00913553,0.00913553
47,47,a,pun,course,rough,0.101915678,1.849272922,6.34E-05,6.34E-05
47,47,a,pun,course,stick,-0.582361944,-0.381049564,0.000163768,0.000163768
47,47,a,pun,course,tried,-0.151422091,-0.722080095,0.00314017,0.00314017
48,48,a,pun,deer,deer,2,0,4.64E-08,0.000156094
48,48,a,pun,deer,pet,0.228277311,0.1898141,5.94E-05,5.94E-05
48,48,a,pun,deer,very,-0.82008547,-0.202505068,0.000507823,0.000507823
49,49,a,pun,bee,bee,2,0,2.75E-06,0.0676358
49,49,a,pun,bee,hive,1.99161332,-0.67396499,2.87E-05,2.87E-05
49,49,a,pun,bee,long,-0.676077564,-0.371411379,0.862273,0.862273
49,49,a,pun,bee,want,-0.543120328,-0.212850968,0.0983657,0.0983657
50,50,a,pun,brake,brake,2,0,1.08E-05,0.00208667
50,50,a,pun,brake,careful,0.678402617,0.065577869,0.182404,0.182404
50,50,a,pun,brake,fast,0.659288052,0.481797687,0.00159183,0.00159183
50,50,a,pun,brake,not,-0.701227256,-0.585134454,0.143247,0.143247
50,50,a,pun,brake,really,-0.653005421,-0.433639757,8.55E-07,8.55E-07
50,50,a,pun,brake,run,-0.036327434,0.360466076,0.00106386,0.00106386
51,51,a,pun,flour,flour,2,0,3.57E-07,7.27E-07
51,51,a,pun,flour,brought,-0.558813333,0.069641627,5.60E-07,5.60E-07
51,51,a,pun,flour,chef,1.383582874,-0.748757797,0.00900026,0.00900026
51,51,a,pun,flour,day,-0.652054579,0.027390137,0.772638,0.772638
51,51,a,pun,flour,girlfriend,-0.785812624,0.549974398,0.000869809,0.000869809
51,51,a,pun,flour,pastry,1.813321928,-0.338104018,1.65E-05,1.65E-05
51,51,a,pun,flour,valentine's,-0.564782772,1.36529413,2.93E-05,1.20E-05
52,52,a,pun,fare,fare,2,0,6.22E-08,0.0141767
52,52,a,pun,fare,driver,0.801534234,-0.431253583,0.000103957,0.000103957
52,52,a,pun,fare,insisted,-0.667750995,-0.061648,9.39E-09,9.39E-09
52,52,a,pun,fare,toll,1.556833585,0.367733434,1.95E-05,1.95E-05
52,52,a,pun,fare,wasn't,-0.640278029,-0.035485422,0.000224782,0.000224782
53,53,a,pun,heel,heel,2,0,8.65E-09,2.58E-05
53,53,a,pun,heel,foot,1.940974239,-0.087361429,0.0452936,0.0452936
53,53,a,pun,heel,injured,0.057277285,1.472511115,1.90E-05,1.90E-05
53,53,a,pun,heel,just,-0.824635495,-0.688196532,0.00291757,0.00291757
54,54,a,pun,hymn,hymn,2,0,1.38E-06,0.0215989
54,54,a,pun,hymn,perform,0.661800948,0.109566256,0.000491567,0.000491567
54,54,a,pun,hymn,priest,1.136078096,0.835605283,1.58E-07,1.58E-07
54,54,a,pun,hymn,song,1.83254005,-0.550481657,0.0115617,0.0115617
54,54,a,pun,hymn,wrote,0.463668465,-0.268573499,4.39E-06,4.39E-06
55,55,a,pun,no's,no's,2,0,6.24E-08,0.0427093
55,55,a,pun,no's,best,-0.580979706,0.197022525,2.88E-06,0.42896
55,55,a,pun,no's,mother,0.002822517,0.096348478,3.30E-06,3.30E-06
56,56,a,pun,inn,inn,2,0,1.11E-05,0.052147
56,56,a,pun,inn,hotel,1.902320928,-0.065879193,0.000977538,0.000977538
56,56,a,pun,inn,made,-0.564564491,-0.071033816,0.000253903,0.000253903
56,56,a,pun,inn,sleep,1.426429404,-0.208159509,0.00248205,0.00248205
56,56,a,pun,inn,stayed,0.708630598,0.302022196,0.00033109,0.00033109
56,56,a,pun,inn,sure,-0.796065211,-0.314133727,0.0251408,0.0251408
57,57,a,pun,idol,idol,2,0,3.98E-08,1.00E-05
57,57,a,pun,idol,celebrity,1.630079064,-0.497385494,6.25E-06,6.25E-06
57,57,a,pun,idol,looking,-0.237904966,-0.067710448,0.00143755,0.00143755
57,57,a,pun,idol,realized,-0.382846755,-0.71578071,0.00478738,0.00478738
57,57,a,pun,idol,spent,-0.810311842,-0.533821451,0.000983558,0.000983558
57,57,a,pun,idol,time,-0.582583342,0.693466411,0.429291,0.429291
57,57,a,pun,idol,want,0.125242085,-0.65285615,0.149047,0.149047
58,58,a,pun,maid,maid,2,0,1.80E-08,0.00150574
58,58,a,pun,maid,clean,1.43335711,-0.217471608,0.000233185,0.000233185
58,58,a,pun,maid,up,-0.636687235,0.028415389,0.291375,0.291375
58,58,a,pun,maid,want,-0.346160818,-0.390418074,0.149047,0.149047
59,59,a,pun,nun,nun,2,0,9.60E-08,5.02E-07
59,59,a,pun,nun,cared,0.258241812,-0.719476434,3.15E-08,3.15E-08
59,59,a,pun,nun,church,1.511023217,-0.661351908,0.000317736,0.000317736
59,59,a,pun,nun,new,-0.512519397,-0.636518895,0.000416308,0.000416308
59,59,a,pun,nun,opened,-0.725367293,-0.694379985,0.000104982,0.000104982
60,60,a,pun,mourning,mourning,2,0,1.28E-05,3.61E-05
60,60,a,pun,mourning,cried,1.519026606,-0.622012371,0.000173829,0.000173829
60,60,a,pun,mourning,up,-0.130271793,0.98398147,0.389766,0.389766
60,60,a,pun,mourning,woke,-0.343863179,1.54108883,0.00667645,0.00667645
61,61,a,pun,meat,meat,2,0,5.28E-08,0.00394607
61,61,a,pun,meat,butcher,1.86152445,-0.480239123,0.000115481,0.000115481
61,61,a,pun,meat,glad,-0.624577141,0.214778506,0.00525048,0.00525048
61,61,a,pun,meat,very,-0.750802155,-0.635296521,0.00387429,0.00387429
62,62,a,pun,reel,reel,2,0,3.42E-08,0.000254465
62,62,a,pun,reel,believe,-0.517334344,0.857271047,0.00168764,0.00168764
62,62,a,pun,reel,caught,0.309116965,-0.65036339,0.000193707,0.000193707
62,62,a,pun,reel,fisherman,1.367889734,-0.26450889,3.42E-06,3.42E-06
62,62,a,pun,reel,think,-0.575037021,-0.281010289,0.0207556,0.0207556
63,63,a,pun,pear,pear,2,0,5.82E-06,7.98E-05
63,63,a,pun,pear,brave,-0.784706099,-0.727246795,2.42E-05,2.42E-05
63,63,a,pun,pear,enough,-0.742273829,-0.415330884,0.151631,0.151631
63,63,a,pun,pear,farmer,0.818799098,-0.57056734,0.000278025,0.000278025
63,63,a,pun,pear,fruit,1.888157498,-0.064065931,9.62E-06,9.62E-06
63,63,a,pun,pear,grow,0.684217304,-0.085698222,0.000373032,0.000373032
64,64,a,pun,pray,pray,2,0,4.60E-07,0.522571
64,64,a,pun,pray,birds,-0.31666961,0.980555011,0.00147652,0.00147652
64,64,a,pun,pray,birds,-0.31666961,0.980555011,3.07E-05,3.07E-05
64,64,a,pun,pray,parish,1.555833381,-0.329569116,0.000579344,0.000579344
65,65,a,pun,root,root,2,0,7.19E-05,0.00577511
65,65,a,pun,root,better,-0.653153598,-0.074700608,0.0462096,0.0462096
65,65,a,pun,root,different,-0.628259539,0.072262058,0.0095227,0.0095227
65,65,a,pun,root,farm,0.785424192,-0.324646459,0.00317408,0.00317408
65,65,a,pun,root,make,-0.640564017,-0.136643945,0.0121941,0.0121941
65,65,a,pun,root,take,-0.599633919,0.425023793,0.0216307,0.0216307
65,65,a,pun,root,tree,1.261934181,-0.493103037,0.000757395,0.000757395
65,65,a,pun,root,want,-0.821371667,-0.533964192,0.0304622,0.0304622
65,65,a,pun,root,way,-0.54305294,1.57234326,0.0416467,0.0416467
66,1,a,depunned,prophet,prophet,2,0,4.70E-08,0.00125414
66,1,a,depunned,prophet,nationalism,-0.058351208,-0.021314378,1.57E-07,1.57E-07
66,1,a,depunned,prophet,non,-0.650018431,0.76452703,5.71E-05,5.71E-05
66,1,a,depunned,prophet,organization,0.123608176,1.344302809,6.18E-07,3.56E-07
67,2,a,depunned,pi,pi,2,0,3.71E-07,1.44E-05
67,2,a,depunned,pi,get,-0.532050103,-0.213873793,0.00223502,0.00223502
67,2,a,depunned,pi,large,-0.196874277,0.203214357,8.63E-05,8.63E-05
67,2,a,depunned,pi,waistline,-0.7108886,0.520186144,1.99E-07,1.99E-07
68,3,a,depunned,knead,knead,2,0,4.36E-07,0.000150958
68,3,a,depunned,knead,basis,-0.724020559,0.363879125,7.95E-05,7.95E-05
68,3,a,depunned,knead,cake,0.12823403,-0.555317628,7.01E-07,7.01E-07
68,3,a,depunned,knead,know,-0.664626706,-0.08894483,0.00317724,0.241277
68,3,a,depunned,knead,mothers,-0.548335746,0.424642178,7.91E-07,7.91E-07
68,3,a,depunned,knead,recipes,1.004924966,-0.181518542,0.00273625,0.00273625
68,3,a,depunned,knead,trade,-0.58008783,0.499910519,1.73E-06,1.73E-06
69,4,a,depunned,oar,oar,2,0,8.32E-09,0.00144868
69,4,a,depunned,oar,choose,-0.51196844,1.166963655,0.000613834,0.000613834
69,4,a,depunned,oar,customer,-0.718695956,-0.604678545,2.07E-06,2.07E-06
69,4,a,depunned,oar,either,-0.745201312,1.802274457,0.000590476,0.000590476
69,4,a,depunned,oar,indecisive,-0.736316505,0.924511546,1.51E-06,1.51E-06
69,4,a,depunned,oar,not,-0.73898887,0.061294261,0.00278137,0.00278137
70,5,a,depunned,tiers,tiers,2,0,1.39E-05,0.00185052
70,5,a,depunned,tiers,emotional,-0.093719285,1.613409237,0.00259336,0.00259336
70,5,a,depunned,tiers,even,-0.21256834,-0.643260403,0.000293954,0.000293954
70,5,a,depunned,tiers,mother-in-law,-0.581648779,0.008489572,4.63E-06,4.63E-06
70,5,a,depunned,tiers,wedding,0.363679868,1.167013135,9.17E-07,9.17E-07
71,6,a,depunned,poll,poll,2,0,0.222026,1.46E-07
71,6,a,depunned,poll,conduct,0.79637133,-0.131050615,0.00048967,0.00048967
71,6,a,depunned,poll,country,-0.020817463,-0.441639232,0.000791509,0.000791509
71,6,a,depunned,poll,decided,0.888379398,-0.438823318,0.000173274,0.000173274
71,6,a,depunned,poll,gallup,0.685861504,0.133668179,5.61E-06,5.61E-06
71,6,a,depunned,poll,new,-0.30941208,-0.573021617,0.00191463,0.00191463
72,7,a,depunned,bored,bored,2,0,1.34E-05,0.000623643
72,7,a,depunned,bored,chairman,-0.257766851,1.891566794,2.05E-05,2.05E-05
72,7,a,depunned,bored,executive,-0.232066116,1.514850716,5.63E-05,5.63E-05
72,7,a,depunned,bored,galas,-0.687181246,-0.540874047,1.80E-08,1.80E-08
73,8,a,depunned,greece,greece,2,0,6.92E-05,3.97E-07
73,8,a,depunned,greece,dolmas,0.557215052,-0.274341775,0.0241599,0.0241599
73,8,a,depunned,greece,know,-0.577456692,-0.669045928,0.541176,0.541176
73,8,a,depunned,greece,made,-0.564552226,-0.586369571,0.0140678,0.0140678
74,9,a,depunned,sine,sine,2,0,2.68E-05,0.000534506
74,9,a,depunned,sine,above,-0.539975973,-0.011263401,0.000473031,0.000265614
74,9,a,depunned,sine,biology,-0.500066547,-0.394003312,3.39E-05,3.39E-05
74,9,a,depunned,sine,hoping,-0.763760078,-0.145123348,0.00357615,0.00357615
74,9,a,depunned,sine,prayed,-0.781460533,0.347605059,9.96E-06,9.96E-06
74,9,a,depunned,sine,tests,-0.122511114,-0.19480109,6.92E-07,6.92E-07
75,10,a,depunned,principal,principal,2,0,1.02E-05,0.000815741
75,10,a,depunned,principal,church,-0.313258918,0.263537248,0.000121899,0.000121899
75,10,a,depunned,principal,disliked,-0.136515567,0.099790292,1.80E-08,1.80E-08
75,10,a,depunned,principal,john,-0.059251367,-0.438655141,0.000104585,0.000104585
75,10,a,depunned,principal,just,0.366797927,1.030609819,0.0140908,0.0140908
75,10,a,depunned,principal,not,-0.750032,-0.574541502,0.020748,0.020748
76,11,a,depunned,cd,cd,2,0,1.79E-05,6.62E-05
76,11,a,depunned,cd,grocery,-0.812398877,-0.325687241,1.32E-08,1.32E-08
76,11,a,depunned,cd,part,-0.422293117,-0.118107336,2.36E-06,2.53E-06
76,11,a,depunned,cd,stores,0.803521617,-0.392169307,0.0809191,0.0809191
76,11,a,depunned,cd,town,-0.67697029,-0.143891918,0.00127732,0.00127732
77,12,a,depunned,hare,hare,2,0,1.04E-07,0.00590069
77,12,a,depunned,hare,got,-0.805884849,-0.523207923,1.37E-06,1.37E-06
77,12,a,depunned,hare,mad,-0.399919617,-0.399004337,0.000165815,0.000165815
77,12,a,depunned,hare,out,-0.832510067,-0.341957696,0.0017878,0.00776689
77,12,a,depunned,hare,professor,-0.809929124,-0.50178195,0.000116498,0.000116498
77,12,a,depunned,hare,pulled,-0.746881884,0.793711827,0.000483548,0.000483548
78,13,a,depunned,knotty,knotty,2,0,4.33E-08,5.07E-05
78,13,a,depunned,knotty,admonished,-0.648839231,0.304300529,4.72E-06,4.72E-06
78,13,a,depunned,knotty,apparently,-0.750032,-0.483787797,4.77E-09,4.77E-09
78,13,a,depunned,knotty,boy,-0.524156448,0.340873612,0.0124238,0.0124238
78,13,a,depunned,knotty,father,-0.795986539,-0.415566217,0.0278831,0.0278831
78,13,a,depunned,knotty,young,-0.639578699,0.14893242,0.000544319,0.000544319
79,14,a,depunned,taut,taut,2,0,4.04E-08,0.000927329
79,14,a,depunned,taut,learn,-0.576975932,1.71226036,0.00106693,0.00106693
79,14,a,depunned,taut,skateboard,-0.758430767,0.04259686,1.12E-08,1.12E-08
79,14,a,depunned,taut,tricks,-0.474706301,0.383502192,5.02E-07,5.02E-07
80,15,a,depunned,marx,marx,2,0,9.60E-08,6.18E-07
80,15,a,depunned,marx,class,0.578105668,0.545062066,3.17E-06,3.17E-06
80,15,a,depunned,marx,dropped,-0.781460533,-0.166436781,0.000253511,0.000253511
80,15,a,depunned,marx,lousy,-0.700099018,-0.02914144,1.86E-06,1.86E-06
80,15,a,depunned,marx,math,-0.767959074,0.389682321,3.78E-08,3.78E-08
80,15,a,depunned,marx,out,-0.706776015,-0.468658789,0.0336075,0.0336075
81,16,a,depunned,hi,hi,2,0,2.42E-07,0.000292843
81,16,a,depunned,hi,boy,-0.417689106,-0.437116177,0.000334479,0.000334479
81,16,a,depunned,hi,instinctively,-0.349854622,-0.38716255,3.41E-05,3.41E-05
81,16,a,depunned,hi,natural,-0.689691795,-0.157847829,0.00137992,0.00137992
81,16,a,depunned,hi,risks,-0.304743819,0.459151963,0.000752236,0.000752236
81,16,a,depunned,hi,takes,-0.693282177,-0.668717148,0.000740473,0.000740473
82,17,a,depunned,daze,daze,2,0,3.35E-05,0.000528799
82,17,a,depunned,daze,end,-0.781159905,-0.001792814,0.000907693,0.000907693
82,17,a,depunned,daze,having,-0.930877055,-0.402625515,0.000125695,0.000125695
82,17,a,depunned,daze,longs,-0.340935657,-0.17518217,4.85E-08,4.85E-08
82,17,a,depunned,daze,school,-0.178407141,0.829777152,0.00155763,0.00155763
82,17,a,depunned,daze,teacher,-0.653580937,-0.010627663,3.51E-05,3.51E-05
82,17,a,depunned,daze,time,-0.436061797,1.575538749,0.0815407,0.0815407
82,17,a,depunned,daze,tough,-0.333186385,0.093878323,0.00234481,0.00234481
83,18,a,depunned,prose,prose,2,0,3.08E-05,4.43E-07
83,18,a,depunned,prose,bankers,-0.691174695,0.022727157,4.53E-08,4.53E-08
83,18,a,depunned,prose,cons,-0.587049833,1.562762916,2.89E-05,0.276318
83,18,a,depunned,prose,jail,-0.696797307,-0.674232177,0.000580172,0.000580172
84,19,a,depunned,plane,plane,2,0,2.94E-07,0.00067388
84,19,a,depunned,plane,driving,-0.083360439,-0.610864636,0.00095338,0.00095338
84,19,a,depunned,plane,eat,-0.144761088,-0.226245133,0.000574146,0.000574146
84,19,a,depunned,plane,expect,-0.382682084,-0.672960552,0.00958687,0.00958687
84,19,a,depunned,plane,fancy,-0.202904824,0.324450008,1.27E-05,1.27E-05
84,19,a,depunned,plane,food,0.151330212,0.23343159,2.59E-06,0.000370926
84,19,a,depunned,plane,not,-0.749886832,-0.288942001,0.175522,0.175522
85,20,a,depunned,dam,dam,2,0,1.58E-06,5.97E-05
85,20,a,depunned,dam,best,-0.739470846,-0.310985493,0.0130492,0.0130492
85,20,a,depunned,dam,ever,-0.714138324,-0.570525947,0.0132409,0.0132409
85,20,a,depunned,dam,horror,-0.572337553,0.336131541,1.37E-05,1.37E-05
85,20,a,depunned,dam,movie,-0.735985557,-0.585364406,0.0976563,0.0976563
85,20,a,depunned,dam,movie,-0.735985557,-0.585364406,1.63E-07,2.70E-07
85,20,a,depunned,dam,night,-0.520710889,-0.514829836,0.0361392,0.0361392
85,20,a,depunned,dam,saw,-0.307453941,-0.763361954,5.65E-06,5.65E-06
85,20,a,depunned,dam,seen,-0.690693545,-0.680358393,0.151568,0.151568
86,21,a,depunned,hertz,hertz,2,0,1.79E-07,4.58E-05
86,21,a,depunned,hertz,horse,-0.772358068,-0.473041096,0.000893843,0.000893843
86,21,a,depunned,hertz,slow,-0.302989984,-0.470437756,0.00130052,0.00130052
87,22,a,depunned,role,role,2,0,0.000470951,0.000737774
87,22,a,depunned,role,directors,1.313794948,0.161933505,8.30E-05,8.30E-05
87,22,a,depunned,role,great,-0.283150414,-0.515024286,0.00259491,0.00259491
87,22,a,depunned,role,movie,1.532476003,0.594719169,8.27E-05,8.27E-05
88,23,a,depunned,collar,collar,2,0,7.22E-09,2.48E-07
88,23,a,depunned,collar,id,0.40944158,1.368685278,9.60E-08,0.0158395
88,23,a,depunned,collar,man,0.233988351,0.085463008,0.00202683,0.00202683
88,23,a,depunned,collar,name,-0.106902364,0.722813874,0.0155113,0.0155113
88,23,a,depunned,collar,pocket,0.491531192,-0.282536407,2.64E-05,2.64E-05
88,23,a,depunned,collar,put,-0.622695174,-0.719297165,0.000620472,0.000620472
88,23,a,depunned,collar,shirt,1.569426463,-0.621766767,0.00219247,0.00219247
89,24,a,depunned,steal,steal,2,0,2.40E-08,0.000205567
89,24,a,depunned,steal,bodybuilders,-0.649597703,0.250448323,1.53E-07,1.53E-07
89,24,a,depunned,steal,muscles,-0.453849102,-0.143208756,3.59E-05,3.59E-05
90,25,a,depunned,dye,dye,2,0,2.02E-08,0.00346222
90,25,a,depunned,dye,actress,-0.191653442,-0.37253657,0.00264633,0.00264633
90,25,a,depunned,dye,saw,-0.701321696,-0.302942596,9.58E-07,9.58E-07
90,25,a,depunned,dye,thought,-0.82578583,-0.598395341,0.00278213,0.00278213
90,25,a,depunned,dye,wrinkle,-0.271485603,-0.059769336,1.24E-08,1.24E-08
91,26,a,depunned,waist,waist,2,0,1.40E-05,0.00244079
91,26,a,depunned,waist,cardboard,-0.76867622,0.720292439,2.90E-05,2.90E-05
91,26,a,depunned,waist,fort,-0.700031899,-0.684103355,2.18E-07,2.18E-07
91,26,a,depunned,waist,paper,-0.586922992,0.715106249,0.000221212,0.00400724
92,27,a,depunned,feet,feet,2,0,3.70E-07,0.000851363
92,27,a,depunned,feet,able,-0.318576775,0.192267427,0.0428925,0.0428925
92,27,a,depunned,feet,being,-0.606391309,-0.32027531,3.17E-06,3.17E-06
92,27,a,depunned,feet,fit,-0.037323991,-0.561509507,0.000627158,0.000627158
92,27,a,depunned,feet,fourteen,0.377560615,-0.690051472,4.50E-07,4.50E-07
92,27,a,depunned,feet,pants,0.112402272,-0.603770822,4.66E-07,4.66E-07
92,27,a,depunned,feet,quite,-0.593675754,-0.190079146,0.000285838,0.000285838
92,27,a,depunned,feet,size,0.721870727,-0.45251572,7.45E-07,7.45E-07
93,28,a,depunned,aloud,aloud,2,0,1.24E-05,0.00427151
93,28,a,depunned,aloud,intern,-0.802449265,-0.329641635,1.78E-06,1.78E-06
93,28,a,depunned,aloud,not,-0.538579436,-0.329427842,0.0283726,0.0283726
93,28,a,depunned,aloud,say,1.335776396,-0.033663658,0.0226689,0.0226689
93,28,a,depunned,aloud,wanted,-0.635801964,0.328884943,1.08E-06,1.08E-06
94,29,a,depunned,pail,pail,2,0,1.17E-07,1.62E-07
94,29,a,depunned,pail,burdens,-0.494173788,-0.696741771,9.60E-06,9.60E-06
94,29,a,depunned,pail,carry,0.829926254,-0.217803528,0.000520998,0.000520998
94,29,a,depunned,pail,feeling,-0.685825422,-0.256058431,0.00134202,0.00134202
94,29,a,depunned,pail,start,-0.712694931,-0.750168933,1.80E-08,1.80E-08
94,29,a,depunned,pail,those,-0.716689837,-0.83061309,6.46E-06,6.46E-06
95,30,a,depunned,manor,manor,2,0,4.07E-05,0.00439146
95,30,a,depunned,manor,anchor,-0.544392635,-0.715960213,7.00E-06,7.00E-06
95,30,a,depunned,manor,family,0.646361356,0.026847491,0.00543349,0.00543349
95,30,a,depunned,manor,man's,-0.272675645,-0.295230845,0.000521151,0.000521151
95,30,a,depunned,manor,speaking,-0.458717251,0.646434966,2.88E-07,0.035517
96,31,a,depunned,cache,cache,2,0,1.57E-08,1.57E-08
96,31,a,depunned,cache,chips,-0.819637414,0.7956559,3.69E-05,3.69E-05
96,31,a,depunned,cache,competitor,-0.568240514,-0.141558575,1.18E-05,1.18E-05
96,31,a,depunned,cache,ended,-0.603802302,-0.454443007,0.00280029,0.00280029
96,31,a,depunned,cache,online,1.029892406,-0.181050587,0.000274406,0.000274406
96,31,a,depunned,cache,poker,-0.2132602,1.316488685,6.32E-07,6.32E-07
96,31,a,depunned,cache,suddenly,-0.675640845,-0.56330868,0.000293909,0.000293909
96,31,a,depunned,cache,tournament,-0.729033819,0.755545695,2.56E-07,2.56E-07
97,32,a,depunned,reign,reign,2,0,0.000222129,2.02E-05
97,32,a,depunned,reign,autumn,-0.481891487,1.09296528,0.000435346,0.000435346
97,32,a,depunned,reign,britain,1.042022668,0.061046913,1.79E-05,1.79E-05
97,32,a,depunned,reign,long,0.642961873,-0.350116242,0.0116986,0.0116986
97,32,a,depunned,reign,place,-0.024887767,-0.136697917,2.39E-06,2.39E-06
97,32,a,depunned,reign,wet,-0.759895853,2.093230813,3.50E-05,3.50E-05
98,33,a,depunned,thyme,thyme,2,0,1.50E-07,0.00119477
98,33,a,depunned,thyme,extra,-0.718040206,0.421663016,1.71E-05,1.71E-05
98,33,a,depunned,thyme,gardeners,1.344828955,-0.444254531,1.29E-07,1.29E-07
98,33,a,depunned,thyme,get,-0.459086859,-0.3333092,2.69E-06,2.69E-06
98,33,a,depunned,thyme,tomato,0.508965321,-0.573106796,6.11E-07,6.11E-07
98,33,a,depunned,thyme,work,-0.633998157,0.870582592,0.00208931,0.00208931
99,34,a,depunned,pore,pore,2,0,4.49E-06,0.00121916
99,34,a,depunned,pore,bad,-0.52912533,0.507396557,0.000209559,0.000209559
99,34,a,depunned,pore,excuse,-0.797260382,0.546949903,9.60E-08,0.00149134
99,34,a,depunned,pore,say,-0.721007352,-0.598910423,0.00502904,0.00502904
99,34,a,depunned,pore,say,-0.721007352,-0.598910423,0.0518257,0.0518257
99,34,a,depunned,pore,teeth,-0.45572585,-0.014939574,0.000508699,0.000508699
100,35,a,depunned,gilt,gilt,2,0,1.10E-05,1.72E-05
100,35,a,depunned,gilt,complex,-0.330724331,0.662758497,6.24E-07,0.426844
100,35,a,depunned,gilt,like,-0.379747841,-0.621661154,0.00210371,0.00210371
100,35,a,depunned,gilt,paint,-0.023620318,-0.781460533,0.000317251,0.000317251
100,35,a,depunned,gilt,people,-0.302710537,0.305665447,1.70E-05,1.70E-05
100,35,a,depunned,gilt,purple,-0.687010578,-0.803089329,9.78E-06,9.78E-06
101,36,a,depunned,heir,heir,2,0,4.85E-05,7.65E-05
101,36,a,depunned,heir,careless,-0.407451013,1.378747103,4.94E-06,1.77E-06
102,37,a,depunned,son,son,2,0,1.59E-05,0.000668427
102,37,a,depunned,son,got,-0.750504706,-0.646079413,0.0134105,0.0134105
102,37,a,depunned,son,only,0.055293382,-0.665076312,0.000420018,0.000420018
102,37,a,depunned,son,parrot,-0.712210007,-0.474117686,1.57E-08,1.57E-08
102,37,a,depunned,son,rest,-0.494602382,-0.515133451,1.27E-08,1.27E-08
103,38,a,depunned,c's,c's,2,0,9.40E-09,3.53E-08
103,38,a,depunned,c's,cannot,-0.561368366,-0.834120549,0.00544906,0.00544906
103,38,a,depunned,c's,choristers,-0.164473832,-0.568711897,2.70E-07,2.70E-07
103,38,a,depunned,c's,high,-0.577071422,1.15987515,0.00332927,0.00332927
103,38,a,depunned,c's,hit,-0.752815211,-0.617809813,6.71E-05,6.71E-05
103,38,a,depunned,c's,make,-0.583384169,-0.650018431,2.33E-06,2.33E-06
103,38,a,depunned,c's,novice,-0.620696349,-0.59044442,1.52E-06,1.52E-06
103,38,a,depunned,c's,singers,-0.351746838,-0.721792247,1.10E-07,1.10E-07
103,38,a,depunned,c's,terrible,-0.480278263,0.208366564,6.32E-05,6.32E-05
104,39,a,depunned,watt,watt,2,0,2.06E-07,0.0369958
104,39,a,depunned,watt,bright,1.27752717,-0.808464664,0.000302437,0.000302437
104,39,a,depunned,watt,knows,-0.750032,0.249689963,0.00126441,0.00126441
104,39,a,depunned,watt,optometrist,-0.569010045,-0.808577347,1.32E-05,1.32E-05
104,39,a,depunned,watt,spark,0.669217971,-0.667509975,0.00171267,0.00171267
104,39,a,depunned,watt,what's,-0.750032,1.727922581,0.0064478,0.0064478
105,40,a,depunned,razor,razor,2,0,2.86E-08,0.00529044
105,40,a,depunned,razor,balance,-0.528023149,-0.109023983,0.000152745,0.000152745
105,40,a,depunned,razor,budget,-0.576139639,-0.304511824,0.0411632,0.0411632
105,40,a,depunned,razor,fund,-0.729274222,0.810271506,0.000190895,0.000190895
105,40,a,depunned,razor,mayor,-0.795271193,-0.482292327,0.000172545,0.000172545
105,40,a,depunned,razor,turned,-0.706402674,-0.628219204,0.000431619,0.000431619
105,40,a,depunned,razor,wanted,-0.461981485,-0.503213354,2.90E-07,2.90E-07
106,1,a,nonpun,prophet,prophet,2,0,5.10E-08,1.63E-08
106,1,a,nonpun,prophet,biblical,1.588613486,0.00843384,1.32E-05,1.32E-05
106,1,a,nonpun,prophet,daniel,0.940627052,-0.701428367,3.09E-06,3.09E-06
106,1,a,nonpun,prophet,dreams,0.673356808,-0.164648041,0.000356321,0.000356321
106,1,a,nonpun,prophet,interpreting,0.582899177,-0.448113581,4.30E-07,4.30E-07
106,1,a,nonpun,prophet,known,0.192213498,-0.483403419,9.08E-07,9.08E-07
107,2,a,nonpun,pi,pi,2,0,1.37E-07,4.92E-09
107,2,a,nonpun,pi,decimal,1.946459381,-0.161627302,4.64E-05,4.64E-05
107,2,a,nonpun,pi,number,2.058125293,-0.251554178,0.00013164,0.00013164
107,2,a,nonpun,pi,places,-0.326949086,-0.808465975,0.0721633,0.0721633
107,2,a,nonpun,pi,recite,-0.258052741,-0.720087113,2.47E-05,2.47E-05
107,2,a,nonpun,pi,ten,-0.015977827,-0.651001302,0.00856012,0.00856012
107,2,a,nonpun,pi,up,-0.721837908,-0.785131387,6.25E-06,1.97E-05
108,3,a,nonpun,knead,knead,2,0,1.37E-08,2.02E-06
108,3,a,nonpun,knead,bakers,1.643374608,-0.430311199,4.70E-07,4.70E-07
108,3,a,nonpun,knead,bread,1.618475041,-0.10745158,0.000126703,0.000126703
108,3,a,nonpun,knead,dough,1.859791531,-0.113527858,0.00265219,0.00265219
108,3,a,nonpun,knead,flour,1.425382654,-0.255373587,1.54E-07,9.40E-08
108,3,a,nonpun,knead,make,0.636051115,0.120106683,0.0954655,0.0954655
108,3,a,nonpun,knead,milk,-0.418691345,-0.051775025,0.00935743,0.00935743
108,3,a,nonpun,knead,together,0.501225391,-0.104110527,0.000371442,0.000371442
109,4,a,nonpun,oar,oar,2,0,1.82E-06,1.89E-05
109,4,a,nonpun,oar,dipped,0.221586022,-0.852013846,1.63E-08,1.63E-08
109,4,a,nonpun,oar,fisherman,1.476556042,-0.726638524,3.42E-06,3.42E-06
109,4,a,nonpun,oar,river,1.530371105,-0.662561266,0.000541249,0.000541249
110,5,a,nonpun,tiers,tiers,2,0,7.71E-06,0.000247438
110,5,a,nonpun,tiers,boxes,0.104462145,-0.611327411,7.34E-08,7.34E-08
110,5,a,nonpun,tiers,stacked,1.336318496,-0.741184101,8.81E-05,8.81E-05
110,5,a,nonpun,tiers,warehouse,-0.156484324,-0.680878901,3.93E-06,3.93E-06
111,6,a,nonpun,poll,poll,2,0,5.58E-06,1.29E-05
111,6,a,nonpun,poll,candidates,1.181304086,0.061475531,8.50E-05,8.50E-05
111,6,a,nonpun,poll,conducted,1.061170681,-0.008450109,1.54E-07,1.54E-07
111,6,a,nonpun,poll,political,1.476234187,-0.000110261,2.14E-05,2.14E-05
111,6,a,nonpun,poll,pollsters,1.681635713,0.039322063,2.75E-07,2.75E-07
111,6,a,nonpun,poll,popularity,1.231242071,-0.277710497,1.98E-05,1.98E-05
112,7,a,nonpun,bored,bored,2,0,1.20E-05,2.02E-06
112,7,a,nonpun,bored,alone,0.824396373,-0.310851308,6.95E-05,6.95E-05
112,7,a,nonpun,bored,man,0.075873275,-0.552081009,0.050822,0.050822
112,7,a,nonpun,bored,old,-0.124639356,-0.386292183,0.000128063,0.000128063
112,7,a,nonpun,bored,tears,0.032180425,-0.578013409,0.379402,3.51E-05
112,7,a,nonpun,bored,time,0.213716977,-0.526247032,0.0134318,0.0134318
113,8,a,nonpun,greece,greece,2,0,6.57E-06,1.54E-07
113,8,a,nonpun,greece,country,1.617425629,-0.633069495,0.000621759,0.000621759
113,8,a,nonpun,greece,europe,1.506384042,-0.489292516,0.000318602,0.000318602
113,8,a,nonpun,greece,portion,-0.758430767,-0.488504997,0.0008041,0.0008041
113,8,a,nonpun,greece,southern,0.196191163,-0.152857904,6.35E-05,6.35E-05
114,9,a,nonpun,sine,sine,2,0,6.93E-06,7.62E-05
114,9,a,nonpun,sine,angle,0.779476881,-0.000985124,0.00052722,0.00052722
114,9,a,nonpun,sine,function,1.019378722,0.439681017,0.000453014,1.06E-07
114,9,a,nonpun,sine,function,1.019378722,0.439681017,0.00239923,0.00239923
114,9,a,nonpun,sine,mathematics,1.447036089,0.848639387,6.18E-05,6.18E-05
115,10,a,nonpun,principal,principal,2,0,0.00110836,0.000878056
115,10,a,nonpun,principal,high,0.108839565,0.202188802,0.000120348,0.000120348
115,10,a,nonpun,principal,local,0.004982895,-0.32475094,0.00310533,0.00310533
115,10,a,nonpun,principal,ms,-0.180238084,-0.055012292,7.05E-05,7.05E-05
115,10,a,nonpun,principal,school,1.99747003,1.0686167,0.210191,0.210191
115,10,a,nonpun,principal,wu,-0.670427616,-0.798160808,6.48E-09,6.48E-09
116,11,a,nonpun,cd,cd,2,0,7.33E-05,1.51E-08
116,11,a,nonpun,cd,bought,0.357280404,-0.811990726,0.00121767,0.00121767
116,11,a,nonpun,cd,classical,0.754552945,-0.585794569,5.24E-05,5.24E-05
116,11,a,nonpun,cd,music,1.794118677,-0.31297692,0.0391182,0.0391182
116,11,a,nonpun,cd,new,0.196711267,-0.522052794,0.0568819,0.0568819
117,12,a,nonpun,hare,hare,2,0,1.27E-05,6.19E-06
117,12,a,nonpun,hare,fields,0.461547832,-0.568333956,0.00109167,0.00109167
117,12,a,nonpun,hare,ran,0.445048512,-0.52966093,2.99E-07,1.81E-07
117,12,a,nonpun,hare,rapidly,0.3918974,-0.642455018,0.00022985,0.00022985
118,13,a,nonpun,knotty,knotty,2,0,1.18E-06,0.000482647
118,13,a,nonpun,knotty,made,-0.509212612,-0.625273489,0.000482647,4.84E-06
118,13,a,nonpun,knotty,cabin,-0.149091224,-0.53523303,6.86E-07,6.86E-07
118,13,a,nonpun,knotty,pine,-0.160851791,-0.793461446,6.73E-07,2.43E-06
119,14,a,nonpun,taut,taut,2,0,5.64E-08,5.64E-08
119,14,a,nonpun,taut,between,-0.287709939,-0.666184019,0.0134652,0.000312459
119,14,a,nonpun,taut,clothesline,0.552306178,-0.543429494,1.06E-07,1.06E-07
119,14,a,nonpun,taut,hangs,0.243455661,-0.58754546,9.60E-08,9.60E-08
119,14,a,nonpun,taut,poles,-0.286158353,-0.735985557,0.000318191,0.000318191
120,15,a,nonpun,marx,marx,2,0,0.0768104,0.000367531
120,15,a,nonpun,marx,german,0.913342961,0.259296529,0.000419141,0.000419141
120,15,a,nonpun,marx,karl,1.430994181,-0.390664933,2.82E-07,2.82E-07
120,15,a,nonpun,marx,philosopher,1.553897502,-0.477807527,0.000373512,0.000373512
121,16,a,nonpun,hi,hi,2,0,0.000217425,9.81E-05
121,16,a,nonpun,hi,say,0.761917936,-0.470898835,0.0206152,0.0206152
121,16,a,nonpun,hi,waved,1.72973703,-0.148802992,0.000942131,0.000942131
122,17,a,nonpun,daze,daze,2,0,0.000528994,1.12E-05
122,17,a,nonpun,daze,bad,-0.184595357,0.537602261,0.000179785,0.000179785
122,17,a,nonpun,daze,learning,-0.690780761,-0.155835821,0.000149284,4.59E-05
122,17,a,nonpun,daze,news,-0.567643796,0.281946675,0.609087,0.609087
123,18,a,nonpun,prose,prose,2,0,0.000714835,1.25E-06
123,18,a,nonpun,prose,essays,0.920121128,-0.418043865,7.58E-07,7.58E-07
123,18,a,nonpun,prose,novels,1.42068533,-0.518240741,4.53E-08,4.53E-08
123,18,a,nonpun,prose,written,1.32796995,-0.421870713,0.000636569,0.000636569
124,19,a,nonpun,plane,plane,2,0,0.000213726,2.60E-05
124,19,a,nonpun,plane,airport,1.712579248,-0.545519339,0.00104167,0.00104167
124,19,a,nonpun,plane,landed,1.050391062,-0.538243281,0.00362111,1.38E-07
125,20,a,nonpun,dam,dam,2,0,0.00642402,6.62E-06
125,20,a,nonpun,dam,beaver,1.758858353,0.156040259,1.55E-07,1.55E-07
125,20,a,nonpun,dam,building,0.367174398,-0.539332626,0.000261298,0.000261298
125,20,a,nonpun,dam,logs,1.430668256,-0.121952542,2.53E-05,2.53E-05
125,20,a,nonpun,dam,sticks,0.317012934,-0.686561865,4.60E-05,4.60E-05
126,21,a,nonpun,hertz,hertz,2,0,1.24E-06,1.45E-07
126,21,a,nonpun,hertz,computer,1.118191817,-0.50140918,9.80E-05,9.80E-05
126,21,a,nonpun,hertz,mega,0.779173478,-0.57167944,1.92E-07,1.92E-07
126,21,a,nonpun,hertz,processing,0.683483218,-0.540497833,3.14E-05,3.14E-05
126,21,a,nonpun,hertz,speed,0.178786499,-0.301454813,0.00134511,0.00134511
126,21,a,nonpun,hertz,thirty-three,-0.258263208,-0.762184863,7.07E-06,7.07E-06
127,22,a,nonpun,role,role,2,0,0.0441699,3.38E-07
127,22,a,nonpun,role,leading,0.504945154,-0.357426361,0.00778873,0.00778873
127,22,a,nonpun,role,plays,1.250637128,0.634214361,0.000232843,0.000232843
127,22,a,nonpun,role,show,0.452865957,-0.676772085,0.00748198,0.00748198
127,22,a,nonpun,role,television,0.73476784,-0.401643565,0.000675071,0.000675071
128,23,a,nonpun,collar,collar,2,0,1.35E-05,5.53E-06
128,23,a,nonpun,collar,dog,1.711357399,-0.381415794,1.42E-05,1.42E-05
128,23,a,nonpun,collar,puts,-0.513290301,-0.526046813,0.000452632,0.000452632
128,23,a,nonpun,collar,walking,0.767337859,-0.699444316,0.00026152,0.00026152
129,24,a,nonpun,steal,steal,2,0,9.48E-05,5.42E-05
129,24,a,nonpun,steal,boy,-0.319930983,-0.587491171,0.0722005,0.0722005
129,24,a,nonpun,steal,candy,-0.094536379,-0.781460533,2.11E-07,2.11E-07
129,24,a,nonpun,steal,decided,-0.465451553,-0.568402974,0.000473329,0.000473329
129,24,a,nonpun,steal,friend's,-0.56195865,-0.520115981,3.95E-05,4.15E-05
129,24,a,nonpun,steal,not,-0.189663551,-0.723041821,0.12636,0.12636
129,24,a,nonpun,steal,wanted,0.492795816,-0.618644422,5.54E-05,5.54E-05
130,25,a,nonpun,dye,dye,2,0,3.77E-05,0.0007387
130,25,a,nonpun,dye,hair,1.523473926,-0.704851099,0.000336875,0.000336875
130,25,a,nonpun,dye,like,-0.781460533,-0.619684429,0.0129243,0.0129243
130,25,a,nonpun,dye,not,-0.770518333,-0.324320723,0.404147,0.404147
130,25,a,nonpun,dye,people,-0.26904247,1.357481,0.0243702,0.0243702
131,26,a,nonpun,waist,waist,2,0,0.000148609,2.25E-05
131,26,a,nonpun,waist,belt,1.597962543,-0.347338501,0.00199551,0.00199551
131,26,a,nonpun,waist,look,-0.588764329,-0.72069838,0.0019255,2.63E-06
131,26,a,nonpun,waist,small,0.54555294,-0.590623453,0.107636,0.107636
131,26,a,nonpun,waist,tiny,0.817679802,-0.534166992,5.17E-05,5.17E-05
132,27,a,nonpun,feet,feet,2,0,5.64E-05,1.47E-08
132,27,a,nonpun,feet,hurting,0.399656575,-0.487295336,4.73E-05,4.73E-05
132,27,a,nonpun,feet,new,-0.68535866,-0.374702209,0.00399792,0.00399792
132,27,a,nonpun,feet,shoes,1.661397429,-0.582987908,0.000124811,0.000124811
132,27,a,nonpun,feet,these,-0.326401163,-0.748009219,5.81E-06,5.81E-06
133,28,a,nonpun,aloud,aloud,2,0,0.000440511,1.48E-07
133,28,a,nonpun,aloud,class,-0.247762261,-0.08337789,0.0213974,9.81E-06
133,28,a,nonpun,aloud,poem,0.285366535,-0.648521192,4.49E-05,4.49E-05
133,28,a,nonpun,aloud,read,1.011726584,-0.384072101,8.13E-09,8.13E-09
133,28,a,nonpun,aloud,student,-0.31438722,-0.392756171,5.15E-05,5.15E-05
134,29,a,nonpun,pail,pail,2,0,7.02E-06,6.29E-06
134,29,a,nonpun,pail,clean,0.454193468,0.108252618,0.00473998,0.00473998
134,29,a,nonpun,pail,filled,0.640365217,-0.465606583,1.28E-07,1.28E-07
134,29,a,nonpun,pail,floor,-0.027157293,-0.542267553,0.0186244,0.0186244
134,29,a,nonpun,pail,water,1.506103593,-0.205510526,0.000202091,0.00014583
134,29,a,nonpun,pail,worker,-0.140034506,-0.407722609,2.78E-05,2.78E-05
135,30,a,nonpun,manor,manor,2,0,1.37E-06,2.15E-07
135,30,a,nonpun,manor,huge,0.769933737,-0.319066113,0.00115824,0.00115824
135,30,a,nonpun,manor,live,0.878267984,-0.08509899,0.000134249,0.000134249
135,30,a,nonpun,manor,people,0.015243503,0.361364864,0.0130225,0.0130225
135,30,a,nonpun,manor,those,-0.812234947,-0.5937837,6.46E-06,6.46E-06
135,30,a,nonpun,manor,wealthy,1.284905544,-0.276843416,7.46E-06,7.46E-06
136,31,a,nonpun,cache,cache,2,0,1.53E-07,1.53E-07
136,31,a,nonpun,cache,copies,-0.02172846,-0.192477378,3.89E-07,6.76E-07
136,31,a,nonpun,cache,database,0.776424805,-0.34122505,0.00012806,0.00012806
136,31,a,nonpun,cache,pages,0.137738536,-0.513410638,8.06E-07,8.06E-07
136,31,a,nonpun,cache,stored,0.829207849,-0.233318436,1.01E-06,1.01E-06
136,31,a,nonpun,cache,web,0.810127394,-0.279163973,3.31E-05,3.31E-05
137,32,a,nonpun,reign,reign,2,0,0.00225632,5.95E-07
137,32,a,nonpun,reign,ended,0.005525581,-0.342900913,0.00784143,0.000506075
137,32,a,nonpun,reign,heir,1.112214591,-0.710023942,0.000444358,0.000444358
137,32,a,nonpun,reign,king's,1.776843753,-0.66841483,0.000143042,0.000143042
137,32,a,nonpun,reign,took,-0.113320681,-0.620418969,0.00125967,0.00125967
138,33,a,nonpun,thyme,thyme,2,0,3.03E-06,0.000174702
138,33,a,nonpun,thyme,chicken,0.702699467,-0.803956786,1.38E-05,1.38E-05
138,33,a,nonpun,thyme,creamy,-0.373157708,-0.78174645,3.01E-05,3.01E-05
138,33,a,nonpun,thyme,favorite,-0.757130331,-0.205737968,0.00968672,0.00968672
138,33,a,nonpun,thyme,flavored,0.720140546,-0.744399398,0.000199283,0.000199283
138,33,a,nonpun,thyme,meals,0.684309848,0.511392483,0.000895922,0.000895922
138,33,a,nonpun,thyme,sauce,0.675274507,-0.618491916,0.00791391,0.00791391
139,34,a,nonpun,pore,pore,2,0,1.27E-06,0.000401019
139,34,a,nonpun,pore,opening,1.292710947,-0.592816125,8.85E-05,8.85E-05
139,34,a,nonpun,pore,skin,1.711512432,-0.24986229,0.003312,0.003312
139,34,a,nonpun,pore,small,0.506945942,0.125812672,0.0346004,0.0346004
139,34,a,nonpun,pore,surface,0.729637206,-0.634197082,0.00557898,0.00557898
139,34,a,nonpun,pore,very,-0.758430767,0.113791966,0.00954129,0.00954129
140,35,a,nonpun,gilt,gilt,2,0,2.67E-05,9.93E-05
140,35,a,nonpun,gilt,covered,-0.202184731,-0.201921939,0.000143049,0.000143049
140,35,a,nonpun,gilt,frame,0.224066754,0.159816498,1.51E-05,1.51E-05
141,36,a,nonpun,heir,heir,2,0,2.83E-05,2.86E-07
141,36,a,nonpun,heir,british,0.9746296,-0.391015792,0.00347617,0.00347617
141,36,a,nonpun,heir,prince,1.47974664,-0.690269368,8.24E-06,8.24E-06
141,36,a,nonpun,heir,throne,1.706785224,-0.698889214,7.95E-05,7.95E-05
141,36,a,nonpun,heir,william,0.295560352,-0.540397823,0.0233602,0.0233602
142,37,a,nonpun,son,son,2,0,0.00107569,5.55E-05
142,37,a,nonpun,son,daughter,1.763125915,-0.630705819,0.00185761,0.00185761
143,38,a,nonpun,c's,c's,2,0,9.40E-09,0.01616
143,38,a,nonpun,c's,even,-0.499558249,-0.111298652,0.000365792,0.000365792
143,38,a,nonpun,c's,hard,-0.714930737,-0.044966371,0.00612236,0.00612236
143,38,a,nonpun,c's,high,-0.577071422,1.15987515,9.56E-05,9.56E-05
143,38,a,nonpun,c's,sing,-0.060591239,-0.611618683,6.38E-05,6.38E-05
143,38,a,nonpun,c's,soprano,-0.539602268,-0.671420259,1.52E-05,1.52E-05
144,39,a,nonpun,watt,watt,2,0,0.00010854,1.12E-05
144,39,a,nonpun,watt,bulb,1.920607166,-0.602217742,0.00794444,0.00799331
144,39,a,nonpun,watt,desk,-0.457721811,-0.773342724,8.11E-05,8.11E-05
144,39,a,nonpun,watt,lamp,1.321393571,-0.69598325,0.00334936,0.00334936
144,39,a,nonpun,watt,light,1.79124009,-0.495548786,0.00782064,0.000289713
144,39,a,nonpun,watt,sixty,1.02910921,-0.825991955,0.000375334,0.000375334
144,39,a,nonpun,watt,uses,-0.311913495,-0.208917873,5.17E-07,5.17E-07
145,40,a,nonpun,razor,razor,2,0,3.78E-05,1.65E-07
145,40,a,nonpun,razor,beard,1.686142323,-0.610927675,3.81E-05,3.81E-05
145,40,a,nonpun,razor,shave,1.763154924,-0.634807828,6.37E-05,2.85E-05
145,40,a,nonpun,razor,used,0.323571408,-0.552589093,0.00321429,0.00321429
146,41,a,nonpun,knot,knot,2,0,2.58E-07,7.50E-09
146,41,a,nonpun,knot,double,0.739134619,-0.957397723,0.000100552,0.000100552
146,41,a,nonpun,knot,easy,-0.391155438,-0.106180819,0.00105094,0.00105094
146,41,a,nonpun,knot,tie,1.837738897,-0.658961115,4.35E-05,4.35E-05
147,42,a,nonpun,wood,wood,2,0,6.76E-05,0.000268706
147,42,a,nonpun,wood,get,-0.301585774,-0.316938295,0.0117993,0.0117993
147,42,a,nonpun,wood,trees,2.166448306,-0.589968992,8.37E-05,0.000124493
148,43,a,nonpun,grader,grader,2,0,5.24E-07,3.09E-07
148,43,a,nonpun,grader,hired,-0.196140338,-0.688166297,9.25E-05,9.25E-05
148,43,a,nonpun,grader,score,1.456913574,-0.483996304,6.94E-05,6.94E-05
148,43,a,nonpun,grader,tests,1.239366364,-0.830644844,6.41E-06,6.41E-06
149,44,a,nonpun,eye,eye,2,0,0.00101215,7.82E-05
149,44,a,nonpun,eye,poked,1.069338754,-0.808131183,6.06E-06,6.06E-06
150,45,a,nonpun,cell,cell,2,0,6.07E-06,3.57E-07
150,45,a,nonpun,cell,biology,1.899746806,-0.668966778,1.39E-05,1.39E-05
150,45,a,nonpun,cell,learned,-0.383796696,-0.513759403,0.00067381,0.00067381
150,45,a,nonpun,cell,works,-0.234275681,0.283345321,7.97E-06,0.000215656
151,46,a,nonpun,scent,scent,2,0,9.42E-06,2.61E-09
151,46,a,nonpun,scent,unpleasant,0.457821941,-0.810026414,1.75E-05,1.55E-05
152,47,a,nonpun,course,course,2,0,0.00184713,3.80E-05
152,47,a,nonpun,course,school,1.619394573,-0.208046982,0.000458155,0.000505811
152,47,a,nonpun,course,took,0.543846748,-0.520769838,4.39E-06,4.39E-06
153,48,a,nonpun,deer,deer,2,0,6.20E-08,5.39E-05
153,48,a,nonpun,deer,forest,1.472165421,-0.564228102,0.000265678,0.000265678
154,49,a,nonpun,bee,bee,2,0,9.48E-05,1.18E-08
154,49,a,nonpun,bee,angry,0.221877067,0.052633205,0.00289068,0.00289068
154,49,a,nonpun,bee,honey,1.842053559,-0.528261049,1.05E-07,1.05E-07
154,49,a,nonpun,bee,steal,-0.728146168,-0.735489128,0.00244374,0.00244374
154,49,a,nonpun,bee,stung,1.794922544,-0.580402332,1.54E-05,1.54E-05
154,49,a,nonpun,bee,tried,-0.639042341,-0.305108788,0.00337061,0.00337061
155,50,a,nonpun,brake,brake,2,0,1.08E-08,0.000209196
155,50,a,nonpun,brake,cars,1.804849918,0.028044041,6.37E-07,6.37E-07
155,50,a,nonpun,brake,slowly,0.825203011,-0.208863457,2.12E-07,6.58E-08
156,51,a,nonpun,flour,flour,2,0,3.00E-07,4.04E-05
156,51,a,nonpun,flour,baking,1.223055747,-0.575903516,6.31E-06,4.88E-06
156,51,a,nonpun,flour,different,-0.658578307,-0.504582606,0.0019351,0.0019351
156,51,a,nonpun,flour,kinds,-0.421216307,0.03446625,0.0160069,0.0160069
156,51,a,nonpun,flour,use,-0.213368815,-0.419227853,0.00307563,0.00307563
157,52,a,nonpun,fare,fare,2,0,2.65E-05,3.91E-05
157,52,a,nonpun,fare,paid,1.159565545,-0.027407556,0.00431825,0.00431825
158,53,a,nonpun,heel,heel,2,0,4.19E-05,1.81E-06
158,53,a,nonpun,heel,bruised,0.293676601,1.118415119,3.49E-05,4.87E-05
158,53,a,nonpun,heel,walking,1.670247066,0.091783129,8.78E-05,8.78E-05
159,54,a,nonpun,hymn,hymn,2,0,0.0319114,0.000178525
159,54,a,nonpun,hymn,church,1.689324454,0.352158611,0.00028202,0.000257276
159,54,a,nonpun,hymn,sang,1.569489363,-0.505817434,0.000338593,0.000338593
160,55,a,nonpun,no's,no's,2,0,9.60E-08,9.60E-08
160,55,a,nonpun,no's,answered,0.415864512,1.265951772,0.000190288,0.000190288
160,55,a,nonpun,no's,string,-0.707908246,-0.732012509,0.000523178,0.000523178
161,56,a,nonpun,inn,inn,2,0,0.00275255,0.00336609
161,56,a,nonpun,inn,stayed,0.708630598,0.302022196,0.00136834,0.00136834
162,57,a,nonpun,idol,idol,2,0,3.51E-05,2.33E-05
162,57,a,nonpun,idol,famous,1.566587652,-0.405166975,0.000252842,0.000252842
162,57,a,nonpun,idol,movie,1.063241676,-0.326844709,0.000363991,0.000363991
162,57,a,nonpun,idol,star,1.585715064,-0.250163244,0.0141455,0.0141455
163,58,a,nonpun,maid,maid,2,0,6.83E-06,0.000263499
163,58,a,nonpun,maid,clean,1.43335711,-0.217471608,0.000244611,0.000288026
163,58,a,nonpun,maid,hired,0.943186677,-0.211003158,3.26E-05,3.26E-05
164,59,a,nonpun,nun,nun,2,0,2.61E-05,4.81E-06
164,59,a,nonpun,nun,kind,0.67936669,-0.709886221,9.22E-05,9.22E-05
164,59,a,nonpun,nun,pious,0.884351047,-0.425583558,6.72E-06,6.72E-06
164,59,a,nonpun,nun,very,-0.849311361,-0.430725528,0.00422028,0.00315005
165,60,a,nonpun,mourning,mourning,2,0,0.000153144,2.00E-07
165,60,a,nonpun,mourning,died,1.629802491,-0.607965686,6.66E-05,6.66E-05
165,60,a,nonpun,mourning,loved,0.73364003,-0.364996225,8.50E-05,8.50E-05
166,61,a,nonpun,meat,meat,2,0,7.26E-05,1.33E-06
166,61,a,nonpun,meat,like,-0.395840073,0.057354067,0.00138793,0.00138793
166,61,a,nonpun,meat,vegetarians,0.604443795,-0.641859781,4.26E-08,4.26E-08
167,62,a,nonpun,reel,reel,2,0,2.92E-07,4.93E-05
167,62,a,nonpun,reel,fish,1.640762987,-0.402162931,9.11E-06,9.11E-06
167,62,a,nonpun,reel,need,-0.762973747,-0.282585301,0.00813574,0.00813574
168,63,a,nonpun,pear,pear,2,0,4.71E-06,6.45E-05
168,63,a,nonpun,pear,apples,1.278435678,-0.06388065,6.80E-05,6.80E-05
168,63,a,nonpun,pear,ate,1.144401446,-0.624965138,0.000416991,0.000416991
169,64,a,nonpun,pray,pray,2,0,0.000186782,2.84E-05
169,64,a,nonpun,pray,bed,0.277633309,-0.568121694,0.000213585,0.00022975
169,64,a,nonpun,pray,christians,1.829803433,-0.448843181,3.45E-05,3.45E-05
169,64,a,nonpun,pray,customary,-0.307313326,-0.523897592,0.000427894,0.000427894
170,65,a,nonpun,root,root,2,0,0.0195106,1.08E-06
170,65,a,nonpun,root,tree's,1.69774838,-0.351945419,7.43E-07,7.43E-07
170,65,a,nonpun,root,tripped,-0.180136938,-0.492415474,4.76E-05,4.76E-05
171,1,b,nonpun,profit,profit,2,0,3.69E-07,5.77E-07
171,1,b,nonpun,profit,business,1.82224455,-0.65142243,0.000106894,0.000106894
171,1,b,nonpun,profit,dollars,1.743815347,-0.349161485,0.0215548,0.0215548
171,1,b,nonpun,profit,made,0.91419155,-0.124358304,0.000398934,0.000398934
171,1,b,nonpun,profit,million,1.246970119,-0.554897705,0.000332814,0.000332814
171,1,b,nonpun,profit,year,0.650043035,-0.162742635,0.296154,0.0252705
172,2,b,nonpun,pie,pie,2,0,0.0473564,3.90E-07
172,2,b,nonpun,pie,apple,1.77905018,-0.721939114,5.25E-05,5.25E-05
172,2,b,nonpun,pie,dessert,1.681425152,-0.365230948,3.73E-05,4.08E-05
172,2,b,nonpun,pie,like,-0.047714652,-0.489360978,0.315299,0.315299
173,3,b,nonpun,need,need,2,0,0.000673441,5.08E-07
173,3,b,nonpun,need,company,0.051266325,-0.69822364,0.000543013,0.000543013
173,3,b,nonpun,need,computer,-0.175595364,-0.590439133,0.000187625,0.00120624
173,3,b,nonpun,need,programmers,-0.279855399,-0.634197082,0.0100407,0.0100407
174,4,b,nonpun,or,or,2,0,0.0146219,1.08E-08
174,4,b,nonpun,or,car,-0.646480239,-0.562531637,9.14E-05,9.14E-05
174,4,b,nonpun,or,care,-0.702338021,-0.750032,0.0459046,0.0459046
174,4,b,nonpun,or,problems,-0.750977777,-0.706748926,0.000786522,0.000786522
174,4,b,nonpun,or,take,-0.691946271,-0.660505036,1.06E-05,1.06E-05
175,5,b,nonpun,tears,tears,2,0,1.29E-06,1.95E-09
175,5,b,nonpun,tears,cheeks,1.51407894,-0.732534456,0.0940414,0.0940414
175,5,b,nonpun,tears,movie,0.324767813,-0.455543802,1.69E-07,1.69E-07
175,5,b,nonpun,tears,ran,-0.065024853,-0.667817315,0.0283765,3.28E-07
175,5,b,nonpun,tears,sad,1.6796432,-0.407993765,6.51E-06,6.51E-06
175,5,b,nonpun,tears,watched,-0.030077993,-0.617240943,0.0268613,0.0268613
176,6,b,nonpun,pole,pole,2,0,0.000479014,8.52E-05
176,6,b,nonpun,pole,flag,1.600043247,0.519522756,4.89E-05,4.89E-05
176,6,b,nonpun,pole,raised,-0.033473475,-0.248146517,0.0016232,0.0016232
176,6,b,nonpun,pole,up,0.261924936,-0.399628572,0.00240377,0.00240377
177,7,b,nonpun,board,board,2,0,0.00430607,1.12E-07
177,7,b,nonpun,board,company's,1.017920054,-0.4950691,6.23E-05,6.23E-05
177,7,b,nonpun,board,directors,1.174703046,-0.569948845,0.237144,0.000380406
177,7,b,nonpun,board,meeting,1.321483146,0.440926303,0.000443727,0.000443727
178,8,b,nonpun,grease,grease,2,0,4.17E-08,1.40E-05
178,8,b,nonpun,grease,plate,0.63160784,-0.424750336,0.000302228,0.000302228
179,9,b,nonpun,sign,sign,2,0,0.000116055,2.23E-06
179,9,b,nonpun,sign,boutique,0.347168404,-0.597703234,5.17E-08,5.17E-08
179,9,b,nonpun,sign,clothes,-0.638889498,-0.819844606,0.000123245,0.000123245
179,9,b,nonpun,sign,says,0.959917174,-0.774731927,3.69E-07,3.69E-07
179,9,b,nonpun,sign,store,0.932149163,-0.794210031,0.000156839,0.000156839
180,10,b,nonpun,principle,principle,2,0,6.81E-05,6.84E-05
180,10,b,nonpun,principle,believe,0.570955939,0.105723192,1.91E-05,1.91E-05
180,10,b,nonpun,principle,physics,0.758149069,0.457736549,0.000118355,7.07E-05
181,11,b,nonpun,seedy,seedy,2,0,4.12E-06,3.60E-05
181,11,b,nonpun,seedy,bar,0.441356094,-0.775614671,0.00217124,1.04E-06
181,11,b,nonpun,seedy,drunken,0.081083372,-0.685244163,3.38E-05,3.38E-05
181,11,b,nonpun,seedy,full,-0.609255664,-0.072954451,0.0222361,0.0222361
181,11,b,nonpun,seedy,people,-0.336843937,-0.38802841,1.44E-08,1.44E-08
181,11,b,nonpun,seedy,unwashed,0.412283929,-0.765760207,3.00E-05,3.00E-05
182,12,b,nonpun,hair,hair,2,0,0.000583672,3.09E-06
182,12,b,nonpun,hair,heads,2.008648242,-0.410983759,0.0124276,0.0124276
182,12,b,nonpun,hair,lots,0.016372087,-0.731424204,0.00021699,0.00021699
182,12,b,nonpun,hair,people,1.008991155,-0.560435519,0.0602399,0.0602399
183,13,b,nonpun,naughty,naughty,2,0,6.86E-05,1.92E-06
183,13,b,nonpun,naughty,boy,0.340873612,-0.524156448,0.000619061,0.000619061
183,13,b,nonpun,naughty,child,0.360216669,-0.570673267,0.0605674,9.20E-07
184,14,b,nonpun,taught,taught,2,0,0.000254205,3.86E-08
184,14,b,nonpun,taught,college,0.759114146,-0.700981929,8.22E-05,8.22E-05
184,14,b,nonpun,taught,mathematics,1.147346875,-0.471036256,0.000423745,2.68E-07
184,14,b,nonpun,taught,students,1.536200491,-0.699906939,0.00247445,0.00247445
185,15,b,nonpun,marks,marks,2,0,0.00168122,2.71E-08
185,15,b,nonpun,marks,got,-0.550880909,-0.663951471,0.00462163,0.00462163
185,15,b,nonpun,marks,high,0.712761434,-0.599170228,0.00015772,0.00015772
185,15,b,nonpun,marks,high,0.712761434,-0.599170228,4.35E-05,4.32E-05
185,15,b,nonpun,marks,school,1.006779042,-0.292501088,0.0304142,0.0304142
186,16,b,nonpun,high,high,2,0,0.077769,2.73E-07
186,16,b,nonpun,high,feet,0.210251748,-0.478992775,0.00381188,0.00381188
186,16,b,nonpun,high,statue,0.710567146,-0.655649086,3.37E-06,3.37E-06
186,16,b,nonpun,high,ten,0.111443636,-0.577530167,0.000198604,0.000198604
187,17,b,nonpun,days,days,2,0,0.0240316,3.80E-08
187,17,b,nonpun,days,seven,0.89747462,-0.804114924,0.00187166,0.00187166
187,17,b,nonpun,days,week,1.888258478,-0.620947694,0.00262676,0.00262676
188,18,b,nonpun,pros,pros,2,0,0.000125273,1.62E-05
188,18,b,nonpun,pros,cons,1.562762916,-0.587049833,0.276318,2.89E-05
188,18,b,nonpun,pros,networking,-0.050376801,-0.483010617,3.71E-07,3.71E-07
188,18,b,nonpun,pros,sites,-0.46302653,-0.641951532,8.95E-07,8.95E-07
188,18,b,nonpun,pros,social,-0.481973908,-0.133220543,0.00135368,0.00135368
189,19,b,nonpun,plain,plain,2,0,1.33E-07,9.81E-08
189,19,b,nonpun,plain,beautiful,0.544398343,-0.193695926,1.50E-05,1.50E-05
189,19,b,nonpun,plain,felt,-0.295630453,-0.781460533,0.016997,0.016997
189,19,b,nonpun,plain,sister,-0.530564157,-0.764773611,0.00014231,0.00014231
190,20,b,nonpun,damn,damn,2,0,0.037045,2.81E-05
190,20,b,nonpun,damn,give,-0.107603886,-0.238960042,0.0105927,0.0105927
190,20,b,nonpun,damn,not,-0.639285817,-0.596742509,0.238667,0.238667
190,20,b,nonpun,damn,say,-0.09659133,-0.774790815,0.0217591,0.0217591
191,21,b,nonpun,hurts,hurts,2,0,0.00956424,8.98E-07
191,21,b,nonpun,hurts,fell,1.289512664,-0.679602346,0.000435037,0.000435037
191,21,b,nonpun,hurts,leg,0.132818371,-0.734886048,0.000102394,0.000102394
192,22,b,nonpun,roll,roll,2,0,1.60E-05,1.62E-05
192,22,b,nonpun,roll,bought,-0.423217501,-0.477277505,0.000680114,0.000680114
192,22,b,nonpun,roll,dress,-0.631901652,0.009442134,6.19E-05,6.19E-05
192,22,b,nonpun,roll,make,-0.068263256,-0.204322837,0.00970739,0.00970739
192,22,b,nonpun,roll,silk,-0.11304133,-0.526355868,1.50E-05,2.81E-05
193,23,b,nonpun,caller,caller,2,0,4.77E-05,2.26E-05
193,23,b,nonpun,caller,bank,0.28677822,-0.677348142,0.00605718,0.00605718
193,23,b,nonpun,caller,phone,1.854532249,-0.641315109,0.00115134,0.00115134
194,24,b,nonpun,steel,steel,2,0,0.00845099,2.82E-05
194,24,b,nonpun,steel,made,0.246236099,-0.61483155,0.000421003,0.000421003
194,24,b,nonpun,steel,ship,0.808578387,-0.408994784,1.23E-05,1.23E-05
194,24,b,nonpun,steel,wood,0.101366305,-0.108600107,0.0246497,0.0246497
195,25,b,nonpun,die,die,2,0,0.00185834,3.06E-06
195,25,b,nonpun,die,attack,1.174044615,-0.886811156,0.342205,0.342205
195,25,b,nonpun,die,heart,0.600173251,-0.709082701,0.00112199,0.00112199
195,25,b,nonpun,die,scared,0.667042835,-0.428085266,0.000148404,0.000148404
195,25,b,nonpun,die,very,-0.706454265,-0.606925591,0.0146664,0.0146664
196,26,b,nonpun,waste,waste,2,0,0.00102537,1.09E-05
196,26,b,nonpun,waste,dealing,-0.571672057,-0.649881461,2.61E-06,2.61E-06
196,26,b,nonpun,waste,time,0.74945938,-0.469220054,0.44439,0.000889625
197,27,b,nonpun,feat,feat,2,0,7.68E-05,1.26E-06
197,27,b,nonpun,feat,exam,-0.003035828,-0.145472314,1.23E-05,1.23E-05
197,27,b,nonpun,feat,passing,-0.31578991,-0.167093468,4.44E-07,4.44E-07
197,27,b,nonpun,feat,real,-0.353071356,-0.392275205,0.00542699,0.00542699
197,27,b,nonpun,feat,studying,-0.401542051,-0.749716023,1.40E-05,1.40E-05
198,28,b,nonpun,allowed,allowed,2,0,3.45E-05,6.97E-09
198,28,b,nonpun,allowed,car,-0.502274842,-0.555802483,0.0028014,0.0028014
198,28,b,nonpun,allowed,family,-0.279927222,-0.371948519,0.000166839,0.000166839
198,28,b,nonpun,allowed,son,-0.315025275,-0.461546552,0.000242315,0.000242315
198,28,b,nonpun,allowed,use,0.369072124,-0.583316729,0.00534466,0.00534466
199,29,b,nonpun,pale,pale,2,0,0.000309683,3.87E-08
199,29,b,nonpun,pale,looks,0.41002263,-0.579613713,0.0083218,0.0083218
199,29,b,nonpun,pale,sick,1.187339929,0.384213678,0.00267741,4.30E-05
200,30,b,nonpun,manner,manner,2,0,6.83E-05,6.81E-07
200,30,b,nonpun,manner,food,0.167603032,0.099803061,0.000149265,0.000141993
200,30,b,nonpun,manner,party,-0.228798263,-0.140640352,0.000152745,0.000152745
201,31,b,nonpun,cash,cash,2,0,9.71E-07,2.19E-09
201,31,b,nonpun,cash,bought,1.090530565,-0.287451277,0.000680114,0.000680114
201,31,b,nonpun,cash,chips,0.7956559,-0.819637414,9.83E-06,9.83E-06
201,31,b,nonpun,cash,stocks,1.102684689,-0.444644263,4.46E-05,4.46E-05
201,31,b,nonpun,cash,ten,1.016804401,-0.616001035,7.18E-05,7.18E-05
201,31,b,nonpun,cash,years,-0.435775644,-0.403581963,0.43258,0.43258
202,32,b,nonpun,rain,rain,2,0,1.29E-06,6.53E-08
202,32,b,nonpun,rain,city,0.086553216,0.099064559,0.00241838,0.00241838
202,32,b,nonpun,rain,fell,0.613188827,-0.133827467,0.0109516,5.61E-07
202,32,b,nonpun,rain,night,-0.347260507,-0.721250535,0.292739,0.292739
203,33,b,nonpun,time,time,2,0,0.00223583,9.86E-08
203,33,b,nonpun,time,lunch,0.929261287,-0.308223877,0.000965614,0.000965614
203,33,b,nonpun,time,meeting,0.919818744,-0.750032,0.00800705,0.00800705
204,34,b,nonpun,poor,poor,2,0,0.00294914,1.42E-08
204,34,b,nonpun,poor,afford,0.58939641,-0.557698037,0.0120473,0.0120473
204,34,b,nonpun,poor,buy,0.033483277,-0.788090527,0.0664535,0.0664535
204,34,b,nonpun,poor,cannot,0.074573357,-0.781460533,0.000658249,0.000793283
204,34,b,nonpun,poor,family,0.512370285,-0.506777115,0.000234604,0.000234604
204,34,b,nonpun,poor,food,-0.127033648,-0.602746226,0.00714683,0.00714683
205,35,b,nonpun,guilt,guilt,2,0,1.78E-05,1.92E-05
205,35,b,nonpun,guilt,accused,1.251821833,-0.205660218,0.000202546,0.000202546
205,35,b,nonpun,guilt,decides,-0.117941764,-0.748498052,6.48E-08,6.48E-08
205,35,b,nonpun,guilt,innocence,0.683609262,-0.227023413,0.379971,1.75E-05
205,35,b,nonpun,guilt,jury,1.256818579,-0.560675645,3.78E-05,3.78E-05
205,35,b,nonpun,guilt,person,0.46715014,-0.520269088,0.176602,0.176602
206,36,b,nonpun,err,err,2,0,0.00301254,4.49E-05
206,36,b,nonpun,err,being,-0.600162024,-0.496509971,0.00115423,0.00115423
206,36,b,nonpun,err,better,-0.588063778,-0.486176467,0.00208068,0.00208068
206,36,b,nonpun,err,safe,-0.174398323,-0.368815251,0.000110172,0.000110172
206,36,b,nonpun,err,side,-0.375675418,-0.506233458,0.000995069,0.000995069
207,37,b,nonpun,sun,sun,2,0,0.000826226,0.000167641
207,37,b,nonpun,sun,evening,0.857747221,-0.570579325,0.000725587,0.000725587
207,37,b,nonpun,sun,morning,1.438934245,-0.678068098,0.00199607,0.00199607
207,37,b,nonpun,sun,rises,1.575861286,-0.614927634,0.00160977,3.23E-05
207,37,b,nonpun,sun,sets,1.090345779,-0.735985557,5.28E-05,5.28E-05
208,38,b,nonpun,seas,seas,2,0,0.01616,9.40E-09
208,38,b,nonpun,seas,high,1.15987515,-0.577071422,0.000607947,0.000607947
208,38,b,nonpun,seas,mid-atlantic,1.1959212,-0.677186934,1.88E-06,1.88E-06
208,38,b,nonpun,seas,ship,1.612179029,-0.644056695,0.000165708,0.000165708
209,39,b,nonpun,what,what,2,0,9.32E-05,3.68E-08
209,39,b,nonpun,what,students,-0.499064815,-0.63958554,4.42E-06,4.42E-06
209,39,b,nonpun,what,teacher,-0.459484636,-0.654493271,0.000143398,0.000143398
209,39,b,nonpun,what,told,-0.184861844,-0.69704956,0.00107881,0.00107881
210,40,b,nonpun,raiser,raiser,2,0,0.00529044,2.86E-08
210,40,b,nonpun,raiser,church,-0.207024675,-0.727307596,0.0133055,0.0133055
210,40,b,nonpun,raiser,fund,0.810271506,-0.729274222,6.37E-06,6.37E-06
210,40,b,nonpun,raiser,girl,-0.820700699,-0.009458297,0.000711454,0.000711454
210,40,b,nonpun,raiser,local,-0.369067514,-0.730890722,0.00124668,0.00124668
210,40,b,nonpun,raiser,organized,-0.335369813,-0.552618566,7.59E-08,7.59E-08
211,41,b,nonpun,not,not,2,0,0.0884001,3.25E-07
211,41,b,nonpun,not,let's,-0.326499837,-0.622480047,4.93E-08,4.93E-08
212,42,b,nonpun,would,would,2,0,0.0209399,5.80E-07
212,42,b,nonpun,would,father,-0.621234826,-0.655994366,0.0294843,0.0294843
212,42,b,nonpun,would,go,-0.397667605,-0.750032,0.189419,0.189419
212,42,b,nonpun,would,let,0.262509042,-0.788660111,0.0106586,0.000411027
212,42,b,nonpun,would,not,0.238664661,-0.688280885,0.102292,0.000845183
212,42,b,nonpun,would,party,-0.398684175,-0.782956386,0.000163243,0.000163243
213,43,b,nonpun,grater,grater,2,0,0.00513445,9.87E-09
213,43,b,nonpun,grater,cheese,1.660631265,0.057620908,3.60E-06,3.60E-06
213,43,b,nonpun,grater,cheese,1.660631265,0.057620908,2.12E-05,2.12E-05
213,43,b,nonpun,grater,slices,0.646909343,-0.0989754,9.88E-06,1.21E-05
214,44,b,nonpun,i,i,2,0,7.82E-05,1.48E-06
214,44,b,nonpun,i,answer,-0.358631117,-0.640114938,0.0342182,0.0342182
214,44,b,nonpun,i,know,0.147645951,-0.529571089,0.114126,0.0013846
215,45,b,nonpun,sell,sell,2,0,0.00126753,6.84E-07
215,45,b,nonpun,sell,car,0.842116061,-0.23232917,0.000361501,0.000474155
215,45,b,nonpun,sell,good,0.367727749,-0.659243592,0.00330995,0.00330995
215,45,b,nonpun,sell,price,1.641732003,-0.311436775,0.00224299,0.00224299
216,46,b,nonpun,cent,cent,2,0,1.61E-05,5.68E-06
216,46,b,nonpun,cent,borrow,0.745670533,-0.781460533,0.000278958,0.000278958
216,46,b,nonpun,cent,even,-0.395060466,-0.6249038,0.0063178,0.0063178
216,46,b,nonpun,cent,let,-0.714122825,-0.873396753,0.00117553,0.00117553
216,46,b,nonpun,cent,not,-0.679842989,-0.781460533,0.0859567,0.0859567
216,46,b,nonpun,cent,stingy,0.546384374,-0.448248014,5.32E-06,5.32E-06
217,47,b,nonpun,coarse,coarse,2,0,7.39E-05,1.45E-05
217,47,b,nonpun,coarse,hair,0.742759056,-0.014136551,0.0113966,5.72E-05
217,47,b,nonpun,coarse,very,-0.019471902,-0.577954079,0.00200948,0.00200948
218,48,b,nonpun,dear,dear,2,0,0.000109317,1.79E-05
218,48,b,nonpun,dear,friend,1.12621052,-0.70352613,0.41105,5.58E-07
219,49,b,nonpun,be,be,2,0,0.426646,1.28E-07
219,49,b,nonpun,be,okay,-0.493988311,-0.831107629,0.000202329,0.000919276
219,49,b,nonpun,be,worry,-0.564835602,-0.698656591,0.00502034,0.00502034
220,50,b,nonpun,break,break,2,0,1.54E-05,1.54E-07
220,50,b,nonpun,break,leg,1.168073764,-0.131012643,0.465875,8.09E-06
220,50,b,nonpun,break,performance,0.132261404,0.669919049,0.000500816,0.000500816
221,51,b,nonpun,flower,flower,2,0,0.000844841,4.54E-07
221,51,b,nonpun,flower,among,-0.720665464,-0.765176251,0.000821921,0.000821921
221,51,b,nonpun,flower,growing,1.522493993,-0.36378025,0.000422858,0.000422858
221,51,b,nonpun,flower,picked,1.016651518,-0.630724541,0.000672297,0.000672297
221,51,b,nonpun,flower,pretty,1.338286727,-0.455797233,9.63E-05,9.63E-05
221,51,b,nonpun,flower,weeds,1.318642479,-0.725417027,1.77E-05,1.77E-05
222,52,b,nonpun,fair,fair,2,0,0.000106431,0.000116322
222,52,b,nonpun,fair,game,1.041816066,-0.456911341,0.000712054,0.000712054
222,52,b,nonpun,fair,not,0.275923826,-0.777055256,0.0354391,0.0354391
222,52,b,nonpun,fair,rules,0.888002604,-0.234574065,0.000656915,0.000656915
223,53,b,nonpun,heal,heal,2,0,0.0242701,9.89E-08
223,53,b,nonpun,heal,just,-0.688196532,-0.824635495,0.00258124,0.00258124
223,53,b,nonpun,heal,takes,-0.520729992,-0.49698937,0.0109527,0.0109527
223,53,b,nonpun,heal,time,0.55593966,-0.916925526,0.0287128,0.0287128
223,53,b,nonpun,heal,wounds,1.7097202,-0.108540447,1.22E-05,1.22E-05
224,54,b,nonpun,him,him,2,0,0.00550817,1.53E-07
224,54,b,nonpun,him,back,-0.518706364,-0.834836548,0.00192974,9.41E-06
224,54,b,nonpun,him,john,0.292140711,-0.080644958,6.39E-07,6.39E-07
224,54,b,nonpun,him,like,-0.30463761,-0.530389328,0.102263,0.102263
224,54,b,nonpun,him,likes,-0.533676365,-0.486112886,0.000505123,0.000505123
224,54,b,nonpun,him,sarah,-0.798072639,-0.518073919,0.000132245,0.000132245
225,55,b,nonpun,knows,knows,2,0,0.00240331,4.89E-08
225,55,b,nonpun,knows,almost,-0.154943152,-0.561740608,0.000144613,9.08E-07
225,55,b,nonpun,knows,dictionary,0.656967,-0.740929655,6.38E-05,6.38E-05
225,55,b,nonpun,knows,word,0.100501487,0.034196064,0.00511064,0.00511064
226,56,b,nonpun,in,in,2,0,0.0528403,7.90E-06
226,56,b,nonpun,in,close,0.495009183,-0.454483084,0.00031756,0.00031756
226,56,b,nonpun,in,come,0.485694349,-0.436298857,3.87E-06,3.87E-06
226,56,b,nonpun,in,door,1.037311785,0.200615259,0.406474,0.406474
226,56,b,nonpun,in,room,0.063650469,1.636828851,2.48E-06,7.72E-05
227,57,b,nonpun,idle,idle,2,0,4.51E-05,4.31E-08
227,57,b,nonpun,idle,doing,0.018690301,-0.599341465,0.0137679,0.0137679
227,57,b,nonpun,idle,just,0.004347172,-0.671030844,0.0213806,0.0213806
227,57,b,nonpun,idle,sitting,1.194082122,-0.122448486,0.00904944,0.00904944
228,58,b,nonpun,made,made,2,0,0.00138191,3.96E-08
228,58,b,nonpun,made,cake,0.827388061,-0.525779941,4.10E-05,7.71E-05
229,59,b,nonpun,none,none,2,0,6.21E-07,4.53E-08
229,59,b,nonpun,none,made,-0.497056052,-0.784191115,0.00144137,0.00144137
229,59,b,nonpun,none,sense,-0.061491739,-0.528392422,0.0447681,0.0447681
230,60,b,nonpun,morning,morning,2,0,0.00231047,2.69E-06
230,60,b,nonpun,morning,shining,0.859793109,-0.413828594,0.145777,0.145777
230,60,b,nonpun,morning,sun,1.698846284,-0.497003111,0.00112938,0.00112938
230,60,b,nonpun,morning,up,0.98398147,-0.130271793,0.661033,0.661033
230,60,b,nonpun,morning,woke,1.54108883,-0.343863179,0.000403333,0.000403333
231,61,b,nonpun,meet,meet,2,0,0.00506784,1.37E-06
231,61,b,nonpun,meet,able,0.238797127,-0.621082221,0.0285093,0.0285093
231,61,b,nonpun,meet,finally,0.142099156,-0.682571345,0.000745084,0.000745084
231,61,b,nonpun,meet,pals,0.552091521,-0.82652512,0.00539144,0.00539144
231,61,b,nonpun,meet,pen,-0.654525921,-0.694785813,2.44E-06,2.44E-06
232,62,b,nonpun,real,real,2,0,0.000485336,4.27E-08
232,62,b,nonpun,real,counterfeit,0.957410112,-0.541107635,2.54E-08,2.54E-08
232,62,b,nonpun,real,diamond,0.728779693,-0.775422228,9.26E-07,9.26E-07
232,62,b,nonpun,real,good,-0.159518835,-0.56642981,0.0632112,0.0632112
232,62,b,nonpun,real,just,0.295080021,-0.737646499,0.00404624,0.00404624
232,62,b,nonpun,real,not,-0.260656712,-0.524606471,0.00148348,0.00148348
232,62,b,nonpun,real,very,0.162943031,-0.77051102,0.00861703,0.00861703
233,63,b,nonpun,pair,pair,2,0,0.00138985,6.91E-06
233,63,b,nonpun,pair,matching,1.931825623,-0.632767131,0.00105566,4.48E-05
233,63,b,nonpun,pair,socks,1.542811322,-0.628094303,1.22E-07,1.22E-07
234,64,b,nonpun,prey,prey,2,0,0.0524443,9.56E-08
234,64,b,nonpun,prey,eagle's,1.069484634,0.000212148,2.84E-06,2.84E-06
234,64,b,nonpun,prey,easily,0.06409278,-0.510718826,0.000824002,0.000824002
234,64,b,nonpun,prey,mouse,1.243436964,-0.349015178,8.20E-06,8.20E-06
235,65,b,nonpun,route,route,2,0,0.00101256,0.000158618
235,65,b,nonpun,route,faster,0.5684251,-0.626807084,2.62E-05,2.62E-05
235,65,b,nonpun,route,home,0.363142717,-0.032831021,0.00962775,0.00962775
235,65,b,nonpun,route,take,0.425023793,-0.599633919,1.06E-05,1.06E-05
235,65,b,nonpun,route,way,1.57234326,-0.54305294,0.11885,0.11885