sentenceID,homophoneID,version,sentenceType,m1,word,m1_relatedness,m2_relatedness,unigram,m1_trigram,m2_trigram
1,1,a,pun,lion,lion,0,0,9.62E-06,3.25E-05,0.211981
1,1,a,pun,lion,circus,1.377983027,-0.630542589,5.69E-06,2.82E-05,2.82E-05
1,1,a,pun,lion,truck,-0.657045944,-0.412135754,8.84E-06,6.36E-06,6.36E-06
1,1,a,pun,lion,driver,-1.042229239,0.006942127,4.16E-05,0.0283825,0.0283825
1,1,a,pun,lion,refused,-0.803420041,-0.599020207,5.00E-05,0.000654927,0.000654927
1,1,a,pun,lion,tow,-0.878076745,-0.226590203,3.32E-06,7.02E-06,7.02E-06
2,2,a,pun,tooth,tooth,0,0,5.14E-06,8.22E-06,0.00633237
2,2,a,pun,tooth,dentist,1.62355512,-0.565572904,4.45E-06,2.27E-05,2.27E-05
2,2,a,pun,tooth,tell,-0.768492084,0.804145346,0.00023301,0.00258572,0.00258572
2,2,a,pun,tooth,patient,0.111725948,-0.432490434,6.59E-05,0.000173539,0.000173539
2,2,a,pun,tooth,whole,-0.322992663,0.752346196,0.000240294,0.00147051,0.00147051
3,3,a,pun,cilia,cilia,0,0,2.93E-07,1.55E-07,6.71E-08
3,3,a,pun,cilia,handlebar,-0.820549264,-0.742520611,3.41E-07,1.16E-06,1.16E-06
3,3,a,pun,cilia,mustache,-0.010195246,-0.297709011,5.69E-08,0.831402,0.831402
3,3,a,pun,cilia,look,-0.923160237,-0.675208967,0.00041849,0.00319111,0.00319111
3,3,a,pun,cilia,ridiculous,-0.950474383,1.151378004,1.43E-05,0.000685713,0.000685713
3,3,a,pun,cilia,symmetrical,-0.360338435,-0.683703022,2.69E-06,1.38E-07,1.38E-07
3,3,a,pun,cilia,eyelashes,-0.040038203,-0.681557747,1.36E-06,2.23E-06,2.23E-06
3,3,a,pun,cilia,even,-0.929999881,-0.727122625,0.000706388,0.00095727,0.00095727
4,4,a,pun,heir,heir,0,0,7.75E-06,0.000247423,3.76E-06
4,4,a,pun,heir,man,0.502701118,1.063789627,0.000473597,0.00439232,0.00439232
4,4,a,pun,heir,used,-0.58932926,-0.569021165,0.000527346,0.00107986,0.00107986
4,4,a,pun,heir,money,1.381728734,-0.374102282,0.000292629,7.36E-05,7.36E-05
4,4,a,pun,heir,inherited,1.404774565,-0.190257313,1.23E-05,0.00114214,0.00114214
4,4,a,pun,heir,late,0.17890769,-0.845278073,0.000157232,0.000102507,0.000102507
4,4,a,pun,heir,father,0.721817788,-0.413880798,0.000182887,0.0596654,0.0596654
4,4,a,pun,heir,put,-0.62358598,-0.378372875,0.000461753,0.000412531,0.000412531
4,4,a,pun,heir,addition,-0.382613152,-0.450466895,8.02E-05,0.000109647,0.000109647
4,4,a,pun,heir,house,-0.575083639,-0.768492084,0.000395396,0.000857988,0.000857988
4,4,a,pun,heir,extension,-0.431374827,0.793788593,2.82E-05,3.65E-06,0.000176939
5,5,a,pun,clothing,clothing,0,0,1.72E-05,3.22E-05,0.355764
5,5,a,pun,clothing,men's,0.854047774,-0.864343966,1.71E-07,1.50E-05,1.50E-05
5,5,a,pun,clothing,wear,1.273718445,-0.628833021,4.04E-05,0.000220822,0.000220822
5,5,a,pun,clothing,store,1.517614712,-0.019507567,3.49E-05,0.00012587,0.00012587
5,5,a,pun,clothing,opening,-0.389128151,1.277368953,6.12E-05,4.96E-06,4.96E-06
5,5,a,pun,clothing,times,-0.535653622,0.429658664,0.000235099,1.45E-05,0.00744207
6,6,a,pun,ambiance,ambiance,0,0,9.75E-08,5.32E-08,0.000524477
6,6,a,pun,ambiance,paramedic,-0.892589298,0.382651093,3.09E-07,5.80E-06,5.80E-06
6,6,a,pun,ambiance,got,-0.57113356,-0.863688194,0.000691414,0.000168127,0.000168127
6,6,a,pun,ambiance,new,-0.360169455,-0.906119465,0.000999228,0.0130291,0.0130291
6,6,a,pun,ambiance,job,-0.696788693,0.562416838,0.000178196,0.00523224,0.00523224
6,6,a,pun,ambiance,chauffeur,-0.314530643,-0.390131783,2.09E-06,4.99E-05,4.99E-05
6,6,a,pun,ambiance,driver,-0.543925855,0.841903822,4.16E-05,3.28E-05,0.03168
7,7,a,pun,perches,perches,0,0,3.33E-07,2.19E-07,3.95E-05
7,7,a,pun,perches,pet,0.543119058,-0.331846317,1.13E-05,5.40E-05,5.40E-05
7,7,a,pun,perches,store,-0.725018344,1.273688022,3.49E-05,0.000558732,0.000558732
7,7,a,pun,perches,bird,1.191686169,-0.501370858,3.11E-05,6.08E-05,6.08E-05
7,7,a,pun,perches,contest,-0.590919012,-0.562537662,1.36E-05,4.43E-06,4.43E-06
7,7,a,pun,perches,necessary,-0.823158985,0.120207237,0.000143307,3.20E-05,0.000356732
8,8,a,pun,reword,reword,0,0,1.63E-08,1.16E-08,0.00187449
8,8,a,pun,reword,pun,-0.071790798,-0.787863724,1.02E-06,1.19E-05,1.19E-05
9,9,a,pun,math,math,0,0,2.60E-07,7.33E-08,0.000179789
9,9,a,pun,math,rubber,-0.748391508,-0.582838844,1.26E-05,0.000242318,0.000242318
9,9,a,pun,math,band,-0.876819151,-0.749418744,5.37E-05,0.102191,0.102191
9,9,a,pun,math,pistol,-0.820549264,-0.736901481,4.54E-06,1.14E-06,1.14E-06
9,9,a,pun,math,confiscated,-0.577110797,-0.812923943,1.73E-06,4.57E-05,4.57E-05
9,9,a,pun,math,algebra,1.85746101,-0.518226951,1.52E-06,7.27E-07,7.27E-07
9,9,a,pun,math,class,1.118197093,-0.250535633,0.000144006,5.69E-05,5.69E-05
9,9,a,pun,math,weapon,-0.317952911,0.460125844,1.57E-05,6.59E-05,6.59E-05
9,9,a,pun,math,disruption,-0.861675739,0.20398117,7.06E-06,9.43E-06,2.10E-06
10,10,a,pun,stealer,stealer,0,0,2.52E-07,1.49E-09,2.80E-10
10,10,a,pun,stealer,thief,1.548432432,0.538072559,5.80E-06,5.60E-05,5.60E-05
10,10,a,pun,stealer,stole,1.694467811,0.789595372,7.29E-06,0.0641827,0.0641827
10,10,a,pun,stealer,cutlery,-0.608574651,-0.228020166,2.47E-06,9.30E-07,9.30E-07
10,10,a,pun,stealer,leaving,-0.696696471,-0.827171198,7.66E-05,0.00178747,0.00178747
10,10,a,pun,stealer,clue,-0.367417642,-0.296696232,8.87E-06,9.02E-05,9.02E-05
10,10,a,pun,stealer,called,-0.73993729,-0.835115108,0.00026112,0.00180818,0.00180818
10,10,a,pun,stealer,stainless,-0.72768653,-0.09379566,2.50E-06,4.62E-06,4.62E-06
11,11,a,pun,wicker,wicker,0,0,1.68E-06,8.97E-06,8.18E-05
11,11,a,pun,wicker,getting,-0.802963762,-0.791296213,0.000157378,0.00070527,0.00070527
11,11,a,pun,wicker,pranked,-0.945886353,0.291268252,8.13E-09,0.00803361,0.00803361
11,11,a,pun,wicker,friends,-0.929679135,-0.555701691,0.000116952,0.00647206,0.00647206
11,11,a,pun,wicker,getting,-0.645101213,-0.696201398,0.000157378,0.000115448,0.000115448
11,11,a,pun,wicker,hit,-0.818366589,0.114935389,7.79E-05,0.000384009,0.000384009
11,11,a,pun,wicker,basket,1.40920629,-0.680156607,1.02E-05,0.000285154,0.000285154
11,11,a,pun,wicker,aron,-0.878076745,-0.754020104,1.14E-07,0.00247468,0.00247468
11,11,a,pun,wicker,knew,-0.853144038,-0.869254404,0.000193747,0.000160494,0.000160494
11,11,a,pun,wicker,sense,-0.674633301,-0.379664444,0.000171677,3.54E-05,0.0290488
11,11,a,pun,wicker,humor,-0.696201398,0.643750513,1.06E-07,0.0613029,0.0613029
12,12,a,pun,spatial,spatial,0,0,9.84E-06,2.92E-06,0.000569495
12,12,a,pun,spatial,aliens,-0.331103175,-0.179464204,2.86E-06,2.50E-07,2.50E-07
12,12,a,pun,spatial,lovable,-0.587589366,0.657898682,1.18E-06,3.98E-06,3.98E-06
13,13,a,pun,whirled,whirled,0,0,1.55E-06,1.61E-07,0.000622365
13,13,a,pun,whirled,astronaut,-0.177755161,1.200440109,7.80E-07,0.000107909,0.000107909
13,13,a,pun,whirled,gets,-0.753138191,-0.625352039,6.10E-05,5.91E-05,5.91E-05
13,13,a,pun,whirled,take,-0.7778778,-0.602837689,0.000559789,0.00200432,0.00200432
13,13,a,pun,whirled,turn,1.733512144,0.32137873,0.000163905,0.00412682,0.00412682
13,13,a,pun,whirled,traveler,-0.69952321,1.104669659,2.44E-08,4.48E-06,5.68E-06
14,14,a,pun,caesars,caesars,0,0,1.71E-07,5.98E-09,2.90E-05
14,14,a,pun,caesars,young,-0.130802016,-0.574533178,0.000260657,0.00380236,0.00380236
14,14,a,pun,caesars,boy,-0.347430465,-0.205619209,0.000102507,0.0286134,0.0286134
14,14,a,pun,caesars,brutus',1.099729391,-0.870360782,8.13E-09,0.00129238,0.00129238
14,14,a,pun,caesars,mother,-0.768492084,-0.804208035,0.000196283,0.000117062,0.000117062
14,14,a,pun,caesars,cautioned,-0.903392247,1.588185734,1.74E-06,1.64E-05,1.64E-05
14,14,a,pun,caesars,not,-0.787256892,-1.094772876,0.00346259,0.00299536,0.00299536
14,14,a,pun,caesars,run,-0.820549264,0.124706242,0.000173262,0.00180346,0.00180346
15,15,a,pun,launch,launch,0,0,2.52E-05,6.47E-07,1.78E-06
15,15,a,pun,launch,astronauts,1.866736686,-0.695418569,7.15E-07,1.02E-07,1.02E-07
15,15,a,pun,launch,like,-0.825180387,-0.335230617,0.001186943,0.000472291,0.000472291
16,16,a,pun,bloom,bloom,0,0,4.41E-06,1.67E-05,0.000182938
16,16,a,pun,bloom,flower,1.436927181,0.682043181,1.85E-05,0.000136395,0.000136395
16,16,a,pun,bloom,show,0.640303692,-0.593808778,0.000211119,0.019026,0.019026
16,16,a,pun,bloom,prize,-0.481246649,-0.274261135,2.53E-05,0.00137241,0.00137241
16,16,a,pun,bloom,ribbon,-0.507494658,0.79998026,5.19E-06,2.43E-06,0.00493645
17,17,a,pun,flea,flea,0,0,1.44E-06,1.49E-07,0.0155354
17,17,a,pun,flea,pet,1.178779019,-0.392441284,1.13E-05,2.35E-05,2.35E-05
17,17,a,pun,flea,store,-0.30782313,-0.05921709,3.49E-05,0.000558732,0.000558732
17,17,a,pun,flea,buy,-0.402777604,0.044471953,9.88E-05,7.62E-05,7.62E-05
17,17,a,pun,flea,dog,0.892434215,-0.450559247,6.33E-05,7.73E-05,7.73E-05
17,17,a,pun,flea,get,-0.789078325,0.351543999,0.000769103,0.00019186,0.00019186
18,18,a,pun,fillings,fillings,0,0,1.15E-06,8.53E-08,9.17E-05
18,18,a,pun,fillings,kind,-0.741261606,0.760959289,0.000189024,0.000280833,0.000280833
18,18,a,pun,fillings,dentist,1.696305434,-0.227316991,4.45E-06,0.000201085,0.000201085
19,19,a,pun,salivation,salivation,0,0,1.71E-07,9.66E-08,6.53E-06
19,19,a,pun,salivation,bell,0.318681874,-0.358648754,2.62E-05,5.71E-07,5.71E-07
19,19,a,pun,salivation,bark,-0.603036147,-0.518201998,4.67E-06,3.60E-06,3.60E-06
19,19,a,pun,salivation,kennel,-0.12174292,-0.852195938,1.45E-06,5.75E-07,5.75E-07
19,19,a,pun,salivation,novel,-0.9744652,-0.463107148,3.32E-05,0.000451063,0.000451063
19,19,a,pun,salivation,ivan,-0.890851734,-0.855225043,4.54E-06,3.35E-09,3.35E-09
19,19,a,pun,salivation,pavlov,0.539515988,0.155029846,9.84E-07,0.0430161,0.0430161
19,19,a,pun,salivation,chronicles,-0.658279818,-0.43002334,1.19E-06,6.43E-07,6.43E-07
19,19,a,pun,salivation,birth,-0.35454071,0.238622737,4.12E-05,0.000129394,0.000129394
19,19,a,pun,salivation,army,0.091829622,0.114838662,9.02E-05,4.17E-05,4.30E-06
20,20,a,pun,orifice,orifice,0,0,4.31E-07,8.26E-07,0.00143566
20,20,a,pun,orifice,dentists,0.194547375,1.238488039,2.38E-06,2.32E-07,2.32E-07
20,20,a,pun,orifice,like,-0.855225043,-0.964779109,0.001186943,0.0142077,0.0142077
20,20,a,pun,orifice,hard,-0.497426638,-0.360273011,0.000179481,0.000703352,0.000703352
20,20,a,pun,orifice,day,-0.740043375,0.26177945,0.000484189,0.0281796,0.0281796
21,21,a,pun,braille,braille,0,0,1.03E-06,7.10E-08,4.51E-07
21,21,a,pun,braille,even,-0.801476003,-0.768492084,0.000706388,3.67E-05,3.67E-05
21,21,a,pun,braille,ashley,-0.506866596,-0.318165828,8.55E-06,0.00274991,0.00274991
21,21,a,pun,braille,blind,1.534468703,-0.999925399,2.45E-05,0.000108825,0.000108825
21,21,a,pun,braille,under,-0.9624971,-0.794120045,0.000485685,0.000278334,0.000278334
21,21,a,pun,braille,arrest,-0.791296213,1.722882404,1.72E-05,0.000540865,0.000540865
21,21,a,pun,braille,still,-0.560659136,-0.84409879,0.000580957,0.00315405,0.00315405
21,21,a,pun,braille,hope,-0.622885758,-0.291239755,0.000138153,8.12E-06,8.12E-06
21,21,a,pun,braille,out,-0.109953666,1.523096169,0.001586582,0.00285679,0.00285679
22,22,a,pun,sperm,sperm,0,0,3.45E-06,7.27E-06,2.09E-05
22,22,a,pun,sperm,even,-1.09733531,-1.025309695,0.000706388,3.67E-05,3.67E-05
22,22,a,pun,sperm,contributes,-0.395011074,-0.491900541,4.36E-06,6.20E-06,6.20E-06
22,22,a,pun,sperm,either,-0.686619962,-0.686796655,0.000217281,8.01E-05,8.01E-05
22,22,a,pun,sperm,x,-0.488115664,-1.020847887,5.29E-05,2.09E-05,2.09E-05
22,22,a,pun,sperm,y,0.630654036,-0.553105246,3.07E-05,0.221515,0.221515
22,22,a,pun,sperm,chromosome,1.240840569,-0.698370281,3.57E-06,2.63E-06,2.63E-06
22,22,a,pun,sperm,father,1.214549809,-0.828776304,0.000182887,0.000640227,0.000640227
22,22,a,pun,sperm,chooses,-0.782835074,-0.649524509,4.79E-06,1.22E-06,1.22E-06
22,22,a,pun,sperm,sex,1.793568014,0.994719349,6.60E-05,7.33E-05,7.33E-05
22,22,a,pun,sperm,child,1.20202566,-0.695449385,0.000189301,0.000438705,0.000438705
22,22,a,pun,sperm,just,-0.705919562,-0.960892804,0.00101403,0.0136544,0.0136544
22,22,a,pun,sperm,moment,-0.456345808,1.80293771,0.000167247,0.000534063,0.000534063
22,22,a,pun,sperm,decision,-0.340387368,-0.151593384,0.000133243,4.01E-06,4.01E-06
23,23,a,pun,grime,grime,0,0,9.59E-07,1.73E-07,0.000589605
23,23,a,pun,grime,children,-0.248805238,-0.807717991,0.000367204,0.00102898,0.00102898
23,23,a,pun,grime,eat,-0.463720998,-0.777888144,5.87E-05,0.00265646,0.00265646
23,23,a,pun,grime,washing,0.855460814,-1.022932402,2.05E-05,0.000134518,0.000134518
23,23,a,pun,grime,hands,0.02573075,-0.192807897,0.000143745,0.282159,0.282159
24,24,a,pun,epoch,epoch,0,0,1.39E-06,3.15E-07,1.20E-08
24,24,a,pun,epoch,grandparents,-0.140462652,-0.696201398,4.45E-06,3.00E-07,3.00E-07
24,24,a,pun,epoch,faces,-0.871854252,0.090758841,3.58E-05,3.42E-05,3.42E-05
24,24,a,pun,epoch,full,-0.531953874,-0.489234324,0.000226792,0.000885939,0.000885939
24,24,a,pun,epoch,marks,-0.765084941,1.235380646,3.51E-05,2.47E-05,0.412343
25,25,a,pun,bonus,bonus,0,0,1.11E-05,7.13E-06,8.96E-05
25,25,a,pun,bonus,labored,0.230826751,-0.618125366,2.44E-08,1.99E-05,1.99E-05
25,25,a,pun,bonus,hard,-0.605434133,0.961548028,0.000179481,0.00275891,0.00275891
25,25,a,pun,bonus,worked,0.085690978,0.160513752,9.96E-05,0.000743532,0.000743532
25,25,a,pun,bonus,fingers,-1.042123439,1.111863269,4.40E-05,0.000418514,0.000418514
26,26,a,pun,hobbit,hobbit,0,0,4.71E-07,1.46E-08,0.00974639
26,26,a,pun,hobbit,keep,-0.657583393,0.253686122,0.000216663,3.02E-05,3.02E-05
26,26,a,pun,hobbit,reading,1.472241225,0.019289278,8.60E-05,0.000565856,0.000565856
26,26,a,pun,hobbit,the,0.171521965,-1.006811246,0.048626868,0.0283555,0.0283555
26,26,a,pun,hobbit,lord,0.082779547,-0.696696471,0.000127756,3.55E-05,3.55E-05
26,26,a,pun,hobbit,rings,0.943917597,-0.566546575,1.24E-05,2.35E-05,2.35E-05
26,26,a,pun,hobbit,guess,-0.847441127,-0.91851544,2.36E-05,0.00735817,0.00735817
26,26,a,pun,hobbit,just,-0.869925117,-0.556870298,0.00101403,0.0124207,0.0124207
26,26,a,pun,hobbit,force,-0.660585383,-0.157900287,0.000125276,2.39E-05,2.39E-05
27,27,a,pun,screaming,screaming,0,0,1.09E-05,2.55E-06,0.000419497
27,27,a,pun,screaming,like,-0.89623195,-0.443944792,0.001186943,0.00051742,0.00051742
27,27,a,pun,screaming,latest,-0.768492084,-0.295271219,5.22E-05,0.000295892,0.000295892
27,27,a,pun,screaming,horror,1.020541988,0.698420014,1.62E-05,0.000129657,0.000129657
27,27,a,pun,screaming,movie,0.240603017,1.034326306,1.44E-05,0.00946177,0.00946177
27,27,a,pun,screaming,i've,-0.83289257,-0.90658766,4.55E-07,2.20E-07,2.20E-07
27,27,a,pun,screaming,arranged,-0.647822954,-0.404895972,3.19E-05,4.59E-05,4.59E-05
27,27,a,pun,screaming,private,-0.851442379,0.524680304,0.000141518,0.000404432,0.000404432
28,28,a,pun,ohms,ohms,0,0,6.18E-07,2.61E-06,0.0576145
28,28,a,pun,ohms,like,-0.961631853,-0.768492084,0.001186943,0.00051742,0.00051742
28,28,a,pun,ohms,stay,-0.712045543,-0.916856701,9.63E-05,0.0053027,0.0053027
28,28,a,pun,ohms,current,0.58262646,-0.83483688,0.000114229,9.64E-06,9.64E-06
28,28,a,pun,ohms,electrifying,0.982098768,-0.566891594,6.02E-07,5.15E-07,5.15E-07
28,28,a,pun,ohms,adventures,-0.756463027,0.709295912,4.17E-06,9.92E-06,9.92E-06
28,28,a,pun,ohms,sherlock,-0.558142296,1.716176025,1.63E-06,0.00439061,0.00439061
29,29,a,pun,kant,kant,0,0,1.91E-06,0.00788452,0.00115221
29,29,a,pun,kant,need,-0.768492084,-0.457669333,0.00044508,0.000108456,0.000108456
29,29,a,pun,kant,philosophy,0.594760077,-0.236775461,2.77E-05,9.38E-05,9.38E-05
29,29,a,pun,kant,homework,-0.530654244,-0.346031903,6.49E-06,1.64E-06,1.64E-06
29,29,a,pun,kant,just,-0.747905517,-0.48257104,0.00101403,0.00139074,0.00139074
30,30,a,pun,tamper,tamper,0,0,4.23E-07,1.59E-07,0.161604
30,30,a,pun,tamper,barista,-0.321494003,-0.695418569,8.13E-09,0.00340529,0.00340529
30,30,a,pun,tamper,not,-0.38436228,-0.883392341,0.00346259,0.021206,0.021206
30,30,a,pun,tamper,allowed,-0.639302032,-0.675663486,0.000112798,0.00266571,0.00266571
30,30,a,pun,tamper,make,-0.022103465,-0.513919625,0.000621074,0.0147865,0.0147865
30,30,a,pun,tamper,espresso,-0.688232969,-1.010664532,2.03E-07,2.64E-08,2.64E-08
30,30,a,pun,tamper,lose,-0.42506412,0.744520944,5.06E-05,0.00232544,0.00232544
31,31,a,pun,latte,latte,0,0,8.13E-09,0.00390153,0.00333838
31,31,a,pun,latte,spend,-0.045615681,-0.281561419,5.89E-05,0.000690856,0.000690856
31,31,a,pun,latte,time,-0.947835339,1.200496854,0.001239318,0.023436,0.023436
31,31,a,pun,latte,coffee,1.838535291,-0.164915081,5.04E-05,0.000118945,0.000118945
31,31,a,pun,latte,shop,0.099673274,0.147724513,8.38E-05,0.0493358,0.0493358
31,31,a,pun,latte,you'll,-1.033399543,-0.466902009,1.79E-07,6.78E-06,6.78E-06
31,31,a,pun,latte,work,-0.262727015,0.676276652,0.000718337,0.00111282,0.073073
32,32,a,pun,libel,libel,0,0,6.37E-06,6.23E-06,8.30E-05
32,32,a,pun,libel,write,0.253432196,-0.518143508,8.56E-05,0.00176126,0.00176126
32,32,a,pun,libel,bad,0.434544881,0.213244842,0.000120326,8.65E-05,8.65E-05
32,32,a,pun,libel,things,-0.783779476,-0.674633301,0.000325892,0.00745375,0.00745375
32,32,a,pun,libel,sue,1.702812138,1.03866012,1.88E-05,0.000210366,7.30E-05
33,33,a,pun,tryst,tryst,0,0,2.28E-07,1.07E-07,0.000232038
33,33,a,pun,tryst,novel,-0.740461126,0.713492747,3.32E-05,0.000288953,0.000288953
33,33,a,pun,tryst,unexpected,-0.384531457,1.62548606,1.64E-05,0.000580858,0.000580858
33,33,a,pun,tryst,secret,0.203059995,0.264869073,4.47E-05,1.97E-05,1.97E-05
33,33,a,pun,tryst,meeting,0.283346607,-0.713061639,0.000165076,0.000993658,0.000993658
33,33,a,pun,tryst,lovers,1.09218497,-0.605937267,8.89E-06,9.77E-06,9.77E-06
33,33,a,pun,tryst,plot,-0.620082612,0.655905037,1.67E-05,0.000262666,0.000262666
34,34,a,pun,propane,propane,0,0,3.98E-07,4.77E-08,3.76E-07
34,34,a,pun,propane,inflammatory,0.524274451,0.537788401,5.51E-06,3.36E-07,3.36E-07
34,34,a,pun,propane,talk,-0.820549264,0.638659276,0.000130365,3.26E-05,3.26E-05
34,34,a,pun,propane,seen,0.298342534,-0.431107244,0.000293376,0.0144932,0.0144932
34,34,a,pun,propane,language,-0.975849504,0.813567976,0.000150273,7.13E-05,0.00365472
35,35,a,pun,leafing,leafing,0,0,4.15E-07,4.17E-08,0.000523105
35,35,a,pun,leafing,john,-0.930865719,-0.732594277,0.000260186,6.39E-07,6.39E-07
35,35,a,pun,leafing,plans,0.664976109,0.076967923,9.28E-05,0.000112502,0.000112502
35,35,a,pun,leafing,retire,-1.00566682,0.641089708,8.66E-06,0.00319328,0.00319328
35,35,a,pun,leafing,spring,0.557250604,-0.511549743,4.70E-05,0.00124322,0.00124322
35,35,a,pun,leafing,like,-0.660585383,0.082140175,0.001186943,0.0124801,0.0124801
35,35,a,pun,leafing,trees,1.209997602,-0.476044827,6.48E-05,0.000232797,0.000232797
36,36,a,pun,yams,yams,0,0,1.79E-07,1.02E-07,1.48E-05
36,36,a,pun,yams,just,-0.768492084,-0.934888345,0.00101403,0.000159739,0.000159739
36,36,a,pun,yams,time,-0.981517464,0.021541304,0.001239318,0.212782,0.212782
36,36,a,pun,yams,thanksgiving,1.212957909,-0.425702503,1.50E-06,6.95E-08,6.95E-08
36,36,a,pun,yams,blockbuster,-0.820549264,-0.872240425,9.02E-07,9.10E-06,9.10E-06
36,36,a,pun,yams,movie,-0.711983357,-0.097078622,1.44E-05,0.0026432,0.0026432
36,36,a,pun,yams,sweet,0.677385511,0.053858171,2.80E-05,5.32E-06,5.32E-06
36,36,a,pun,yams,potatoes,1.353283713,-0.268920404,1.28E-05,0.00676358,0.00676358
36,36,a,pun,yams,called,-0.773975142,-0.629178616,0.00026112,0.000356792,0.000356792
36,36,a,pun,yams,the,-0.554968549,-0.643381484,0.048626868,0.152051,0.152051
36,36,a,pun,yams,silence,-0.93384429,0.490500931,4.39E-05,7.33E-05,7.33E-05
37,37,a,pun,tolkien,tolkien,0,0,3.53E-06,0.0150905,0.00136054
37,37,a,pun,tolkien,night,-0.421807519,-0.284385257,0.00028189,0.276901,0.276901
37,37,a,pun,tolkien,kept,-0.910268591,-0.487771094,0.000109856,1.09E-05,1.09E-05
37,37,a,pun,tolkien,dreaming,-0.13577103,-0.35620347,6.31E-06,4.30E-05,4.30E-05
37,37,a,pun,tolkien,written,0.446306691,0.657206796,0.000107783,0.00212419,0.00212419
37,37,a,pun,tolkien,lord,1.160735078,-0.456126881,0.000127756,7.45E-07,7.45E-07
37,37,a,pun,tolkien,rings,1.387542586,-0.938879858,1.24E-05,2.35E-05,2.35E-05
37,37,a,pun,tolkien,wife,-0.607085823,0.180393523,0.000132324,0.000173017,0.000173017
37,37,a,pun,tolkien,said,-0.416466233,1.559672555,0.001573933,0.00139775,0.00139775
37,37,a,pun,tolkien,i'd,-0.866508438,-0.768492084,4.55E-07,1.89E-09,1.89E-09
37,37,a,pun,tolkien,sleep,-0.659335913,-0.549401899,5.81E-05,0.00128327,0.00128327
38,38,a,pun,magnate,magnate,0,0,1.27E-06,1.80E-06,7.41E-05
38,38,a,pun,magnate,people,-0.431309807,-0.033286014,0.000974418,0.0895409,0.0895409
38,38,a,pun,magnate,strongly,0.205205301,0.624197061,3.65E-05,0.000324916,0.000324916
38,38,a,pun,magnate,attracted,0.279602196,0.432189381,2.25E-05,0.0117171,0.0117171
39,39,a,pun,raven,raven,0,0,1.59E-06,3.76E-06,2.96E-05
39,39,a,pun,raven,people,-0.692477372,0.051942857,0.000974418,0.0895409,0.0895409
39,39,a,pun,raven,think,-0.547426766,-0.366756378,0.000704851,0.00534721,0.00534721
39,39,a,pun,raven,edgar,0.755989354,0.668814932,4.37E-06,0.00125842,0.00125842
39,39,a,pun,raven,allan,0.05910036,-0.860964863,8.29E-06,0.0576145,0.0576145
39,39,a,pun,raven,poe,1.347726463,-0.146664918,4.96E-07,0.0576145,0.0576145
39,39,a,pun,raven,madman,0.102235812,1.408360872,1.16E-06,6.35E-07,7.69E-07
40,40,a,pun,alkaline,alkaline,0,0,2.69E-06,4.11E-05,6.03E-05
40,40,a,pun,alkaline,battery,1.206701171,-0.792668572,1.04E-05,2.83E-06,2.83E-06
40,40,a,pun,alkaline,problem,-0.860713606,0.867494647,0.000230092,5.02E-05,0.192777
40,40,a,pun,alkaline,went,-0.731474167,-0.800999628,0.00036822,0.00737786,0.00737786
40,40,a,pun,alkaline,aa,1.043341239,1.622194218,3.89E-06,3.11E-08,3.11E-08
40,40,a,pun,alkaline,meetings,-1.072710013,0.198383999,4.24E-05,4.79E-05,4.79E-05
41,41,a,pun,shave,shave,0,0,2.55E-06,1.02E-06,2.49E-06
41,41,a,pun,shave,boss,-0.507400464,1.072828636,2.58E-05,0.00207698,0.00207698
41,41,a,pun,shave,not,-0.891280856,-0.47745673,0.00346259,0.29367,0.29367
41,41,a,pun,shave,tolerate,-0.737205823,-0.613686324,4.96E-06,0.000149743,0.000149743
41,41,a,pun,shave,beards,0.734259357,0.288613041,9.84E-07,8.55E-07,8.55E-07
41,41,a,pun,shave,mustaches,1.325039479,-0.865224467,8.13E-09,7.50E-07,7.50E-07
41,41,a,pun,shave,real,-0.664275018,-0.3940021,0.000182773,0.00551477,0.00551477
41,41,a,pun,shave,driver,-0.643777786,0.272936473,4.16E-05,2.24E-05,0.00208037
42,42,a,pun,aiken,aiken,0,0,2.68E-07,0.00770689,1.43E-06
42,42,a,pun,aiken,heart,-0.724771037,0.661308045,0.000107336,0.0107335,0.0107335
42,42,a,pun,aiken,starts,-0.748234784,-0.643347041,3.25E-05,0.000196909,0.000196909
42,42,a,pun,aiken,clay,1.199433985,-0.415952447,1.28E-05,7.39E-06,7.39E-06
42,42,a,pun,aiken,sings,0.441021487,-0.710184521,2.50E-06,4.06E-06,4.06E-06
43,43,a,pun,irrigation,irrigation,0,0,2.22E-06,1.45E-06,0.000660083
43,43,a,pun,irrigation,neighbor's,-0.730225151,-0.269612334,8.13E-09,0.000108712,0.000108712
43,43,a,pun,irrigation,sprinkler,1.742975516,-0.685323601,7.48E-07,1.87E-06,1.87E-06
43,43,a,pun,irrigation,constant,-0.510609373,0.187268811,4.08E-05,0.00241929,0.00241929
44,44,a,pun,auntie,auntie,0,0,5.16E-06,1.91E-07,3.26E-06
44,44,a,pun,auntie,uncles,1.798489909,-0.55978999,1.77E-06,0.0038744,0.0038744
44,44,a,pun,auntie,bet,-0.827928535,0.057568964,2.18E-05,4.82E-06,4.82E-06
44,44,a,pun,auntie,get,-1.015647941,-0.610300289,0.000769103,0.00442361,0.00442361
44,44,a,pun,auntie,married,-0.203961453,-1.055707502,7.88E-05,0.00434599,0.00434599
44,44,a,pun,auntie,upped,-0.802963762,1.005601192,4.88E-07,1.56E-07,1.56E-07
45,45,a,pun,fuchsia,fuchsia,0,0,4.06E-07,1.28E-07,0.0017513
45,45,a,pun,fuchsia,new,-0.870415876,0.425859064,0.000999228,2.44E-05,2.44E-05
45,45,a,pun,fuchsia,years,-0.950474383,0.794137854,0.000713492,0.000103574,0.000103574
45,45,a,pun,fuchsia,resolution,-0.686168064,0.401406128,2.91E-05,6.70E-06,6.70E-06
45,45,a,pun,fuchsia,bankrupt,-0.980582098,0.111994684,5.80E-06,3.52E-06,3.52E-06
45,45,a,pun,fuchsia,gardener,-0.025247262,-0.594976527,5.93E-06,2.70E-06,2.70E-06
45,45,a,pun,fuchsia,forget,-0.843243559,-0.184145143,4.75E-05,0.000360568,0.000360568
45,45,a,pun,fuchsia,past,-1.001058143,1.353347814,0.000204266,0.0118078,0.0118078
45,45,a,pun,fuchsia,rely,-0.768492084,-0.828824356,2.15E-05,1.73E-05,1.73E-05
46,46,a,pun,till,till,0,0,4.30E-05,1.36E-05,0.00121839
46,46,a,pun,till,organic,-0.061528485,-0.622130709,1.71E-05,1.77E-05,1.77E-05
46,46,a,pun,till,farms,1.384527455,-0.928333605,1.46E-05,0.00472282,0.00472282
46,46,a,pun,till,like,-0.785873486,-0.154158423,0.001186943,0.00150706,0.0526563
47,47,a,pun,house,house,0,0,0.000395396,2.06E-05,1.09E-05
47,47,a,pun,house,real,-0.688196007,-0.617130283,0.000182773,0.000104851,0.000104851
47,47,a,pun,house,estate,1.351042085,-1.028844296,4.21E-05,0.00329224,0.00329224
47,47,a,pun,house,agent,-0.031082829,-0.768492084,3.43E-05,0.0285993,0.0285993
47,47,a,pun,house,said,-0.757080802,-0.888097097,0.001573933,0.00739838,0.00739838
47,47,a,pun,house,going,-0.330278008,0.279061587,0.000507731,0.000228197,0.401898
48,48,a,pun,eire,eire,0,0,1.29E-06,0.00255539,0.000250077
48,48,a,pun,eire,people,-0.552208408,-0.080619354,0.000974418,4.75E-05,4.75E-05
48,48,a,pun,eire,happy,-0.676615169,-0.337994211,9.14E-05,0.00147488,0.00147488
48,48,a,pun,eire,time,-0.736867675,-0.512384139,0.001239318,0.0247114,0.0247114
48,48,a,pun,eire,vacationing,-0.58497285,-0.773259387,4.06E-08,2.33E-08,2.33E-08
48,48,a,pun,eire,ireland,0.259286594,-0.805463266,7.70E-05,1.05E-08,1.05E-08
48,48,a,pun,eire,walking,-0.761443572,-0.564388988,5.10E-05,0.00020439,0.00020439
49,49,a,pun,alp,alp,0,0,1.09E-06,3.81E-09,0.00273021
49,49,a,pun,alp,people,-0.708886898,0.408733728,0.000974418,4.75E-05,4.75E-05
49,49,a,pun,alp,switzerland,1.454584429,-0.725940798,1.22E-05,0.00101516,0.00101516
49,49,a,pun,alp,learn,-0.89684315,0.503757112,6.55E-05,0.000706582,0.000706582
49,49,a,pun,alp,ski,1.272672278,-0.475677545,7.08E-06,0.00342662,0.00342662
49,49,a,pun,alp,lot,-0.581380651,-0.472152614,0.000223117,0.00675467,0.00675467
50,50,a,pun,garden,garden,0,0,8.72E-05,1.11E-05,1.49E-06
50,50,a,pun,garden,scarecrows,1.197760582,0.752424307,1.14E-07,2.14E-08,2.14E-08
50,50,a,pun,garden,patch,1.110548584,-0.566140103,1.32E-05,0.000109671,9.12E-05
51,51,a,pun,bean,bean,0,0,4.21E-06,3.32E-06,0.14607
51,51,a,pun,bean,selling,-0.652661735,0.582549294,4.40E-05,4.09E-06,4.09E-06
51,51,a,pun,bean,coffee,1.660317803,-0.584549235,5.04E-05,0.000413523,0.000413523
51,51,a,pun,bean,perks,-0.508400531,-0.723754513,2.15E-06,3.73E-06,3.73E-06
51,51,a,pun,bean,those,-0.889691066,-0.506007447,0.00069799,0.00407938,0.00407938
51,51,a,pun,bean,lucky,-0.629772767,-0.132889355,3.18E-05,0.000518295,0.00805267
52,52,a,pun,odor,odor,0,0,8.13E-09,2.16E-06,0.00389359
52,52,a,pun,odor,sign,-0.476426771,0.453981087,6.51E-05,3.82E-06,3.82E-06
52,52,a,pun,odor,broken,-0.64930939,-0.365706615,5.55E-05,0.000265132,0.000265132
52,52,a,pun,odor,perfume,1.349460204,-0.468285923,4.24E-06,1.92E-06,1.92E-06
52,52,a,pun,odor,bottle,-0.175423027,-0.531042077,3.18E-05,0.00403508,0.00403508
52,52,a,pun,odor,out,-0.541483176,-0.051627798,0.001586582,0.000285262,0.000285262
53,53,a,pun,watt,watt,0,0,5.20E-06,1.42E-07,0.930144
53,53,a,pun,watt,sign,-0.505795287,-0.116709271,6.51E-05,3.82E-06,3.82E-06
53,53,a,pun,watt,please,-0.967609746,-0.889900822,0.000111563,9.83E-05,9.83E-05
53,53,a,pun,watt,turn,-0.843243559,-0.19418994,0.000163905,0.00153109,0.00153109
53,53,a,pun,watt,out,-0.658818661,-0.472757556,0.001586582,0.0189194,0.0189194
53,53,a,pun,watt,lights,1.688947785,-0.509280299,3.53E-05,0.00210965,0.00210965
53,53,a,pun,watt,thanks,-1.005784866,0.665598477,5.18E-05,1.01E-08,1.01E-08
54,54,a,pun,pest,pest,0,0,3.91E-06,1.23E-06,0.00274276
54,54,a,pun,pest,children,0.019929402,-0.453331164,0.000367204,0.000706022,0.000706022
54,54,a,pun,pest,behavior,-0.451721813,0.748248245,6.34E-07,5.96E-05,0.0137098
55,55,a,pun,crank,crank,0,0,7.72E-07,1.14E-06,0.000239345
55,55,a,pun,crank,people,-0.275070284,-0.661190249,0.000974418,0.0458858,0.0458858
55,55,a,pun,crank,get,-0.945886353,-0.734582003,0.000769103,0.0219218,0.0219218
55,55,a,pun,crank,up,-0.027226409,-0.313578599,0.001669327,0.0191973,0.0191973
55,55,a,pun,crank,work,0.065639743,-0.362394119,0.000718337,0.00880903,0.00880903
55,55,a,pun,crank,dawn,-0.920411633,0.572512878,1.90E-05,3.82E-05,0.245687
56,56,a,pun,leg,leg,0,0,4.09E-05,1.55E-05,0.024239
56,56,a,pun,leg,planes,-0.935994935,0.158193106,8.42E-06,6.83E-06,6.83E-06
56,56,a,pun,leg,cramped,0.978330987,-0.466712467,3.41E-06,4.40E-05,4.40E-05
56,56,a,pun,leg,passengers,-0.387229821,-0.1539718,2.03E-05,4.48E-05,4.48E-05
56,56,a,pun,leg,suffer,-0.641826049,0.083408856,2.74E-05,7.36E-06,7.36E-06
56,56,a,pun,leg,jet,-0.888097097,1.718372676,1.08E-05,8.25E-06,8.25E-06
57,57,a,pun,decade,decade,0,0,2.98E-05,5.33E-06,0.0289135
57,57,a,pun,decade,ten,1.564333095,-0.838154715,0.000157288,2.16E-05,2.16E-05
57,57,a,pun,decade,years,1.547106667,0.713324245,0.000713492,0.0653531,0.0653531
57,57,a,pun,decade,brushing,0.002236756,0.685656189,4.06E-06,6.88E-06,6.88E-06
57,57,a,pun,decade,causes,-0.866769811,-0.106843409,3.67E-05,2.55E-05,2.55E-05
57,57,a,pun,decade,horrible,-0.600309607,0.311556838,1.29E-05,4.90E-06,4.90E-06
57,57,a,pun,decade,tooth,-0.472012752,1.114234322,5.14E-06,5.91E-06,5.91E-06
58,58,a,pun,dramatic,dramatic,0,0,3.08E-05,9.06E-06,0.00164569
58,58,a,pun,dramatic,actor,1.169871747,-0.475196786,1.61E-05,3.66E-05,3.66E-05
58,58,a,pun,dramatic,quite,-0.13541323,-0.294495253,0.000318706,0.0161509,0.0161509
58,58,a,pun,dramatic,right,-0.560396783,1.042524858,0.000724954,0.00228158,0.00228158
58,58,a,pun,dramatic,retired,-0.868380626,-0.502520343,2.30E-05,0.00333981,0.00333981
58,58,a,pun,dramatic,post,-0.235556432,0.434364099,7.45E-05,8.21E-07,8.21E-07
58,58,a,pun,dramatic,stress,0.265772995,1.030537233,3.89E-05,2.72E-05,0.667041
58,58,a,pun,dramatic,disorder,0.02321138,0.826936307,1.30E-05,0.000400378,0.332441
59,59,a,pun,grammatic,grammatic,0,0,4.06E-08,6.96E-08,0.00164569
59,59,a,pun,grammatic,english,1.488062983,-0.909985073,0.000183838,1.67E-06,1.67E-06
59,59,a,pun,grammatic,teacher,1.192226318,-0.791296213,6.94E-05,3.34E-05,3.34E-05
59,59,a,pun,grammatic,felt,-0.921998765,0.260183849,0.000210802,0.00170659,0.00170659
59,59,a,pun,grammatic,odd,-0.638117648,-0.343554782,3.46E-05,0.000192326,0.000192326
59,59,a,pun,grammatic,being,-0.376811204,-0.454650381,0.000703721,0.0166328,0.0166328
59,59,a,pun,grammatic,fired,-0.998823601,0.747917522,1.58E-05,0.000214276,0.000214276
59,59,a,pun,grammatic,post,-0.075704436,0.252779589,7.45E-05,8.07E-07,8.07E-07
59,59,a,pun,grammatic,stress,-0.708221773,0.816966059,3.89E-05,4.62E-05,0.667041
59,59,a,pun,grammatic,disorder,-0.789315839,0.901872606,1.30E-05,0.000400378,0.332441
60,60,a,pun,hosta,hosta,0,0,1.63E-07,1.02E-08,0.000346739
60,60,a,pun,hosta,garden,0.719701453,-0.684136703,8.72E-05,0.000296225,0.000296225
60,60,a,pun,hosta,club,-0.318740743,-0.319810105,0.000131804,7.52E-05,7.52E-05
60,60,a,pun,hosta,visited,-0.606117901,-0.802854167,3.39E-05,1.42E-05,1.42E-05
60,60,a,pun,hosta,nursery,0.141802844,-1.073214091,1.41E-05,3.75E-05,3.75E-05
60,60,a,pun,hosta,found,-0.526758118,-0.499352325,0.000380934,0.000716748,0.000716748
60,60,a,pun,hosta,environment,-0.603326871,0.365676139,0.000103482,6.70E-05,0.0781967
61,61,a,pun,dublin,dublin,0,0,1.86E-05,2.07E-09,9.25E-07
61,61,a,pun,dublin,irish,1.581972636,-0.55077486,4.71E-05,1.01E-07,1.01E-07
61,61,a,pun,dublin,rich,0.750602733,-0.428540969,5.40E-05,0.000126182,0.000126182
61,61,a,pun,dublin,capital,0.858460003,0.240717333,0.000108335,0.000421982,0.000421982
62,62,a,pun,prism,prism,0,0,6.18E-07,6.15E-08,2.74E-05
62,62,a,pun,prism,optical,0.862760376,-0.785873486,7.45E-06,1.53E-05,1.53E-05
62,62,a,pun,prism,scientist,0.296114396,-0.513467826,1.62E-05,5.17E-06,5.17E-06
62,62,a,pun,prism,stole,-0.79161182,0.808077941,7.29E-06,0.000424978,0.000424978
62,62,a,pun,prism,colleague's,-0.768492084,-0.766698457,1.63E-08,5.00E-05,5.00E-05
62,62,a,pun,prism,bifocals,0.156082969,-0.073276141,7.32E-08,3.16E-07,3.16E-07
62,62,a,pun,prism,sentenced,-1.030829313,1.168777351,9.80E-06,0.000385112,0.000385112
62,62,a,pun,prism,three,-0.24627984,-0.901873649,0.000627195,0.0466413,0.0466413
62,62,a,pun,prism,years,-0.203757048,1.082541942,0.000713492,0.132716,0.132716
62,62,a,pun,prism,state,-0.743323488,0.585852523,0.000307196,0.00678829,0.00678829
63,63,a,pun,fridge,fridge,0,0,7.28E-06,1.55E-05,0.00351763
63,63,a,pun,fridge,plumber,-0.091764356,-0.768492084,1.70E-06,7.88E-06,7.88E-06
63,63,a,pun,fridge,explained,-0.735554156,-0.624420972,5.47E-05,3.57E-05,3.57E-05
63,63,a,pun,fridge,problem,-0.642296772,-0.095965802,0.000230092,0.00217942,0.00217942
63,63,a,pun,fridge,kitchen,1.480104337,-0.604859562,6.17E-05,0.0014998,0.0014998
63,63,a,pun,fridge,just,-0.808410373,-0.58529731,0.00101403,0.00205392,0.00205392
63,63,a,pun,fridge,water,0.434760611,1.20972442,0.000276688,5.01E-05,5.01E-05
63,63,a,pun,fridge,under,-0.524355,0.461293395,0.000485685,0.00155868,0.00155868
64,64,a,pun,thief,thief,0,0,5.80E-06,4.38E-07,0.162292
64,64,a,pun,thief,robber,1.490306763,-0.232999264,1.52E-06,9.87E-06,9.87E-06
64,64,a,pun,thief,baron,-0.162000844,0.33945814,6.27E-06,0.0047609,0.0047609
64,64,a,pun,thief,commander,-0.436090311,1.282435225,1.53E-05,7.86E-05,7.86E-05
65,65,a,pun,revolution,revolution,0,0,3.69E-05,1.36E-05,0.0387254
65,65,a,pun,revolution,satellite,-0.589581762,-0.169813127,1.32E-05,2.19E-05,2.19E-05
65,65,a,pun,revolution,went,-0.718832382,-0.556542663,0.00036822,0.000118547,0.000118547
65,65,a,pun,revolution,orbit,0.587169324,-0.674633301,5.71E-06,0.000820135,0.000820135
65,65,a,pun,revolution,january,-0.629788658,0.391177113,8.14E-05,8.50E-08,8.50E-08
65,65,a,pun,revolution,1st,-0.014723459,0.162847061,1.02E-05,1.12E-05,1.12E-05
65,65,a,pun,revolution,causing,0.312314307,-0.005369105,2.59E-05,1.66E-05,1.66E-05
65,65,a,pun,revolution,new,0.901104107,-0.07632358,0.000999228,0.0023203,0.0023203
65,65,a,pun,revolution,year's,0.90086442,0.890641509,7.32E-08,6.61E-05,6.61E-05
66,66,a,pun,plants,plants,0,0,5.80E-05,1.66E-05,1.76E-06
66,66,a,pun,plants,twin,-0.38589311,-0.678366917,1.48E-05,4.52E-05,4.52E-05
66,66,a,pun,plants,girls,-0.694945616,-0.292359923,7.31E-05,0.00397797,0.00397797
66,66,a,pun,plants,rented,-0.735411976,-0.776725227,6.63E-06,2.58E-06,2.58E-06
66,66,a,pun,plants,flora,1.641977958,-0.574013214,7.73E-06,3.37E-06,3.37E-06
66,66,a,pun,plants,offices,0.339348001,-0.400514965,3.45E-05,2.86E-05,2.86E-05
66,66,a,pun,plants,called,-0.853982066,-0.917305489,0.00026112,0.0018815,0.0018815
66,66,a,pun,plants,business,-0.339603311,0.014473553,0.000280744,0.00102969,0.00102969
66,66,a,pun,plants,sisterhood,-0.773159051,0.092858957,2.93E-07,6.56E-08,6.56E-08
66,66,a,pun,plants,traveling,-1.035775607,0.251272811,9.75E-08,3.47E-05,3.47E-05
67,67,a,pun,incisor,incisor,0,0,4.23E-07,2.53E-06,0.00136886
67,67,a,pun,incisor,dentist,1.408438937,-0.769278744,4.45E-06,5.00E-05,5.00E-05
67,67,a,pun,incisor,convicted,-0.777888144,1.153653783,1.19E-05,0.00190589,0.00190589
67,67,a,pun,incisor,trading,-0.908562066,0.635210148,4.04E-05,2.45E-05,0.164959
68,68,a,pun,mimes,mimes,0,0,1.95E-07,3.44E-07,0.000148943
68,68,a,pun,mimes,quietest,1.238651008,-0.398265241,4.80E-07,5.09E-06,5.09E-06
68,68,a,pun,mimes,burglars,-0.860241149,-0.164260357,2.45E-06,3.37E-06,3.37E-06
68,68,a,pun,mimes,history,-0.77714194,-0.090787765,0.00015298,0.00152986,0.00152986
68,68,a,pun,mimes,new,-0.751096084,-0.773609685,0.000999228,0.000390851,0.000390851
68,68,a,pun,mimes,york,-0.556025932,-0.847554516,7.54E-05,2.27E-06,2.27E-06
68,68,a,pun,mimes,city,-0.55700229,-0.491339155,0.000182879,7.52E-05,7.52E-05
68,68,a,pun,mimes,newspapers,-0.902058306,-0.104841691,2.74E-05,7.74E-05,7.74E-05
68,68,a,pun,mimes,called,-0.316985196,-0.645971166,0.00026112,0.00377275,0.00377275
68,68,a,pun,mimes,criminal,-0.881673721,0.8967753,3.98E-05,2.54E-06,2.54E-06
69,69,a,pun,glittering,glittering,0,0,5.01E-06,1.04E-06,8.93E-07
69,69,a,pun,glittering,tinker,-0.189314298,-0.769278744,1.20E-06,2.30E-07,2.30E-07
69,69,a,pun,glittering,bell,-0.440564951,-0.687052082,2.62E-05,1.15E-05,1.15E-05
69,69,a,pun,glittering,arrested,-1.094565172,0.372458385,2.79E-05,0.000550856,0.000550856
69,69,a,pun,glittering,being,-0.737205823,-0.811913462,0.000703721,0.0171379,0.0171379
69,69,a,pun,glittering,suspiciously,-0.250587203,-0.614673537,2.87E-06,7.84E-07,7.84E-07
69,69,a,pun,glittering,high,-0.6379605,-0.686208141,0.000307407,0.004472,0.004472
69,69,a,pun,glittering,end,-0.708886898,-0.76231163,0.000389673,0.00441544,0.00441544
69,69,a,pun,glittering,only,-0.682024193,-0.791296213,0.001198137,0.00616306,0.00616306
69,69,a,pun,glittering,fined,-0.932223603,0.78383159,8.53E-06,7.67E-06,7.67E-06
70,70,a,pun,altitude,altitude,0,0,3.98E-06,4.80E-07,9.25E-05
70,70,a,pun,altitude,become,-0.929679135,-0.442911135,0.000239814,0.0013499,0.0013499
70,70,a,pun,altitude,pilot,1.791182413,-0.149998759,2.59E-05,0.000256775,0.000256775
70,70,a,pun,altitude,requires,-0.558837016,-0.386097938,4.23E-05,1.70E-05,1.70E-05
70,70,a,pun,altitude,good,-0.293776516,0.893129765,0.000653102,0.0112082,0.0112082
71,71,a,pun,presence,presence,0,0,6.32E-05,7.19E-05,1.71E-05
71,71,a,pun,presence,christmas,-0.049557714,1.637799199,6.94E-05,3.52E-07,3.52E-07
71,71,a,pun,presence,people's,-0.0751085,-0.346341863,1.54E-07,0.0909741,0.0909741
72,72,a,pun,necks,necks,0,0,3.32E-06,0.000156364,0.00246009
72,72,a,pun,necks,vampires,1.378436923,-1.00930888,4.39E-07,5.95E-08,5.95E-08
72,72,a,pun,necks,looking,-0.338658039,0.134282838,0.000204022,0.013436,0.013436
72,72,a,pun,necks,victim,-0.193476629,-0.127997301,3.06E-05,4.50E-06,0.000413612
73,73,a,pun,digestion,digestion,0,0,3.72E-06,1.34E-06,0.0806698
73,73,a,pun,digestion,villain,-0.855225043,0.988480057,2.45E-06,3.16E-05,3.16E-05
73,73,a,pun,digestion,call,0.093892454,-0.586608055,0.000150574,2.35E-05,2.35E-05
73,73,a,pun,digestion,silverware,0.138388152,-1.039672234,5.20E-07,2.90E-07,2.90E-07
73,73,a,pun,digestion,weapons,-0.932214604,1.774042894,3.16E-05,1.02E-06,1.02E-06
73,73,a,pun,digestion,mass,-0.578788033,0.766814076,5.72E-05,0.349239,0.349239
74,74,a,pun,ream,ream,0,0,8.94E-08,1.96E-07,8.84E-05
74,74,a,pun,ream,brand,-0.883793725,-0.345707956,1.65E-05,1.70E-05,1.70E-05
74,74,a,pun,ream,name,-1.040211454,-0.855225043,0.000204648,0.199439,0.199439
74,74,a,pun,ream,highest,-0.661081037,-0.504438568,3.87E-05,0.000635923,0.000635923
74,74,a,pun,ream,quality,-0.257446601,-0.12479741,0.000130381,0.032356,0.032356
74,74,a,pun,ream,copy,0.412031456,-0.902797355,4.66E-05,7.00E-05,7.00E-05
74,74,a,pun,ream,paper,0.479931977,-0.805463266,0.00013599,0.00233806,0.00233806
74,74,a,pun,ream,money,-0.403558994,-0.733643118,0.000292629,0.00317606,0.00317606
74,74,a,pun,ream,buy,-0.593921746,-0.540992522,9.88E-05,0.15388,0.15388
74,74,a,pun,ream,crop,-0.355341607,0.332406402,1.32E-05,7.23E-05,7.23E-05
75,75,a,pun,seize,seize,0,0,4.63E-06,8.01E-07,0.0124681
75,75,a,pun,seize,get,1.359117125,0.088392161,0.000769103,0.016255,0.016255
76,76,a,pun,author,author,0,0,3.47E-05,0.00199054,0.010205
76,76,a,pun,author,made,-0.044555276,0.330747771,0.00073501,0.00499731,0.00499731
76,76,a,pun,author,mario,-0.445062983,-0.58300583,4.19E-06,0.0017528,0.0017528
76,76,a,pun,author,puzo's,-0.286843603,-0.943495525,8.13E-09,0.0576145,0.0576145
76,76,a,pun,author,books,1.509589183,-0.209364427,0.000103734,0.000143557,0.000143557
76,76,a,pun,author,required,-0.66068669,-0.500990712,0.000130788,6.39E-05,6.39E-05
76,76,a,pun,author,reading,1.536248836,-0.409127505,8.60E-05,0.000814981,0.000814981
76,76,a,pun,author,class,-0.399710837,-0.296974995,0.000144006,0.000105792,0.000105792
76,76,a,pun,author,made,-0.35643224,-0.256753604,0.00073501,0.00541893,0.00541893
76,76,a,pun,author,refuse,-0.895111923,0.703035782,1.91E-05,0.00312708,0.00312708
77,77,a,pun,source,source,0,0,7.21E-05,3.44E-05,0.364048
77,77,a,pun,source,crop,0.560526118,-0.733116391,1.32E-05,0.00022366,0.00022366
77,77,a,pun,source,destroyed,-0.679780332,-0.589229771,2.49E-05,0.000442173,0.000442173
77,77,a,pun,source,cranberry,-0.886871738,1.288888135,6.34E-07,5.36E-08,5.36E-08
78,78,a,pun,paste,paste,0,0,3.65E-06,1.74E-06,0.000282635
78,78,a,pun,paste,use,-0.126965987,-0.227360321,0.000500366,0.00377208,0.00377208
78,78,a,pun,paste,glue,0.470554486,-0.362910996,5.59E-06,9.95E-07,9.95E-07
78,78,a,pun,paste,class,-0.227585055,-0.619277644,0.000144006,0.000285514,0.000285514
78,78,a,pun,paste,careful,-0.800039275,-0.370146896,4.07E-05,0.00196188,0.00196188
79,79,a,pun,espresso,espresso,0,0,2.03E-07,1.01E-08,0.00313465
79,79,a,pun,espresso,why,-0.756463027,-0.56068931,0.000391762,4.92E-05,4.92E-05
79,79,a,pun,espresso,italians,0.971203413,-0.560644721,5.13E-06,0.000856363,0.000856363
79,79,a,pun,espresso,good,0.360923675,-0.604759049,0.000653102,0.00182077,0.00182077
79,79,a,pun,espresso,making,-0.345588794,-0.291104455,0.000217029,0.0143694,0.0143694
79,79,a,pun,espresso,coffee,1.41195608,0.393883288,5.04E-05,0.000715229,0.000715229
79,79,a,pun,espresso,really,-0.650929998,-0.119510849,0.000371415,0.00116201,0.00116201
79,79,a,pun,espresso,know,-0.553771418,0.152758547,0.000945917,0.00942343,0.00942343
80,80,a,pun,scents,scents,0,0,1.62E-06,1.92E-06,0.117986
80,80,a,pun,scents,women,0.233857742,-0.057864985,0.000307196,1.05E-05,1.05E-05
80,80,a,pun,scents,wear,0.268609685,-0.705919562,4.04E-05,0.00110806,0.00110806
80,80,a,pun,scents,20000,-0.773975142,-0.438374708,8.13E-09,0.0121019,0.0121019
80,80,a,pun,scents,perfume,1.363457409,0.740798005,4.24E-06,1.53E-05,1.53E-05
80,80,a,pun,scents,obviously,-0.806755632,0.328876648,8.52E-05,2.61E-05,2.61E-05
80,80,a,pun,scents,known,-0.530077167,1.382406289,0.000202917,0.0023602,0.0023602
80,80,a,pun,scents,common,-0.46239573,0.94058882,0.000159581,0.00125101,0.00125101
161,1,a,nonpun,lion,lion,0,0,9.62E-06,2.68E-05,6.87E-06
161,1,a,nonpun,lion,owner,-0.571221341,0.590250272,3.97E-05,9.70E-05,9.70E-05
161,1,a,nonpun,lion,takes,-0.731474167,2.140015578,9.38E-05,9.49E-05,9.49E-05
161,1,a,nonpun,lion,share,-0.293792505,0.499132115,0.000106685,0.754538,8.01E-05
161,1,a,nonpun,lion,profits,-0.791296213,0.052052354,4.65E-05,0.00848582,0.00848582
161,1,a,nonpun,lion,company,-0.477835514,1.615834465,0.000316804,0.00131253,0.00131253
162,2,a,nonpun,tooth,tooth,0,0,5.14E-06,0.000140615,5.40E-05
162,2,a,nonpun,tooth,dentist,1.92939781,-0.115504444,4.45E-06,2.27E-05,2.27E-05
162,2,a,nonpun,tooth,examines,0.166825383,1.329249999,5.58E-06,4.04E-06,4.04E-06
162,2,a,nonpun,tooth,time,-0.827011327,-0.388304926,0.001239318,0.122765,0.122765
163,3,a,nonpun,cilia,cilia,0,0,2.93E-07,3.54E-08,1.54E-08
163,3,a,nonpun,cilia,hairlike,0.870742393,0.666319598,8.13E-09,0.00538791,0.00538791
163,3,a,nonpun,cilia,projections,0.510829971,-0.594481077,3.83E-06,1.79E-05,1.79E-05
163,3,a,nonpun,cilia,surface,-0.600363913,-0.690380914,7.15E-05,0.00341053,0.00341053
163,3,a,nonpun,cilia,cells,0.158261651,-0.270003413,6.14E-05,9.68E-05,9.68E-05
164,4,a,nonpun,heir,heir,0,0,7.75E-06,3.25E-05,1.01E-05
164,4,a,nonpun,heir,prince,0.398963786,0.604104081,4.69E-05,3.93E-07,3.93E-07
164,4,a,nonpun,heir,william,-0.017099358,-0.650275049,6.62E-05,8.23E-08,8.23E-08
164,4,a,nonpun,heir,british,0.577595328,-0.331357205,0.000285573,8.59E-07,8.59E-07
164,4,a,nonpun,heir,throne,1.660920335,0.15253961,9.66E-06,6.28E-06,6.28E-06
165,5,a,nonpun,clothing,clothing,0,0,1.72E-05,0.0209029,2.31E-05
165,5,a,nonpun,clothing,food,-0.182113649,-0.350864355,0.000150688,7.98E-06,7.98E-06
165,5,a,nonpun,clothing,basic,-0.094297654,-0.402797522,8.85E-05,0.000164321,0.000164321
165,5,a,nonpun,clothing,necessities,0.567197155,-0.613538942,1.91E-06,0.00178136,0.00178136
166,6,a,nonpun,ambiance,ambiance,0,0,9.75E-08,3.32E-08,4.06E-05
166,6,a,nonpun,ambiance,hotel,0.249315132,-0.197758866,9.02E-05,0.000466333,0.000466333
166,6,a,nonpun,ambiance,warmth,0.826695478,-0.22732948,1.59E-05,6.72E-06,6.72E-06
166,6,a,nonpun,ambiance,charm,1.886758201,-0.709936475,1.10E-05,0.0154456,0.0154456
167,7,a,nonpun,perches,perches,0,0,3.33E-07,2.92E-07,7.81E-06
167,7,a,nonpun,perches,pigeons,1.02822175,-0.520899483,3.69E-06,3.22E-07,3.22E-07
167,7,a,nonpun,perches,use,-0.38484364,-0.513068551,0.000500366,0.00526743,0.00526743
167,7,a,nonpun,perches,sunny,0.25021405,-0.46684043,7.93E-06,8.37E-06,8.37E-06
167,7,a,nonpun,perches,sides,-0.09162949,-0.566406858,4.99E-05,1.55E-05,1.55E-05
167,7,a,nonpun,perches,roofs,0.566138544,-0.613538942,5.31E-06,1.77E-06,1.77E-06
168,8,a,nonpun,reword,reword,0,0,1.63E-08,2.86E-08,1.28E-06
168,8,a,nonpun,reword,mayor,-0.573199986,0.356943151,1.80E-05,3.03E-05,3.03E-05
168,8,a,nonpun,reword,speech,0.584501443,-0.283677554,6.20E-05,0.000674885,0.000674885
168,8,a,nonpun,reword,advisors,-0.429064775,0.106717557,1.58E-06,8.00E-06,8.00E-06
168,8,a,nonpun,reword,told,0.056539183,0.572020505,0.000286247,9.75E-05,9.75E-05
169,9,a,nonpun,math,math,0,0,2.60E-07,2.48E-08,0.000395522
169,9,a,nonpun,math,exam,1.639103598,-0.272153209,6.90E-06,9.97E-06,1.35E-06
169,9,a,nonpun,math,school,1.023339121,-0.480627483,0.000296368,0.021741,0.021741
170,10,a,nonpun,stealer,stealer,0,0,2.52E-07,2.76E-09,5.18E-10
170,10,a,nonpun,stealer,hearts,-0.14781316,0.038120318,1.18E-05,2.00E-05,2.00E-05
171,11,a,nonpun,wicker,wicker,0,0,1.68E-06,2.78E-06,3.66E-06
171,11,a,nonpun,wicker,chair,1.260660602,-0.198142563,5.93E-05,2.60E-05,2.60E-05
171,11,a,nonpun,wicker,made,-0.131772553,-0.314213502,0.00073501,0.00286759,0.00286759
172,12,a,nonpun,spatial,spatial,0,0,9.84E-06,1.31E-05,2.43E-05
172,12,a,nonpun,spatial,good,-0.678910642,1.286348687,0.000653102,0.000960829,0.000960829
172,12,a,nonpun,spatial,skills,0.120220326,1.640560498,7.31E-05,0.00296089,0.00280887
172,12,a,nonpun,spatial,knows,-0.492701478,-0.156660139,6.47E-05,0.00202837,0.00202837
172,12,a,nonpun,spatial,build,0.295884738,-0.416892218,5.74E-05,0.00334416,0.00334416
172,12,a,nonpun,spatial,house,0.368401744,0.208673672,0.000395396,0.0179521,0.0179521
172,12,a,nonpun,spatial,plans,0.26106787,-0.445998466,9.28E-05,3.99E-05,3.99E-05
172,12,a,nonpun,spatial,paper,-0.801287285,-0.237063241,0.00013599,0.0182756,0.0182756
173,13,a,nonpun,whirled,whirled,0,0,1.55E-06,0.000451717,7.69E-05
173,13,a,nonpun,whirled,dancers,0.703518292,-0.501971202,6.58E-06,5.05E-07,5.05E-07
173,13,a,nonpun,whirled,stage,0.217770156,0.392031489,0.000130967,0.00138309,0.00138309
174,14,a,nonpun,caesars,caesars,0,0,1.71E-07,0.00463529,0.00463529
174,14,a,nonpun,caesars,owner,-0.316262417,-0.51539508,3.97E-05,9.70E-05,9.70E-05
174,14,a,nonpun,caesars,behaves,-0.658463959,-0.125586623,1.90E-06,4.78E-07,4.78E-07
174,14,a,nonpun,caesars,like,-0.65762522,-0.234096966,0.001186943,0.124745,0.124745
174,14,a,nonpun,caesars,employees,-0.358285341,0.708169641,4.66E-05,0.00017719,0.00017719
175,15,a,nonpun,launch,launch,0,0,2.52E-05,3.93E-05,1.67E-06
175,15,a,nonpun,launch,space,1.238600321,-0.512879257,0.000100093,0.000188177,0.000188177
175,15,a,nonpun,launch,took,-0.28830687,-0.50127434,0.000300384,0.00152249,9.76E-05
175,15,a,nonpun,launch,place,-0.377863696,0.37625113,0.000385356,0.325736,0.066037
175,15,a,nonpun,launch,morning,-0.536185487,-0.278019625,0.000160808,0.0313325,0.0313325
176,16,a,nonpun,bloom,bloom,0,0,4.41E-06,7.62E-06,8.00E-05
176,16,a,nonpun,bloom,apple,0.481062549,-0.294832558,2.08E-05,1.00E-05,1.00E-05
176,16,a,nonpun,bloom,tree,1.512972857,-0.115634231,4.97E-05,0.0411237,0.0411237
176,16,a,nonpun,bloom,week,-0.029711948,-0.544280841,0.000254325,0.0694587,0.0694587
177,17,a,nonpun,flea,flea,0,0,1.44E-06,1.56E-06,1.66E-07
177,17,a,nonpun,flea,dog,1.261754742,0.446357525,6.33E-05,0.000370699,0.000370699
177,17,a,nonpun,flea,fleas,1.665634019,-0.750093092,1.15E-06,1.56E-06,1.66E-07
178,18,a,nonpun,fillings,fillings,0,0,1.15E-06,4.56E-06,1.51E-05
178,18,a,nonpun,fillings,dentist,1.319173899,0.611846549,4.45E-06,0.000118969,0.000118969
178,18,a,nonpun,fillings,replaced,0.570798739,0.106002305,4.49E-05,1.09E-05,1.09E-05
178,18,a,nonpun,fillings,lost,-0.687580615,0.70021844,0.000151557,0.00291441,0.00291441
179,19,a,nonpun,salivation,salivation,0,0,1.71E-07,3.81E-07,5.39E-06
179,19,a,nonpun,salivation,dog's,0.111527616,-0.528703386,3.25E-08,3.49E-05,3.49E-05
179,19,a,nonpun,salivation,carpet,-0.944135686,-0.501635297,1.84E-05,0.000813689,0.000813689
180,20,a,nonpun,orifice,orifice,0,0,4.31E-07,2.93E-06,0.000293729
180,20,a,nonpun,orifice,mouth,1.808173017,-0.651667224,7.10E-05,4.91E-05,4.91E-05
181,21,a,nonpun,braille,braille,0,0,1.03E-06,0.000230291,2.27E-06
181,21,a,nonpun,braille,reads,1.246090659,-0.613538942,7.94E-06,8.24E-05,8.24E-05
181,21,a,nonpun,braille,fingertips,1.332785624,-0.750244648,2.74E-06,0.000802216,0.000802216
182,22,a,nonpun,sperm,sperm,0,0,3.45E-06,1.85E-05,1.56E-06
182,22,a,nonpun,sperm,decided,-0.855225043,0.071915195,0.000117635,0.000965433,0.000965433
182,22,a,nonpun,sperm,donate,0.836964216,-0.025278163,1.86E-06,0.000904627,0.000904627
183,23,a,nonpun,grime,grime,0,0,9.59E-07,0.00073231,6.06E-05
183,23,a,nonpun,grime,city's,-0.224850358,1.082500409,4.88E-08,7.17E-05,7.17E-05
183,23,a,nonpun,grime,buildings,-0.241545749,0.451493259,5.28E-05,4.94E-05,4.94E-05
183,23,a,nonpun,grime,covered,0.156622438,-0.513757338,6.40E-05,0.000773808,0.000773808
184,24,a,nonpun,epoch,epoch,0,0,1.39E-06,0.000115665,1.58E-08
184,24,a,nonpun,epoch,end,0.244053589,-0.473904065,0.000389673,0.00237471,0.00237471
184,24,a,nonpun,epoch,nuclear,-0.195878405,-0.690380914,6.54E-05,0.000235812,0.000235812
184,24,a,nonpun,epoch,arms,-0.50640718,-0.298632549,8.52E-05,0.00752122,0.00752122
184,24,a,nonpun,epoch,race,-0.530320607,0.327046687,6.32E-05,0.111217,0.111217
184,24,a,nonpun,epoch,began,-0.05736573,-0.367630859,0.00018222,0.000179653,0.000179653
184,24,a,nonpun,epoch,new,0.317292379,-0.352129364,0.000999228,0.0407329,0.0407329
184,24,a,nonpun,epoch,peace,-0.236416976,0.38015552,7.00E-05,0.000266122,0.000329587
184,24,a,nonpun,epoch,cooperation,-0.845235875,-0.612533504,1.04E-05,0.00204636,0.00204636
185,25,a,nonpun,bonus,bonus,0,0,1.11E-05,0.000113105,2.90E-06
185,25,a,nonpun,bonus,company,1.75208125,-0.519679999,0.000316804,0.000675058,0.000675058
185,25,a,nonpun,bonus,pays,1.279764163,-0.690380914,1.18E-05,0.000357126,0.000357126
185,25,a,nonpun,bonus,end,-0.413120998,0.01834433,0.000389673,0.0648069,0.0648069
185,25,a,nonpun,bonus,year,0.358923073,-0.681714376,0.000587143,0.00412574,0.00412574
186,26,a,nonpun,hobbit,hobbit,0,0,4.71E-07,8.04E-08,1.91E-05
186,26,a,nonpun,hobbit,favorite,-0.544539635,0.934098334,1.63E-07,0.00122544,0.00122544
186,26,a,nonpun,hobbit,creatures,1.163299659,0.917310709,1.63E-05,1.42E-05,1.42E-05
186,26,a,nonpun,hobbit,lord,0.531293682,-0.793695707,0.000127756,8.15E-07,8.15E-07
186,26,a,nonpun,hobbit,rings,1.04886537,-0.133639154,1.24E-05,2.35E-05,2.35E-05
187,27,a,nonpun,screaming,screaming,0,0,1.09E-05,0.000667858,1.43E-05
187,27,a,nonpun,screaming,started,-0.610931163,-0.14056131,0.000134909,0.0021562,0.0021562
187,27,a,nonpun,screaming,man,-0.374523875,-0.19217154,0.000473597,0.00305695,0.00305695
187,27,a,nonpun,screaming,pulled,-0.220343268,-0.627592617,5.24E-05,0.000277072,0.000277072
187,27,a,nonpun,screaming,out,-0.519620103,-0.313319244,0.001586582,0.105431,0.105431
187,27,a,nonpun,screaming,knife,0.034827868,-0.486327194,2.09E-05,0.00156581,0.00156581
188,28,a,nonpun,ohms,ohms,0,0,6.18E-07,6.76E-08,0.00148881
188,28,a,nonpun,ohms,used,-0.684079055,-0.378515033,0.000527346,0.00469769,0.00469769
188,28,a,nonpun,ohms,measure,0.540310852,-0.612533504,5.14E-05,0.00220874,0.00220874
188,28,a,nonpun,ohms,electrical,0.80684939,-0.001933297,1.82E-05,3.85E-05,3.85E-05
188,28,a,nonpun,ohms,resistance,1.001397036,-0.099095031,2.95E-05,0.00511284,0.00511284
189,29,a,nonpun,kant,kant,0,0,1.91E-06,0.00148881,2.87E-05
189,29,a,nonpun,kant,german,-0.277682647,-0.646410038,8.76E-05,3.11E-07,3.11E-07
189,29,a,nonpun,kant,philosopher,0.978543546,-0.571464113,4.61E-06,8.12E-06,8.12E-06
190,30,a,nonpun,tamper,tamper,0,0,4.23E-07,1.44E-07,1.93E-05
190,30,a,nonpun,tamper,barista,0.618823447,-0.599540333,8.13E-09,0.00321826,0.00321826
190,30,a,nonpun,tamper,used,0.116950822,-0.139670716,0.000527346,0.000420778,0.000420778
190,30,a,nonpun,tamper,press,0.063267887,-0.71128588,0.000103117,0.000504948,0.000440619
190,30,a,nonpun,tamper,coffee,-0.889900822,-0.612533504,5.04E-05,0.000155353,0.000155353
191,31,a,nonpun,latte,latte,0,0,8.13E-09,0.00254467,0.000112278
191,31,a,nonpun,latte,like,-0.795034894,-0.278767789,0.001186943,0.00051742,0.00051742
191,31,a,nonpun,latte,morning,0.476275351,0.681240549,0.000160808,0.00713854,0.00713854
191,31,a,nonpun,latte,wake,-0.229040106,0.622578142,2.06E-05,0.000110945,0.000110945
191,31,a,nonpun,latte,up,-0.229321224,0.024435691,0.001669327,0.423506,0.423506
192,32,a,nonpun,libel,libel,0,0,6.37E-06,3.57E-07,7.22E-07
192,32,a,nonpun,libel,tabloid,0.429058776,0.095544243,3.14E-06,1.39E-05,1.39E-05
192,32,a,nonpun,libel,newspaper,0.456105477,0.750701783,3.88E-05,0.00814531,0.00814531
192,32,a,nonpun,libel,movie,-0.542814943,-0.27377728,1.44E-05,0.000130106,0.000130106
192,32,a,nonpun,libel,star,-0.768492084,-0.494395561,5.29E-05,0.0959715,0.0959715
193,33,a,nonpun,tryst,tryst,0,0,2.28E-07,2.02E-07,2.73E-06
193,33,a,nonpun,tryst,lovers,0.605479633,0.427677778,8.89E-06,1.24E-05,1.24E-05
193,33,a,nonpun,tryst,go,-0.898132463,-0.262617908,0.00069786,0.000290747,0.000290747
193,33,a,nonpun,tryst,away,-0.025564184,0.385784773,0.000386909,0.0102715,0.0102715
193,33,a,nonpun,tryst,country,-0.165674745,-0.070830033,0.000252626,0.00112234,0.00112234
193,33,a,nonpun,tryst,weekend,-0.127981648,-0.691073706,4.97E-05,4.42E-05,4.42E-05
194,34,a,nonpun,propane,propane,0,0,3.98E-07,3.57E-07,7.22E-07
194,34,a,nonpun,propane,burns,1.104002332,-0.020322317,1.07E-05,1.22E-06,1.22E-06
194,34,a,nonpun,propane,gas,1.5126071,-0.496182557,5.83E-05,0.101408,4.99E-05
194,34,a,nonpun,propane,stove,1.168493121,-0.690380914,4.66E-06,2.67E-06,2.67E-06
195,35,a,nonpun,leafing,leafing,0,0,4.15E-07,1.13E-07,6.74E-05
195,35,a,nonpun,leafing,saw,-0.712532729,-0.077518976,0.000203217,0.00154594,0.00154594
195,35,a,nonpun,leafing,pages,0.39021816,0.331295802,3.47E-05,0.00272038,0.00272038
195,35,a,nonpun,leafing,old,-0.49577673,0.006825773,0.000425026,0.0202364,0.0202364
195,35,a,nonpun,leafing,book,0.32981752,-0.475260723,0.000196389,0.00219445,0.00219445
196,36,a,nonpun,yams,yams,0,0,1.79E-07,2.74E-07,3.25E-06
196,36,a,nonpun,yams,people,-0.951877244,-0.122050497,0.000974418,0.0458858,0.0458858
196,36,a,nonpun,yams,eat,1.35087508,-0.567388288,5.87E-05,0.000898007,0.000898007
196,36,a,nonpun,yams,turkey,1.082942491,-0.246885477,1.71E-05,1.13E-06,1.13E-06
197,37,a,nonpun,tolkien,tolkien,0,0,3.53E-06,0.00148881,1.25E-05
197,37,a,nonpun,tolkien,wrote,0.481923522,1.094981625,7.81E-05,0.000144489,7.04E-06
197,37,a,nonpun,tolkien,lord,0.584542487,-0.066337174,0.000127756,3.22E-06,3.22E-06
197,37,a,nonpun,tolkien,rings,0.774413856,-0.572203202,1.24E-05,2.35E-05,2.35E-05
198,38,a,nonpun,magnate,magnate,0,0,1.27E-06,1.28E-06,9.19E-07
198,38,a,nonpun,magnate,coal,-0.402449802,-0.576033542,4.07E-05,2.39E-05,2.39E-05
198,38,a,nonpun,magnate,iron,0.162262394,1.616275387,3.72E-05,0.0707858,0.0707858
198,38,a,nonpun,magnate,australia,-0.686321458,0.093621331,3.95E-05,7.61E-09,1.32E-08
199,39,a,nonpun,raven,raven,0,0,1.59E-06,7.82E-06,9.94E-06
199,39,a,nonpun,raven,large,-0.468648589,-0.265270062,0.000276021,0.00552909,0.00552909
199,39,a,nonpun,raven,black,1.567140312,0.921090629,0.000192487,0.00370328,0.00370328
199,39,a,nonpun,raven,bird,1.491272841,-0.257343918,3.11E-05,0.0010044,0.0010044
200,40,a,nonpun,alkaline,alkaline,0,0,2.69E-06,6.93E-05,0.000101685
200,40,a,nonpun,alkaline,tried,-0.947170316,0.363600633,0.000115294,0.00093585,0.00093585
200,40,a,nonpun,alkaline,out,-0.647170371,-0.413577822,0.001586582,0.0014089,0.0014089
200,40,a,nonpun,alkaline,diet,-0.121673063,-0.214011799,3.36E-05,0.000886373,8.22E-06
200,40,a,nonpun,alkaline,maintain,-0.791409523,0.302761876,4.34E-05,0.00101513,0.00101513
200,40,a,nonpun,alkaline,body's,-0.523803515,-0.796668299,8.13E-09,5.31E-05,5.31E-05
200,40,a,nonpun,alkaline,ideal,-0.18242977,0.708128492,4.50E-05,1.49E-05,1.49E-05
200,40,a,nonpun,alkaline,ph,0.898290847,-0.242986586,1.24E-05,5.81E-07,5.81E-07
200,40,a,nonpun,alkaline,balance,-0.301650519,-0.217403282,7.05E-05,4.41E-05,4.41E-05
201,41,a,nonpun,shave,shave,0,0,2.55E-06,0.000583016,5.06E-05
201,41,a,nonpun,shave,beard,1.805834566,-0.401604384,7.20E-06,2.15E-05,2.15E-05
201,41,a,nonpun,shave,growing,0.492980687,-0.165711126,7.51E-05,0.000639156,0.000639156
201,41,a,nonpun,shave,long,-0.45407888,-0.130382294,0.000449698,0.00816243,0.00816243
201,41,a,nonpun,shave,need,-0.573669302,0.02248283,0.00044508,0.0229583,0.0229583
202,42,a,nonpun,aiken,aiken,0,0,2.68E-07,0.020265,3.76E-06
202,42,a,nonpun,aiken,clay,1.941948899,0.305262777,1.28E-05,9.57E-07,9.57E-07
202,42,a,nonpun,aiken,rose,-0.777525303,-0.364415769,8.62E-05,0.000165467,5.84E-05
202,42,a,nonpun,aiken,fame,0.019961864,0.824739657,9.54E-06,0.00630487,0.00630487
202,42,a,nonpun,aiken,won,-0.72466085,0.003370139,9.37E-05,0.00357195,0.00357195
202,42,a,nonpun,aiken,american,-0.200093116,-0.431451521,0.000129926,3.14E-08,3.14E-08
202,42,a,nonpun,aiken,idol,1.832087736,-0.321293937,2.00E-06,4.85E-06,4.85E-06
203,43,a,nonpun,irrigation,irrigation,0,0,2.22E-06,2.02E-07,3.67E-07
203,43,a,nonpun,irrigation,artificial,-0.170059923,0.026827141,1.59E-05,3.74E-05,3.74E-05
203,43,a,nonpun,irrigation,application,-0.604822734,-0.674607524,8.02E-05,3.39E-05,3.39E-05
203,43,a,nonpun,irrigation,water,1.584067474,-0.430288289,0.000276688,0.00112689,0.00112689
203,43,a,nonpun,irrigation,land,1.055636282,-0.350674018,0.000166604,0.000603873,0.000603873
203,43,a,nonpun,irrigation,soil,0.762328577,0.238527633,3.35E-05,5.19E-05,5.19E-05
204,44,a,nonpun,auntie,auntie,0,0,5.16E-06,3.74E-05,3.20E-07
204,44,a,nonpun,auntie,betty,-0.399978025,-0.576156657,1.07E-05,0.0246333,0.0315729
204,44,a,nonpun,auntie,mother's,0.949529095,-0.608214201,4.06E-08,0.00304331,0.00304331
204,44,a,nonpun,auntie,sister,1.283035329,-0.002926078,5.75E-05,0.0220583,0.0220583
205,45,a,nonpun,fuchsia,fuchsia,0,0,4.06E-07,1.86E-07,0.000758056
205,45,a,nonpun,fuchsia,favorite,-0.550594986,-0.278574592,1.63E-07,0.000627636,0.000627636
205,45,a,nonpun,fuchsia,flower,0.567243596,0.032387965,1.85E-05,0.00450826,0.00450826
206,46,a,nonpun,till,till,0,0,4.30E-05,2.25E-05,0.000358079
206,46,a,nonpun,till,farmers,1.409677829,-0.40063171,4.02E-05,1.80E-06,1.80E-06
206,46,a,nonpun,till,soil,0.990634418,-0.612008511,3.35E-05,0.00757821,6.76E-05
206,46,a,nonpun,till,springtime,-0.134889206,-0.613538942,8.70E-07,1.23E-05,1.23E-05
207,47,a,nonpun,house,house,0,0,0.000395396,0.00200324,1.04E-06
207,47,a,nonpun,house,located,0.422314517,-0.156888634,2.01E-05,0.000306472,0.000609575
207,47,a,nonpun,house,corner,0.117721156,-0.681714376,5.71E-05,0.00150072,0.00150072
208,48,a,nonpun,eire,eire,0,0,1.29E-06,0.00148881,6.19E-06
208,48,a,nonpun,eire,former,-0.63532711,-0.310945004,0.000135332,0.00154621,0.00154621
208,48,a,nonpun,eire,name,-0.3303745,-0.65397504,0.000204648,9.01E-05,9.01E-05
208,48,a,nonpun,eire,republic,-0.313689975,-0.153653534,3.41E-05,6.26E-05,6.26E-05
208,48,a,nonpun,eire,ireland,0.602614438,-0.536183252,7.70E-05,8.14E-09,8.14E-09
209,49,a,nonpun,alp,alp,0,0,1.09E-06,1.12E-08,1.20E-05
209,49,a,nonpun,alp,very,-0.728015681,-0.650383036,0.000956916,0.0283703,0.0283703
209,49,a,nonpun,alp,high,0.678602179,-0.087557008,0.000307407,0.023673,0.023673
209,49,a,nonpun,alp,mountain,1.436632347,-0.086207403,3.14E-05,0.000379432,0.000379432
210,50,a,nonpun,garden,garden,0,0,8.72E-05,0.175925,2.70E-06
210,50,a,nonpun,garden,small,0.590508459,-0.681714376,0.000347312,0.0040767,0.0040767
210,50,a,nonpun,garden,flower,1.39184861,-0.7695979,1.85E-05,0.000216583,0.000216583
210,50,a,nonpun,garden,house,0.547336353,0.384515963,0.000395396,0.0190513,0.0190513
211,51,a,nonpun,bean,bean,0,0,4.21E-06,0.000193207,1.30E-08
211,51,a,nonpun,bean,like,-0.826129399,-0.522595532,0.001186943,0.00051742,0.00051742
211,51,a,nonpun,bean,eat,0.932003108,-0.356586326,5.87E-05,0.00430181,0.00430181
211,51,a,nonpun,bean,lima,1.754390007,-0.074299171,2.29E-06,3.87E-09,3.87E-09
211,51,a,nonpun,bean,black,0.657123907,-0.646561594,0.000192487,0.000237869,0.000341322
212,52,a,nonpun,odor,odor,0,0,8.13E-09,2.13E-05,0.000236082
212,52,a,nonpun,odor,old,-0.167753425,-0.456710691,0.000425026,0.000570388,0.000283908
212,52,a,nonpun,odor,fish,0.810581643,0.033950395,8.69E-05,0.000221759,0.000221759
212,52,a,nonpun,odor,filled,-0.318160949,-0.149324838,4.07E-05,1.47E-05,1.47E-05
212,52,a,nonpun,odor,air,1.407653751,-0.530520006,0.000147997,0.0970052,0.0970052
213,53,a,nonpun,watt,watt,0,0,5.20E-06,1.98E-09,0.00473116
213,53,a,nonpun,watt,desk,-1.020195935,-0.460436798,3.29E-05,0.000378625,0.000378625
213,53,a,nonpun,watt,lamp,1.245054572,-0.009864837,1.00E-05,0.00334936,0.00334936
213,53,a,nonpun,watt,uses,-0.369936721,0.073232203,4.31E-05,1.95E-05,1.95E-05
213,53,a,nonpun,watt,60-watt,1.711404572,-0.617598116,8.13E-09,1.98E-09,0.00473116
213,53,a,nonpun,watt,light,1.81968929,-0.470497428,0.000181708,0.000122149,0.000163602
213,53,a,nonpun,watt,bulb,1.260571326,-0.388497016,3.52E-06,0.00480553,0.00480553
214,54,a,nonpun,pest,pest,0,0,3.91E-06,2.55E-06,1.99E-08
214,54,a,nonpun,pest,rats,1.265903212,1.546366994,1.09E-05,7.56E-07,7.56E-07
214,54,a,nonpun,pest,mice,1.503664237,-0.472750589,8.25E-06,0.054318,0.054318
214,54,a,nonpun,pest,flies,1.279505268,-0.452526194,9.32E-06,1.35E-05,1.35E-05
214,54,a,nonpun,pest,regarded,-0.649403424,1.155907971,5.57E-05,0.000754665,0.000754665
214,54,a,nonpun,pest,pests,1.665634019,-0.507963891,2.72E-06,2.55E-06,1.99E-08
215,55,a,nonpun,crank,crank,0,0,7.72E-07,1.49E-05,0.00011407
215,55,a,nonpun,crank,morning,-0.3763379,-0.534714026,0.000160808,0.00713854,0.00713854
216,56,a,nonpun,leg,leg,0,0,4.09E-05,0.00154569,2.10E-06
216,56,a,nonpun,leg,runners,1.123764341,0.227586259,6.50E-06,6.10E-07,6.10E-07
216,56,a,nonpun,leg,need,-0.625262682,-0.36376748,0.00044508,0.0028842,0.0028842
216,56,a,nonpun,leg,strong,0.189851663,-0.524450561,0.000127227,0.000567364,0.000567364
217,57,a,nonpun,decade,decade,0,0,2.98E-05,0.000150482,4.10E-06
217,57,a,nonpun,decade,pretty,-0.768492084,-0.592206059,6.08E-05,0.00131429,0.00131429
217,57,a,nonpun,decade,long,0.853053477,0.358679188,0.000449698,0.00266749,0.00266749
217,57,a,nonpun,decade,time,1.405860457,1.455128101,0.001239318,0.110423,0.110423
218,58,a,nonpun,dramatic,dramatic,0,0,3.08E-05,1.44E-06,3.63E-07
218,58,a,nonpun,dramatic,written,0.549493837,0.271840317,0.000107783,0.00652999,0.00652999
218,58,a,nonpun,dramatic,works,1.440691293,-0.542854477,0.000113156,0.00121481,8.90E-05
218,58,a,nonpun,dramatic,stage,0.30772287,-0.203194746,0.000130967,0.000249518,0.000249518
219,59,a,nonpun,grammatic,grammatic,0,0,4.06E-08,8.07E-08,2.64E-06
219,59,a,nonpun,grammatic,sentence,1.190501976,-0.44845217,4.54E-05,5.17E-05,5.17E-05
219,59,a,nonpun,grammatic,unusual,0.806955409,-0.162721119,3.25E-05,0.00717743,0.00717743
219,59,a,nonpun,grammatic,structure,0.857512537,-0.385801556,0.000109831,0.000124701,6.84E-05
220,60,a,nonpun,hosta,hosta,0,0,1.63E-07,1.14E-07,1.56E-05
220,60,a,nonpun,hosta,beautiful,-0.44031101,-0.292314521,6.77E-05,0.00173095,0.00173095
220,60,a,nonpun,hosta,plant,0.331254396,-0.388165526,6.56E-05,0.000125778,0.000125778
221,61,a,nonpun,dublin,dublin,0,0,1.86E-05,4.26E-08,3.20E-07
221,61,a,nonpun,dublin,capital,0.370660942,-0.353352067,0.000108335,0.000699113,0.000699113
221,61,a,nonpun,dublin,ireland,1.961668987,-0.7695979,7.70E-05,7.03E-09,7.03E-09
222,62,a,nonpun,prism,prism,0,0,6.18E-07,4.15E-08,7.40E-07
222,62,a,nonpun,prism,used,-0.748888987,-0.211389195,0.000527346,0.0537419,0.0537419
222,62,a,nonpun,prism,reflect,1.037128764,0.322436931,3.06E-05,0.000171823,0.000171823
222,62,a,nonpun,prism,split,0.597686088,-0.493119558,3.12E-05,5.90E-05,5.90E-05
222,62,a,nonpun,prism,light,1.161261397,-0.343103799,0.000181708,1.93E-05,1.93E-05
223,63,a,nonpun,fridge,fridge,0,0,7.28E-06,0.000524684,4.47E-05
223,63,a,nonpun,fridge,put,-0.411008022,-0.714299692,0.000461753,0.000186341,0.000186341
223,63,a,nonpun,fridge,milk,0.767235192,0.065462153,3.82E-05,0.00170517,0.00170517
223,63,a,nonpun,fridge,meat,0.803642708,-0.7695979,2.83E-05,0.0438277,0.0438277
224,64,a,nonpun,thief,thief,0,0,5.80E-06,5.60E-05,4.52E-05
224,64,a,nonpun,thief,stole,1.505970904,-0.545372708,7.29E-06,0.000836827,3.18E-06
224,64,a,nonpun,thief,luggage,-0.257270569,-0.316886587,5.06E-06,0.000260611,0.000260611
224,64,a,nonpun,thief,airport,-0.661774297,0.224649311,2.30E-05,0.00150353,0.00150353
225,65,a,nonpun,revolution,revolution,0,0,3.69E-05,0.0924293,3.94E-06
225,65,a,nonpun,revolution,industrial,0.779098559,-0.240610069,9.18E-05,7.36E-05,7.36E-05
225,65,a,nonpun,revolution,changed,1.047769507,0.49074638,8.96E-05,0.00537734,2.81E-05
225,65,a,nonpun,revolution,people,1.181577844,0.558163664,0.000974418,0.00489586,0.00489586
225,65,a,nonpun,revolution,worked,-0.132138721,-0.681714376,9.96E-05,0.000197417,0.000197417
225,65,a,nonpun,revolution,lived,-0.353187535,0.010562891,6.42E-05,0.0214798,0.0214798
226,66,a,nonpun,plants,plants,0,0,5.80E-05,2.53E-05,5.30E-06
226,66,a,nonpun,plants,humans,0.085842382,1.160297988,1.64E-05,6.46E-07,6.46E-07
226,66,a,nonpun,plants,animals,0.673120693,-0.75390942,6.87E-05,0.103504,0.103504
226,66,a,nonpun,plants,not,-0.439678866,0.185020415,0.00346259,0.102785,0.102785
226,66,a,nonpun,plants,live,1.055429237,-0.373845175,0.000135462,0.00310434,0.00310434
227,67,a,nonpun,incisor,incisor,0,0,4.23E-07,8.89E-07,2.40E-06
227,67,a,nonpun,incisor,rats,-0.525290308,0.096538447,1.09E-05,7.56E-07,7.56E-07
227,67,a,nonpun,incisor,tore,0.363363383,-0.408645564,5.36E-06,5.12E-06,5.12E-06
227,67,a,nonpun,incisor,meat,-0.007525189,0.595862703,2.83E-05,0.000138038,0.000138038
227,67,a,nonpun,incisor,strong,-0.405085093,-0.08726854,0.000127227,0.000783156,0.000783156
228,68,a,nonpun,mimes,mimes,0,0,1.95E-07,1.58E-07,3.31E-05
228,68,a,nonpun,mimes,very,-0.947170316,-0.483321963,0.000956916,0.00423937,0.00367534
228,68,a,nonpun,mimes,skilled,0.208544935,-0.571526755,1.45E-05,0.000106568,0.000106568
228,68,a,nonpun,mimes,imitating,1.776000221,-0.559505191,1.28E-06,4.85E-06,4.85E-06
228,68,a,nonpun,mimes,people,0.56746651,1.378662768,0.000974418,0.000249925,0.000249925
229,69,a,nonpun,glittering,glittering,0,0,5.01E-06,2.42E-06,2.62E-07
229,69,a,nonpun,glittering,jewels,1.199606302,-0.716335307,3.50E-06,5.32E-05,5.32E-05
229,69,a,nonpun,glittering,sun,0.849660661,-0.410150634,8.96E-05,0.00117919,0.00117919
230,70,a,nonpun,altitude,altitude,0,0,3.98E-06,0.0102813,0.000250491
230,70,a,nonpun,altitude,airplane,0.899280943,-0.37279691,6.18E-07,2.40E-06,2.40E-06
230,70,a,nonpun,altitude,flying,1.487572951,-0.349386687,3.75E-05,0.00010679,0.00010679
230,70,a,nonpun,altitude,35000,1.529686948,-0.31124024,8.13E-08,8.32E-05,4.70E-05
230,70,a,nonpun,altitude,feet,0.849052354,1.665968295,0.000107514,9.62E-05,9.62E-05
231,71,a,nonpun,presence,presence,0,0,6.32E-05,0.000208248,1.93E-05
231,71,a,nonpun,presence,general,-0.571714282,0.139612203,0.000306578,0.000705447,0.000705447
231,71,a,nonpun,presence,great,-0.279443008,0.682147043,0.000375187,0.000464689,0.000464689
232,72,a,nonpun,necks,necks,0,0,3.32E-06,0.0432973,0.0432973
232,72,a,nonpun,necks,wore,-0.337111103,-0.092011134,2.27E-05,0.000708412,0.000708412
232,72,a,nonpun,necks,scarf,1.312926424,-0.681714376,4.11E-06,0.00125986,0.00125986
233,73,a,nonpun,digestion,digestion,0,0,3.72E-06,3.28E-05,5.66E-06
233,73,a,nonpun,digestion,good,-0.20935871,-0.713394257,0.000653102,0.000960829,0.000960829
233,73,a,nonpun,digestion,eat,1.517272809,-0.428017343,5.87E-05,0.00238258,0.00238258
234,74,a,nonpun,ream,ream,0,0,8.94E-08,4.10E-07,1.09E-06
234,74,a,nonpun,ream,office,-0.054455985,-0.612533504,0.000198576,0.000549873,0.000549873
234,74,a,nonpun,ream,uses,-0.61745763,-0.412215123,4.31E-05,8.89E-05,8.89E-05
234,74,a,nonpun,ream,20,-0.562925409,-0.690380914,0.000122342,0.000297754,0.000297754
234,74,a,nonpun,ream,reams,1.450835875,-0.472322047,4.47E-07,4.10E-07,1.09E-06
234,74,a,nonpun,ream,paper,0.956801526,-0.527414517,0.00013599,0.0972359,0.000284903
234,74,a,nonpun,ream,week,-0.768492084,-0.712912044,0.000254325,0.130363,0.130363
235,75,a,nonpun,seize,seize,0,0,4.63E-06,2.34E-06,1.96E-06
235,75,a,nonpun,seize,arm,-0.12662968,-0.187185131,6.93E-05,0.0712134,0.00180221
235,75,a,nonpun,seize,run,-0.036770438,-0.322451462,0.000173262,0.00318966,0.00318966
235,75,a,nonpun,seize,away,0.492107756,0.233464962,0.000386909,0.038537,0.038537
236,76,a,nonpun,author,author,0,0,3.47E-05,0.000133467,4.62E-05
236,76,a,nonpun,author,cervantes,0.738380098,-0.383013025,1.63E-07,0.00148881,0.00148881
236,76,a,nonpun,author,famous,0.537406812,-0.09377369,5.16E-05,0.0131278,0.0131278
236,76,a,nonpun,author,spanish,-0.023057305,-0.656226189,2.81E-05,2.01E-07,2.01E-07
236,76,a,nonpun,author,language,0.778953656,-0.031165375,0.000150273,7.44E-05,7.44E-05
237,77,a,nonpun,source,source,0,0,7.21E-05,0.000188512,2.98E-05
237,77,a,nonpun,source,difficulties,-0.647976887,-0.437535073,5.45E-05,0.000276497,0.000276497
237,77,a,nonpun,source,not,-0.975432737,-0.542642046,0.00346259,0.133986,0.133986
237,77,a,nonpun,source,having,-0.102751353,-0.113120207,0.000273826,0.000507668,0.000507668
237,77,a,nonpun,source,enough,-0.827928535,-0.234507332,0.000251561,0.0159876,0.0159876
237,77,a,nonpun,source,money,0.218371962,-0.612101614,0.000292629,0.104827,0.104827
238,78,a,nonpun,paste,paste,0,0,3.65E-06,2.13E-07,7.44E-07
238,78,a,nonpun,paste,used,-0.792570627,-0.405796813,0.000527346,0.0144922,0.0144922
238,78,a,nonpun,paste,put,0.009696738,-0.259425199,0.000461753,0.00236119,0.00146579
238,78,a,nonpun,paste,pictures,-0.19061284,-0.29236282,4.33E-05,9.31E-05,9.31E-05
238,78,a,nonpun,paste,notebook,-0.06493514,-0.633571036,5.80E-06,0.000303771,0.000303771
239,79,a,nonpun,espresso,espresso,0,0,2.03E-07,3.46E-06,0.00322565
239,79,a,nonpun,espresso,like,-0.407535671,0.5325356,0.001186943,0.00051742,0.00051742
239,79,a,nonpun,espresso,dinner,-0.284113897,-0.441339594,4.76E-05,0.00220349,0.00220349
240,80,a,nonpun,scents,scents,0,0,1.62E-06,3.79E-05,3.79E-05
240,80,a,nonpun,scents,flowers,1.557261349,0.4877108,4.31E-05,0.0301875,0.0301875
240,80,a,nonpun,scents,relaxes,-0.308432318,-0.169718389,6.34E-07,1.89E-07,1.89E-07
241,1,b,nonpun,line,line,0,0,0.000191121,0.000556492,3.04E-05
241,1,b,nonpun,line,notebook,0.903179076,-0.7695979,5.80E-06,0.000120355,0.000120355
241,1,b,nonpun,line,thin,0.338331687,-0.419814802,4.02E-05,5.10E-06,5.10E-06
241,1,b,nonpun,line,blue,-0.157081939,-0.252958436,8.10E-05,0.00138682,0.00138682
241,1,b,nonpun,line,lines,1.969654914,-0.494929592,8.08E-05,0.000556492,3.04E-05
241,1,b,nonpun,line,printed,1.605647805,0.522480312,2.47E-05,7.63E-06,1.88E-05
241,1,b,nonpun,line,page,0.657603473,-0.554333158,8.58E-05,0.00698402,0.00698402
242,2,b,nonpun,truth,truth,0,0,6.39E-05,0.133294,1.74E-05
242,2,b,nonpun,truth,speaks,0.364914804,-0.105486137,1.13E-05,0.000152038,0.000152038
243,3,b,nonpun,sillier,sillier,0,0,1.14E-07,1.34E-07,3.10E-07
243,3,b,nonpun,sillier,drinks,0.024929427,0.687012895,1.81E-05,0.000112161,0.000112161
243,3,b,nonpun,sillier,wine,-0.781135248,0.10220985,4.90E-05,0.000503828,0.000503828
243,3,b,nonpun,sillier,starts,-0.892521153,-0.659313288,3.25E-05,0.000339149,0.000339149
243,3,b,nonpun,sillier,acting,0.313399721,-0.714045514,3.79E-05,6.37E-05,6.37E-05
244,4,b,nonpun,hair,hair,0,0,0.000109799,1.23E-05,1.92E-06
244,4,b,nonpun,hair,found,-0.7075876,0.286509718,0.000380934,4.77E-05,4.77E-05
244,4,b,nonpun,hair,cat,0.534271753,-0.404544797,3.10E-05,0.00014019,0.00014019
244,4,b,nonpun,hair,food,-0.809638585,-0.56818969,0.000150688,0.000109258,0.000109258
245,5,b,nonpun,closing,closing,0,0,2.10E-05,4.87E-06,4.58E-05
245,5,b,nonpun,closing,chairman,-0.283435142,-0.259989929,9.04E-05,7.36E-05,7.36E-05
245,5,b,nonpun,closing,made,-0.55214269,-0.571370567,0.00073501,7.35E-05,7.35E-05
245,5,b,nonpun,closing,remarks,1.423374168,-0.304208775,1.77E-05,0.00298987,1.06E-05
245,5,b,nonpun,closing,end,1.423612408,-0.481286862,0.000389673,0.0648069,0.0648069
245,5,b,nonpun,closing,meeting,-0.157331673,-0.577400912,0.000165076,0.000650636,0.000650636
246,6,b,nonpun,ambulance,ambulance,0,0,1.32E-05,0.000509391,5.17E-08
246,6,b,nonpun,ambulance,came,0.329503511,-0.530520006,0.000360985,0.00373851,0.000397954
246,6,b,nonpun,ambulance,car,0.907579954,-0.522575571,0.00021537,0.00156205,0.00156205
246,6,b,nonpun,ambulance,accident,1.355553511,-0.645031662,5.08E-05,0.00138351,0.00138351
246,6,b,nonpun,ambulance,minutes,-0.218042695,-0.36323405,0.000142258,0.0120192,0.0120192
247,7,b,nonpun,purchase,purchase,0,0,3.52E-05,0.000648637,2.75E-08
247,7,b,nonpun,purchase,decided,0.555182431,1.012073649,0.000117635,0.0013118,0.0013118
247,7,b,nonpun,purchase,new,1.531019996,-0.7695979,0.000999228,0.0615639,0.00320794
247,7,b,nonpun,purchase,car,0.213313343,-0.504665099,0.00021537,0.00621845,0.00621845
248,8,b,nonpun,reward,reward,0,0,1.57E-05,7.76E-05,5.31E-09
248,8,b,nonpun,reward,gave,0.860334601,0.241366219,0.000177359,0.00259354,0.00259354
248,8,b,nonpun,reward,working,0.767041869,0.57540622,0.000230401,0.000262852,0.000575961
248,8,b,nonpun,reward,hard,0.612942695,-0.420520005,0.000179481,0.00163389,0.00163389
248,8,b,nonpun,reward,year,-0.449563877,-0.690380914,0.000587143,0.00139812,0.00139812
249,9,b,nonpun,mass,mass,0,0,5.72E-05,0.000193701,5.35E-08
249,9,b,nonpun,mass,people,0.807709142,0.602584755,0.000974418,0.0217005,0.00114552
249,9,b,nonpun,mass,town,1.444670786,-0.645068878,0.000142672,0.00241342,0.00241342
249,9,b,nonpun,mass,square,-0.089224038,1.577643849,5.50E-05,0.0037424,0.0037424
249,9,b,nonpun,mass,concert,-0.023313737,-0.699429273,1.48E-05,0.000125549,0.000125549
250,10,b,nonpun,steeler,steeler,0,0,8.13E-09,1.21E-09,6.48E-09
250,10,b,nonpun,steeler,covered,-0.860962584,-0.485689188,6.40E-05,0.000572633,0.000572633
250,10,b,nonpun,steeler,steel,0.655757188,-0.407499759,3.22E-05,3.73E-05,3.73E-05
251,11,b,nonpun,wicked,wicked,0,0,8.35E-06,4.37E-05,1.66E-05
251,11,b,nonpun,wicked,man,-0.155749898,-0.25478134,0.000473597,0.0356631,8.05E-05
251,11,b,nonpun,wicked,took,-0.448858807,-0.59968241,0.000300384,0.000769646,0.00161563
251,11,b,nonpun,wicked,child,-0.122278624,-0.645228175,0.000189301,0.00139251,0.00139251
251,11,b,nonpun,wicked,parents,-0.580441437,-0.681714376,0.000128601,0.00408232,0.00408232
252,12,b,nonpun,special,special,0,0,0.00017588,0.00274502,1.93E-05
252,12,b,nonpun,special,birthday,0.564068447,-0.7695979,2.57E-05,5.50E-05,5.50E-05
252,12,b,nonpun,special,party,0.201366098,-0.356100629,0.000317731,0.165381,0.165381
252,12,b,nonpun,special,occasion,1.337659399,-0.16945941,4.15E-05,0.0114213,7.49E-06
253,13,b,nonpun,world,world,0,0,0.000462761,0.0901827,2.60E-07
253,13,b,nonpun,world,possible,-0.128561153,-0.612533504,0.000271022,0.0269995,0.0269995
253,13,b,nonpun,world,fly,0.017802493,0.014972298,2.99E-05,0.000794027,0.000794027
253,13,b,nonpun,world,airplane,0.184282602,1.809152197,6.18E-07,0.00224303,0.00224303
254,14,b,nonpun,scissors,scissors,0,0,3.42E-06,0.000107371,1.93E-08
254,14,b,nonpun,scissors,hairdressers,1.510471023,-0.683678799,1.35E-06,1.24E-07,1.24E-07
254,14,b,nonpun,scissors,use,-0.044843746,-0.681714376,0.000500366,0.000122474,0.000122474
254,14,b,nonpun,scissors,cut,1.858618329,0.113397662,0.000137828,0.229289,0.00105482
254,14,b,nonpun,scissors,people's,-0.96805301,0.009619878,1.54E-07,0.00033158,0.00033158
254,14,b,nonpun,scissors,hair,1.07581798,-0.295752751,0.000109799,0.000608174,0.000608174
255,15,b,nonpun,lunch,lunch,0,0,4.11E-05,0.215645,4.00E-05
255,15,b,nonpun,lunch,sandwich,1.641712312,-0.182571337,8.41E-06,0.000312008,0.000312008
256,16,b,nonpun,blue,blue,0,0,8.10E-05,6.06E-06,3.34E-07
256,16,b,nonpun,blue,yellow,1.11300449,0.560437363,3.52E-05,0.0618118,8.35E-05
256,16,b,nonpun,blue,make,-0.64703271,0.324617022,0.000621074,0.00012154,0.00012154
256,16,b,nonpun,blue,green,0.985022116,1.462651178,0.00011427,4.56E-05,4.56E-05
257,17,b,nonpun,free,free,0,0,0.000165263,0.000503773,8.26E-06
257,17,b,nonpun,free,twenty,0.760804897,-0.681714376,0.000121025,0.000563435,0.000563435
257,17,b,nonpun,free,years,-0.813478871,-0.7695979,0.000713492,0.396065,0.396065
257,17,b,nonpun,free,prison,0.202715519,0.070739287,4.94E-05,0.0703633,0.0703633
257,17,b,nonpun,free,man,0.572501949,-0.128888689,0.000473597,0.0144407,6.73E-05
258,18,b,nonpun,feelings,feelings,0,0,4.16E-05,0.000434679,2.94E-06
258,18,b,nonpun,feelings,strong,0.348675052,0.62937085,0.000127227,0.000212312,0.000212312
258,18,b,nonpun,feelings,criticism,0.482983263,0.908927042,3.75E-05,0.00270307,0.00270307
258,18,b,nonpun,feelings,hurt,0.956918141,0.558578842,3.48E-05,5.72E-05,5.72E-05
258,18,b,nonpun,feelings,daughter's,0.410198642,-0.511474867,8.13E-09,0.000290061,0.000290061
259,19,b,nonpun,salvation,salvation,0,0,8.80E-06,6.56E-06,4.64E-07
259,19,b,nonpun,salvation,minister,0.8035694,-0.681714376,0.000188756,5.68E-05,5.68E-05
259,19,b,nonpun,salvation,prayed,1.049995189,0.619095238,4.45E-06,4.52E-05,4.52E-05
259,19,b,nonpun,salvation,evil,-0.081232453,-0.713495825,2.23E-05,5.67E-05,5.67E-05
259,19,b,nonpun,salvation,woman's,-0.536999554,-0.150385398,8.94E-08,2.70E-06,2.70E-06
260,20,b,nonpun,office,office,0,0,0.000198576,0.000628726,3.40E-07
260,20,b,nonpun,office,skyscraper,0.726948229,0.05529215,4.06E-07,2.02E-06,2.02E-06
261,21,b,nonpun,bail,bail,0,0,8.10E-06,1.36E-05,2.15E-06
261,21,b,nonpun,bail,posted,0.906327401,-0.496644319,5.69E-06,1.71E-05,1.71E-05
261,21,b,nonpun,bail,5000,1.267019246,-0.690380914,8.13E-09,0.0138602,0.0138602
261,21,b,nonpun,bail,brother's,-0.661081037,-0.681173131,2.44E-08,0.000781014,0.000781014
261,21,b,nonpun,bail,release,1.373203055,-0.287406687,5.27E-05,0.000357976,0.000357976
261,21,b,nonpun,bail,jail,0.280430967,-0.7695979,1.00E-05,2.87E-05,2.87E-05
262,22,b,nonpun,spur,spur,0,0,3.79E-06,0.000309299,3.89E-06
262,22,b,nonpun,spur,boss,-0.595740934,-0.664279177,2.58E-05,5.10E-05,5.10E-05
262,22,b,nonpun,spur,called,-0.624354943,0.009470889,0.00026112,0.0025704,0.0025704
262,22,b,nonpun,spur,workers,-0.585301487,-0.422964745,0.000117692,0.000117092,0.000117092
262,22,b,nonpun,spur,together,-0.121159913,-0.193452455,0.000240335,0.000621486,0.000621486
262,22,b,nonpun,spur,moment,-0.186148235,-0.528280464,0.000167247,0.000534063,0.000534063
263,23,b,nonpun,crime,crime,0,0,5.57E-05,0.00191093,6.74E-07
263,23,b,nonpun,crime,police,1.593313223,-0.372549052,0.000218467,0.00147035,0.00147035
263,23,b,nonpun,crime,fight,0.568351977,-0.577758976,5.41E-05,7.52E-06,7.52E-06
263,23,b,nonpun,crime,murder,1.363007655,-0.061794159,4.53E-05,1.27E-05,2.26E-05
263,23,b,nonpun,crime,theft,1.603320803,-0.057313734,1.37E-05,1.26E-05,1.26E-05
263,23,b,nonpun,crime,drug,1.371112841,-0.546767652,4.04E-05,4.18E-05,4.18E-05
263,23,b,nonpun,crime,dealing,0.434237825,-0.326261968,4.57E-05,0.0199339,0.0199339
264,24,b,nonpun,pock,pock,0,0,4.06E-08,2.91E-08,7.64E-07
264,24,b,nonpun,pock,smallpox,1.044220866,-0.084235251,1.27E-06,1.48E-07,1.48E-07
264,24,b,nonpun,pock,left,-0.594774856,-0.690380914,0.000362936,0.000162784,0.000162784
264,24,b,nonpun,pock,marks,1.983291002,-0.338321213,3.51E-05,0.412343,2.47E-05
265,25,b,nonpun,bones,bones,0,0,1.78E-05,7.76E-05,5.29E-06
265,25,b,nonpun,bones,give,-0.627803565,0.018227744,0.000352767,0.000236867,3.84E-05
265,25,b,nonpun,bones,shape,0.792297792,-0.583869139,5.37E-05,7.91E-05,7.91E-05
266,26,b,nonpun,habit,habit,0,0,1.77E-05,0.0105918,2.68E-08
266,26,b,nonpun,habit,smoking,1.496313241,-0.478462194,2.33E-05,2.17E-06,2.17E-06
266,26,b,nonpun,habit,bad,1.213178836,0.515070689,0.000120326,0.00120735,0.00120735
267,27,b,nonpun,screening,screening,0,0,1.02E-05,5.38E-06,4.90E-06
267,27,b,nonpun,screening,went,-0.542885724,-0.346660968,0.00036822,0.00522353,0.00522353
267,27,b,nonpun,screening,movie,1.274227121,-0.4432239,1.44E-05,4.71E-05,4.71E-05
267,27,b,nonpun,screening,together,-0.57231643,-0.001004936,0.000240335,9.54E-05,0.000102964
268,28,b,nonpun,holmes,holmes,0,0,8.13E-09,0.0576145,2.61E-06
268,28,b,nonpun,holmes,really,-0.782199101,-0.354215744,0.000371415,0.000109189,0.000109189
268,28,b,nonpun,holmes,like,-0.766196634,1.652848023,0.001186943,0.00447266,0.00447266
268,28,b,nonpun,holmes,reading,0.058973573,1.091778841,8.60E-05,0.000147353,0.000147353
268,28,b,nonpun,holmes,sherlock,1.285521525,-0.716885504,1.63E-06,0.006755,0.006755
268,28,b,nonpun,holmes,books,0.810892051,-0.413500898,0.000103734,0.000143557,5.03E-05
269,29,b,nonpun,can't,can't,0,0,4.88E-07,0.00229883,0.00357293
269,29,b,nonpun,can't,remember,0.107445707,-0.502121444,0.000148078,0.006975,3.72E-05
269,29,b,nonpun,can't,time,0.921001675,0.953435453,0.001239318,0.0438017,0.0438017
269,29,b,nonpun,can't,happened,-0.488716961,-0.613538942,0.000105718,0.00136235,0.00136235
270,30,b,nonpun,temper,temper,0,0,9.72E-06,0.0060875,1.30E-07
270,30,b,nonpun,temper,bad,1.265653289,0.475771756,0.000120326,0.00126906,0.00126906
270,30,b,nonpun,temper,easily,-0.346537065,-0.461026758,7.78E-05,0.00192721,0.00192721
270,30,b,nonpun,temper,angered,1.012319926,-0.466430745,2.75E-06,2.75E-05,2.75E-05
271,31,b,nonpun,late,late,0,0,0.000157232,0.000441972,0.000722977
271,31,b,nonpun,late,meeting,0.500770641,-0.136641947,0.000165076,0.00140843,0.00140843
272,32,b,nonpun,liable,liable,0,0,1.75E-05,0.000405071,9.81E-07
272,32,b,nonpun,liable,rental,0.285312976,-0.507406235,3.54E-06,3.00E-07,3.00E-07
272,32,b,nonpun,liable,contracts,0.364834585,0.523551247,3.61E-05,3.21E-05,3.21E-05
272,32,b,nonpun,liable,state,-0.569536327,-0.462207218,0.000307196,0.0001239,0.0001239
272,32,b,nonpun,liable,tenants,0.177945458,-0.542136996,1.54E-05,2.28E-05,2.28E-05
272,32,b,nonpun,liable,damages,1.527645132,1.487746281,1.77E-05,0.0100272,0.000174585
272,32,b,nonpun,liable,cause,0.938817642,0.120356935,0.000104807,0.000428741,0.000428741
272,32,b,nonpun,liable,property,1.414342741,0.205795169,9.79E-05,0.000422636,0.000422636
273,33,b,nonpun,twist,twist,0,0,9.28E-06,1.73E-06,0.00357293
273,33,b,nonpun,twist,pieces,-0.436844529,-0.178385806,4.31E-05,0.00145018,0.00145018
273,33,b,nonpun,twist,thread,1.256833547,-0.554764086,7.45E-06,8.47E-06,8.47E-06
273,33,b,nonpun,twist,needle,-0.616427486,-0.031199476,9.88E-06,2.45E-05,2.45E-05
274,34,b,nonpun,profane,profane,0,0,6.99E-07,6.46E-07,3.19E-07
274,34,b,nonpun,profane,man,-0.221000835,-0.393568751,0.000473597,0.00027236,0.00027236
274,34,b,nonpun,profane,uses,-0.448570537,0.28811916,4.31E-05,6.08E-05,6.08E-05
274,34,b,nonpun,profane,language,0.558506589,0.581213196,0.000150273,0.00365472,7.13E-05
275,35,b,nonpun,leaving,leaving,0,0,7.66E-05,0.000654925,1.74E-07
275,35,b,nonpun,leaving,work,-0.238240482,0.084019309,0.000718337,0.000861739,0.000135757
275,35,b,nonpun,leaving,right,-1.005784866,-0.520899483,0.000724954,0.000471955,0.000636208
276,36,b,nonpun,lambs,lambs,0,0,8.13E-09,0.0497324,0.0497324
276,36,b,nonpun,lambs,family,-0.599872094,-0.427729934,0.000271469,0.00142383,0.00142383
276,36,b,nonpun,lambs,roast,0.851946622,1.114613861,4.13E-06,1.97E-05,1.97E-05
276,36,b,nonpun,lambs,leg,0.499638956,-0.422296246,4.09E-05,0.0060024,0.0060024
276,36,b,nonpun,lambs,dinner,0.715418124,2.165823373,4.76E-05,0.00047021,0.00047021
277,37,b,nonpun,talking,talking,0,0,0.000103068,0.000778921,0.00465125
277,37,b,nonpun,talking,friend,1.474498319,-0.645068878,0.000131536,0.0057659,0.0057659
277,37,b,nonpun,talking,whole,-0.871315811,-0.576033542,0.000240294,0.00135329,0.00135329
277,37,b,nonpun,talking,time,-0.371245625,-0.07646002,0.001239318,0.0126018,0.0126018
278,38,b,nonpun,magnet,magnet,0,0,2.57E-06,1.20E-05,1.58E-06
278,38,b,nonpun,magnet,desk,-0.226733883,0.298600455,3.29E-05,0.012446,0.012446
278,38,b,nonpun,magnet,holds,0.504277457,-0.065183857,2.20E-05,0.000164231,0.000164231
278,38,b,nonpun,magnet,paper,-0.304500379,-0.320379363,0.00013599,8.52E-05,8.52E-05
278,38,b,nonpun,magnet,clips,0.122887777,0.276468459,2.26E-06,0.000987896,0.000987896
279,39,b,nonpun,raving,raving,0,0,1.41E-06,9.94E-06,7.82E-06
279,39,b,nonpun,raving,mad,1.371827409,0.149755222,2.40E-05,0.046233,9.45E-06
279,39,b,nonpun,raving,man,-0.546893033,-0.408885865,0.000473597,0.000838751,0.00194382
279,39,b,nonpun,raving,frightened,0.710965562,-0.171396955,2.05E-05,1.88E-05,1.88E-05
279,39,b,nonpun,raving,those,-0.767759358,-0.544168858,0.00069799,6.59E-05,6.59E-05
280,40,b,nonpun,alcohol,alcohol,0,0,2.43E-05,1.58E-06,1.92E-07
280,40,b,nonpun,alcohol,burns,0.229593159,0.505826658,1.07E-05,4.24E-06,7.92E-06
280,40,b,nonpun,alcohol,easily,-0.503992782,-0.290505374,7.78E-05,0.00351256,0.00351256
281,41,b,nonpun,slave,slave,0,0,7.12E-06,6.30E-05,4.28E-06
281,41,b,nonpun,slave,boss,1.400749185,-0.285232904,2.58E-05,5.10E-05,5.10E-05
281,41,b,nonpun,slave,told,-0.681469513,-0.690380914,0.000286247,0.000933835,0.000933835
281,41,b,nonpun,slave,work,1.289300491,0.283711784,0.000718337,0.00600141,0.00600141
281,41,b,nonpun,slave,late,-0.789429632,-0.404403087,0.000157232,0.000508828,0.000508828
281,41,b,nonpun,slave,holiday,-0.737205823,-0.073798857,6.16E-05,0.0010442,0.0010442
281,41,b,nonpun,slave,driver,0.443951792,-0.100281493,4.16E-05,0.00572753,9.86E-06
282,42,b,nonpun,aching,aching,0,0,3.58E-06,2.28E-06,0.00288397
282,42,b,nonpun,aching,back,0.894540471,-0.490314868,0.00078176,0.00283767,0.00283767
282,42,b,nonpun,aching,sitting,-0.255217858,-0.571526755,6.90E-05,1.18E-05,1.18E-05
283,43,b,nonpun,irritation,irritation,0,0,5.19E-06,0.0068983,9.36E-07
283,43,b,nonpun,irritation,tried,-0.064230899,-0.203663255,0.000115294,0.00093585,0.00093585
283,43,b,nonpun,irritation,hide,-0.490253617,-0.690380914,1.92E-05,0.00599241,0.00599241
283,43,b,nonpun,irritation,showed,-0.148753998,0.010141543,8.43E-05,0.000518198,0.000389153
283,43,b,nonpun,irritation,face,-0.181512568,-0.7695979,0.000265689,0.0548992,0.0548992
284,44,b,nonpun,ante,ante,0,0,1.32E-06,3.26E-06,1.91E-07
284,44,b,nonpun,ante,made,-0.810472964,-0.272201719,0.00073501,0.00202794,0.00202794
284,44,b,nonpun,ante,offer,0.500563907,-0.531440393,0.000125992,0.036003,0.036003
284,44,b,nonpun,ante,buy,0.308085211,-0.542642046,9.88E-05,0.0414924,0.0414924
284,44,b,nonpun,ante,house,-0.375517823,-0.4849016,0.000395396,0.0427759,0.0427759
284,44,b,nonpun,ante,owner,-0.940417014,-0.233108737,3.97E-05,0.000426323,0.000426323
284,44,b,nonpun,ante,upped,0.725448669,-0.115912309,4.88E-07,1.44E-07,1.44E-07
285,45,b,nonpun,future,future,0,0,0.000179529,0.00507868,9.09E-08
285,45,b,nonpun,future,knows,0.147976917,-0.681714376,6.47E-05,0.0142111,0.0142111
285,45,b,nonpun,future,happen,0.692699488,-0.599540333,6.83E-05,0.315849,0.315849
286,46,b,nonpun,tell,tell,0,0,0.00023301,0.000227951,1.11E-07
286,46,b,nonpun,tell,story,1.161450033,-0.469053832,0.000106645,0.319102,0.000422007
286,46,b,nonpun,tell,child,0.241234743,-0.612533504,0.000189301,0.00108722,0.00108722
286,46,b,nonpun,tell,night,-0.901046457,-0.277410392,0.00028189,0.00446808,0.00446808
287,47,b,nonpun,how's,how's,0,0,3.25E-08,1.32E-07,0.000183176
287,47,b,nonpun,how's,asked,0.270005063,-0.245116346,0.000252691,0.000607259,0.000607259
287,47,b,nonpun,how's,going,0.342579865,-0.018473313,0.000507731,0.425455,0.00246297
288,48,b,nonpun,fire,fire,0,0,0.000109181,0.0028206,0.00205684
288,48,b,nonpun,fire,sat,-0.642584366,-0.681714376,8.97E-05,0.00241241,0.00241241
288,48,b,nonpun,fire,keep,-0.768492084,-0.597326311,0.000216663,0.00139087,0.0032208
288,48,b,nonpun,fire,warm,0.849014018,-0.531678516,5.46E-05,0.00704284,0.00704284
289,49,b,nonpun,help,help,0,0,0.000298051,0.000898739,2.92E-08
289,49,b,nonpun,help,gave,0.908712967,-0.737328199,0.000177359,2.31E-05,2.31E-05
289,49,b,nonpun,help,friend,0.919786418,-0.577738637,0.000131536,0.00230929,0.00230929
289,49,b,nonpun,help,homework,0.662564313,-0.641711004,6.49E-06,0.000101174,0.000101174
290,50,b,nonpun,guarding,guarding,0,0,2.41E-06,4.96E-06,2.93E-06
290,50,b,nonpun,guarding,dog,0.857860422,-0.156266765,6.33E-05,0.00108091,0.00108091
290,50,b,nonpun,guarding,just,-0.648651142,-0.608500438,0.00101403,0.00227036,0.00227036
290,50,b,nonpun,guarding,house,0.172127735,-0.608214201,0.000395396,0.00109182,0.00122108
290,50,b,nonpun,guarding,mean,-0.134316388,-0.654750174,0.000341988,0.00646037,0.00646037
290,50,b,nonpun,guarding,scare,-0.19021425,-0.660889498,4.28E-06,0.000987874,0.000987874
291,51,b,nonpun,been,been,0,0,0.002094361,0.26151,4.16E-07
291,51,b,nonpun,been,long,-0.421367959,-0.006859335,0.000449698,0.0159627,0.00176062
291,51,b,nonpun,been,time,-0.059106523,-0.612533504,0.001239318,0.286168,0.286168
291,51,b,nonpun,been,saw,-0.239116903,-0.5805929,0.000203217,0.00636225,0.00636225
292,52,b,nonpun,order,order,0,0,0.000271477,0.0192735,3.22E-06
292,52,b,nonpun,order,arranged,1.098840953,-0.160046421,3.19E-05,9.88E-05,9.88E-05
292,52,b,nonpun,order,newspapers,-0.019865689,-0.468069427,2.74E-05,6.32E-05,6.32E-05
292,52,b,nonpun,order,dates,0.55582649,1.04438851,2.15E-05,4.79E-05,4.79E-05
293,53,b,nonpun,lot,lot,0,0,0.000223117,0.152071,6.39E-07
293,53,b,nonpun,lot,decided,-0.520075148,-0.425054722,0.000117635,0.000965433,0.000965433
293,53,b,nonpun,lot,leave,-0.611990186,-0.716885504,0.000159353,0.0170948,0.0170948
293,53,b,nonpun,lot,car,0.555339105,0.564737924,0.00021537,0.038191,0.038191
293,53,b,nonpun,lot,parking,1.791723697,-0.612533504,1.25E-05,2.30E-05,2.30E-05
294,54,b,nonpun,best,best,0,0,0.000281825,0.0163309,3.03E-06
294,54,b,nonpun,best,student,0.357354688,0.024166403,6.13E-05,0.000191507,1.96E-05
294,54,b,nonpun,best,class,0.084489018,-0.53669697,0.000144006,0.000510195,0.000510195
295,55,b,nonpun,crack,crack,0,0,1.41E-05,5.03E-05,6.58E-06
295,55,b,nonpun,crack,drinking,-0.568706521,-0.437201779,2.70E-05,1.86E-05,1.86E-05
295,55,b,nonpun,crack,glass,0.229977639,0.124713992,7.51E-05,0.000726992,0.000726992
296,56,b,nonpun,lag,lag,0,0,2.66E-06,2.33E-06,3.96E-05
296,56,b,nonpun,lag,communications,0.11506706,-0.652512612,2.68E-05,4.07E-05,2.26E-05
296,56,b,nonpun,lag,not,-0.734899331,-0.664279177,0.00346259,0.395752,0.395752
296,56,b,nonpun,lag,hear,-0.894547741,-0.582302365,0.000106027,0.00320108,0.00320108
296,56,b,nonpun,lag,news,-0.788137903,-0.577738637,0.000114091,0.0145632,0.0145632
296,56,b,nonpun,lag,until,0.333944221,-0.690511956,0.000323413,0.000135472,0.000135472
296,56,b,nonpun,lag,days,-0.367382029,-0.593187373,0.0002228,0.000309287,0.000309287
296,56,b,nonpun,lag,later,0.436060915,-0.715633112,0.000309456,0.00509719,0.00509719
297,57,b,nonpun,decay,decay,0,0,8.29E-06,0.0289135,5.33E-06
297,57,b,nonpun,decay,tooth,0.526024003,-0.589792384,5.14E-06,3.57E-07,3.57E-07
297,57,b,nonpun,decay,result,-0.158389626,0.036597285,0.00017631,0.00256388,0.00256388
297,57,b,nonpun,decay,poor,0.363239603,-0.321015949,0.000117342,0.00155063,0.00155063
297,57,b,nonpun,decay,dental,1.574917546,-0.497982126,4.96E-06,3.21E-05,3.21E-05
297,57,b,nonpun,decay,hygiene,0.668785439,-0.557327474,6.31E-06,0.00968421,0.00968421
298,58,b,nonpun,traumatic,traumatic,0,0,3.61E-06,0.000446438,0.000803872
298,58,b,nonpun,traumatic,car,-0.167779699,-0.666140104,0.00021537,0.00229976,0.00229976
298,58,b,nonpun,traumatic,accident,0.685693472,-0.091965215,5.08E-05,0.00138351,0.00138351
298,58,b,nonpun,traumatic,very,0.465952561,-0.271256247,0.000956916,0.0200151,0.0200151
298,58,b,nonpun,traumatic,experience,1.107196633,-0.387713677,0.000169506,0.20891,0.00233242
299,59,b,nonpun,traumatic,traumatic,0,0,3.61E-06,4.01E-06,1.11E-08
299,59,b,nonpun,traumatic,incident,1.070651325,-0.597326311,2.94E-05,0.00296088,3.03E-05
299,59,b,nonpun,traumatic,left,-0.452771076,-0.484750985,0.000362936,0.000252923,0.000252923
299,59,b,nonpun,traumatic,scarred,1.186655805,-0.509989383,2.14E-06,1.41E-05,1.41E-05
300,60,b,nonpun,hostile,hostile,0,0,1.30E-05,4.16E-05,1.86E-08
300,60,b,nonpun,hostile,driver,0.124091538,-0.577738637,4.16E-05,1.38E-05,1.38E-05
300,60,b,nonpun,hostile,attitude,0.750991406,-0.528231672,4.75E-05,0.01001,6.00E-05
301,61,b,nonpun,doubling,doubling,0,0,4.03E-06,9.25E-07,2.07E-09
301,61,b,nonpun,doubling,amount,0.824345895,-0.690380914,0.000122122,0.0047118,0.0047118
301,61,b,nonpun,doubling,business,0.054752075,0.415081199,0.000280744,0.00159928,0.00159928
301,61,b,nonpun,doubling,makes,-0.402222701,-0.585539986,0.00013282,0.000143394,0.000143394
301,61,b,nonpun,doubling,year,-0.737205823,-0.7695979,0.000587143,0.034373,0.034373
302,62,b,nonpun,prison,prison,0,0,4.94E-05,0.0335217,5.19E-08
302,62,b,nonpun,prison,sent,0.045516466,-0.425974304,0.000107019,0.00248967,0.00248967
302,62,b,nonpun,prison,robbing,0.950511053,-0.498339995,1.38E-06,1.30E-05,2.39E-05
302,62,b,nonpun,prison,bank,-0.091331817,-0.536731888,0.000141055,0.0874907,0.0874907
303,63,b,nonpun,bridge,bridge,0,0,5.13E-05,0.00267278,3.68E-05
303,63,b,nonpun,bridge,trains,1.074483204,-0.36129733,1.82E-05,1.37E-06,1.37E-06
303,63,b,nonpun,bridge,go,-0.496029339,-0.314074626,0.00069786,0.0017104,0.0017104
303,63,b,nonpun,bridge,river,1.155381151,-0.750244648,7.37E-05,0.00245455,0.00245455
304,64,b,nonpun,chief,chief,0,0,8.91E-05,0.00092703,6.15E-05
304,64,b,nonpun,chief,leader,1.120057939,0.114813944,7.37E-05,0.000170359,0.000170359
304,64,b,nonpun,chief,native,0.925069784,-0.255735163,2.09E-05,0.000205984,0.000205984
304,64,b,nonpun,chief,american,-0.210297668,-0.026080507,0.000129926,1.41E-07,1.41E-07
304,64,b,nonpun,chief,tribe,1.598825715,0.177698611,5.88E-06,1.40E-05,1.40E-05
304,64,b,nonpun,chief,known,-0.600779155,-0.070309294,0.000202917,0.00185491,0.00185491
305,65,b,nonpun,resolution,resolution,0,0,2.91E-05,7.68E-05,3.57E-05
305,65,b,nonpun,resolution,admired,-0.881816698,-0.570382197,8.92E-06,0.000159517,0.000159517
305,65,b,nonpun,resolution,quit,0.04402441,0.035344219,7.20E-06,0.000111931,0.000111931
305,65,b,nonpun,resolution,smoking,-0.255207855,-0.146826509,2.33E-05,0.00419294,0.00419294
306,66,b,nonpun,pants,pants,0,0,8.13E-09,0.00187362,0.000140375
306,66,b,nonpun,pants,legs,0.65430671,0.074378023,4.94E-05,0.00148483,0.00148483
306,66,b,nonpun,pants,cold,-0.252607863,-0.384164048,9.42E-05,0.00016475,0.00016475
306,66,b,nonpun,pants,put,-0.388506771,0.29115998,0.000461753,0.00444328,0.00444328
306,66,b,nonpun,pants,pair,1.658161644,-0.339179555,4.78E-05,0.00169493,0.00169493
307,67,b,nonpun,insider,insider,0,0,6.45E-06,3.33E-07,4.75E-08
307,67,b,nonpun,insider,trading,0.711009001,-0.690569204,4.04E-05,0.118578,3.38E-05
307,67,b,nonpun,insider,get,-0.580089145,-0.414505745,0.000769103,0.00366049,0.00366049
307,67,b,nonpun,insider,lot,-0.526307077,-0.647263789,0.000223117,0.00170787,0.00170787
307,67,b,nonpun,insider,trouble,-0.387881741,-0.221151376,7.12E-05,0.00888362,0.00888362
308,68,b,nonpun,minds,minds,0,0,2.27E-05,0.000510819,1.23E-05
308,68,b,nonpun,minds,great,0.514249067,0.088093548,0.000375187,9.60E-06,9.60E-06
308,68,b,nonpun,minds,think,1.404774565,0.187931852,0.000704851,0.000635664,5.46E-05
308,68,b,nonpun,minds,alike,0.750183181,0.732431154,1.15E-05,0.664673,0.0006004
309,69,b,nonpun,littering,littering,0,0,3.41E-07,1.09E-07,4.16E-07
309,69,b,nonpun,littering,caught,0.025925019,-0.583648795,6.65E-05,0.000938337,0.000938337
309,69,b,nonpun,littering,pay,-0.244670733,-0.407004572,0.000173766,0.0155524,0.0155524
309,69,b,nonpun,littering,fine,1.029592653,0.774422755,0.000103848,0.0189398,0.0189398
310,70,b,nonpun,attitude,attitude,0,0,4.75E-05,9.25E-05,4.80E-07
310,70,b,nonpun,attitude,good,0.715570328,-0.299719032,0.000653102,0.0164287,0.0164287
310,70,b,nonpun,attitude,work,-0.017556673,-0.397202182,0.000718337,0.000163055,0.000187092
311,71,b,nonpun,presents,presents,0,0,1.97E-05,0.014896,4.01E-05
311,71,b,nonpun,presents,wait,-0.267338787,0.226824712,6.72E-05,0.00809577,0.00809577
311,71,b,nonpun,presents,open,1.023856705,0.037141579,0.000235595,0.000254803,0.000254803
311,71,b,nonpun,presents,christmas,1.961193125,0.208237428,6.94E-05,1.17E-06,1.17E-06
312,72,b,nonpun,next,next,0,0,0.000362554,0.00325542,8.03E-06
312,72,b,nonpun,next,time,0.222486758,-0.325761723,0.001239318,0.0164176,3.83E-05
312,72,b,nonpun,next,late,-0.467570749,-0.580605759,0.000157232,0.000271461,0.000271461
312,72,b,nonpun,next,you'll,-0.624395617,-0.690380914,1.79E-07,0.000160295,0.000160295
312,72,b,nonpun,next,trouble,-0.702771942,-0.407862784,7.12E-05,0.00846978,0.00846978
313,73,b,nonpun,destruction,destruction,0,0,1.86E-05,0.000251562,3.81E-06
313,73,b,nonpun,destruction,hurricane,1.602162866,-0.681714376,3.98E-06,1.52E-05,1.52E-05
313,73,b,nonpun,destruction,causes,1.645167591,-0.25647317,3.67E-05,2.19E-05,2.19E-05
313,73,b,nonpun,destruction,great,-0.237106996,0.105648034,0.000375187,0.00303127,0.00303127
313,73,b,nonpun,destruction,buildings,0.42365357,-0.850490932,5.28E-05,3.76E-05,3.58E-05
313,73,b,nonpun,destruction,trees,0.308182602,-0.536731888,6.48E-05,0.00141412,0.00141412
314,74,b,nonpun,cream,cream,0,0,2.53E-05,8.21E-06,4.19E-08
314,74,b,nonpun,cream,butter,1.150166867,-0.324140823,1.68E-05,2.93E-06,2.93E-06
314,74,b,nonpun,cream,made,-0.229606144,-0.56190314,0.00073501,0.00291359,0.00291359
315,75,b,nonpun,see,see,0,0,0.000923319,0.0230716,0.00033102
315,75,b,nonpun,see,able,-0.084950902,0.112057206,0.000238107,0.00998838,0.00998838
315,75,b,nonpun,see,clearly,0.916973255,-0.541810342,0.000120269,0.000816105,2.07E-05
315,75,b,nonpun,see,getting,-0.537299592,0.137021764,0.000157378,0.00111267,0.00111267
315,75,b,nonpun,see,glasses,1.233178845,-0.660889498,1.87E-05,5.02E-06,5.02E-06
316,76,b,nonpun,offer,offer,0,0,0.000125992,0.000262133,4.45E-06
316,76,b,nonpun,offer,very,-0.712107015,-0.554102897,0.000956916,0.00911394,0.00911394
316,76,b,nonpun,offer,considerate,0.672582328,0.178503386,1.62E-06,8.18E-05,8.18E-05
316,76,b,nonpun,offer,give,2.178092123,-0.404720482,0.000352767,0.00862041,0.00316947
316,76,b,nonpun,offer,ride,0.097546003,-0.56818969,2.64E-05,0.000674912,0.000674912
317,77,b,nonpun,sauce,sauce,0,0,1.10E-05,0.00683054,2.53E-05
317,77,b,nonpun,sauce,love,-0.81826748,-0.30152221,0.000179594,3.38E-05,3.38E-05
317,77,b,nonpun,sauce,eat,1.933806177,0.160815651,5.87E-05,0.00497008,0.00497008
317,77,b,nonpun,sauce,chocolate,0.58244089,-0.7695979,1.61E-05,0.00060975,0.00060975
317,77,b,nonpun,sauce,vanilla,-0.201152506,-0.433312662,1.46E-06,2.66E-07,2.78E-07
317,77,b,nonpun,sauce,ice,-0.760773984,0.283648575,3.21E-05,0.0708466,0.0708466
317,77,b,nonpun,sauce,cream,0.863532173,-0.389047651,2.53E-05,0.833078,0.833078
318,78,b,nonpun,pays,pays,0,0,1.18E-05,0.000317417,1.24E-06
318,78,b,nonpun,pays,company,0.467312406,-0.39047325,0.000316804,6.81E-05,6.81E-05
318,78,b,nonpun,pays,employees,1.049992445,-0.645031662,4.66E-05,0.000427794,0.000525785
318,78,b,nonpun,pays,weeks,0.260314402,-0.682425965,0.000121594,0.126323,0.126323
319,79,b,nonpun,express,express,0,0,3.90E-05,0.000224051,2.02E-08
319,79,b,nonpun,express,learn,0.164828801,-0.548789898,6.55E-05,0.00102005,0.00102005
319,79,b,nonpun,express,feelings,1.434281812,-0.133460282,4.16E-05,0.18119,0.00138304
319,79,b,nonpun,express,better,-0.585132085,-0.396014078,0.000280362,6.45E-06,6.45E-06
320,80,b,nonpun,sense,sense,0,0,0.000171677,0.00217715,3.60E-07
320,80,b,nonpun,sense,good,0.782137186,1.101292238,0.000653102,0.0164287,0.0164287
320,80,b,nonpun,sense,business,1.251973544,-0.452653338,0.000280744,0.000472236,0.000855749