workerID,gender,age,homophoneID,order,confusability,zscored
AQAR1D3D3SA2N,M,35,1,57,1,-0.912261318392
AQAR1D3D3SA2N,M,35,2,6,4,0.685860699229
AQAR1D3D3SA2N,M,35,3,22,2,-0.379553979185
AQAR1D3D3SA2N,M,35,4,19,2,-0.379553979185
AQAR1D3D3SA2N,M,35,5,77,3,0.153153360022
AQAR1D3D3SA2N,M,35,6,13,1,-0.912261318392
AQAR1D3D3SA2N,M,35,7,62,1,-0.912261318392
AQAR1D3D3SA2N,M,35,8,12,3,0.153153360022
AQAR1D3D3SA2N,M,35,9,79,1,-0.912261318392
AQAR1D3D3SA2N,M,35,10,44,6,1.75127537764
AQAR1D3D3SA2N,M,35,11,9,2,-0.379553979185
AQAR1D3D3SA2N,M,35,12,21,4,0.685860699229
AQAR1D3D3SA2N,M,35,13,58,1,-0.912261318392
AQAR1D3D3SA2N,M,35,14,20,7,2.28398271685
AQAR1D3D3SA2N,M,35,15,18,3,0.153153360022
AQAR1D3D3SA2N,M,35,16,50,1,-0.912261318392
AQAR1D3D3SA2N,M,35,17,72,3,0.153153360022
AQAR1D3D3SA2N,M,35,18,2,6,1.75127537764
AQAR1D3D3SA2N,M,35,19,52,4,0.685860699229
AQAR1D3D3SA2N,M,35,20,59,1,-0.912261318392
AQAR1D3D3SA2N,M,35,21,35,1,-0.912261318392
AQAR1D3D3SA2N,M,35,22,29,2,-0.379553979185
AQAR1D3D3SA2N,M,35,23,28,2,-0.379553979185
AQAR1D3D3SA2N,M,35,24,26,1,-0.912261318392
AQAR1D3D3SA2N,M,35,25,24,1,-0.912261318392
AQAR1D3D3SA2N,M,35,26,4,2,-0.379553979185
AQAR1D3D3SA2N,M,35,27,34,3,0.153153360022
AQAR1D3D3SA2N,M,35,28,80,5,1.21856803844
AQAR1D3D3SA2N,M,35,29,48,6,1.75127537764
AQAR1D3D3SA2N,M,35,30,47,7,2.28398271685
AQAR1D3D3SA2N,M,35,31,32,1,-0.912261318392
AQAR1D3D3SA2N,M,35,32,78,1,-0.912261318392
AQAR1D3D3SA2N,M,35,33,56,1,-0.912261318392
AQAR1D3D3SA2N,M,35,34,68,2,-0.379553979185
AQAR1D3D3SA2N,M,35,35,73,5,1.21856803844
AQAR1D3D3SA2N,M,35,36,16,3,0.153153360022
AQAR1D3D3SA2N,M,35,37,36,5,1.21856803844
AQAR1D3D3SA2N,M,35,38,49,6,1.75127537764
AQAR1D3D3SA2N,M,35,39,15,2,-0.379553979185
AQAR1D3D3SA2N,M,35,40,25,1,-0.912261318392
AQAR1D3D3SA2N,M,35,41,67,1,-0.912261318392
AQAR1D3D3SA2N,M,35,42,5,2,-0.379553979185
AQAR1D3D3SA2N,M,35,43,63,1,-0.912261318392
AQAR1D3D3SA2N,M,35,44,14,2,-0.379553979185
AQAR1D3D3SA2N,M,35,45,8,1,-0.912261318392
AQAR1D3D3SA2N,M,35,46,65,2,-0.379553979185
AQAR1D3D3SA2N,M,35,47,60,6,1.75127537764
AQAR1D3D3SA2N,M,35,48,46,1,-0.912261318392
AQAR1D3D3SA2N,M,35,49,1,2,-0.379553979185
AQAR1D3D3SA2N,M,35,50,74,1,-0.912261318392
AQAR1D3D3SA2N,M,35,51,76,6,1.75127537764
AQAR1D3D3SA2N,M,35,52,66,5,1.21856803844
AQAR1D3D3SA2N,M,35,53,61,1,-0.912261318392
AQAR1D3D3SA2N,M,35,54,42,3,0.153153360022
AQAR1D3D3SA2N,M,35,55,27,2,-0.379553979185
AQAR1D3D3SA2N,M,35,56,41,2,-0.379553979185
AQAR1D3D3SA2N,M,35,57,70,4,0.685860699229
AQAR1D3D3SA2N,M,35,58,54,1,-0.912261318392
AQAR1D3D3SA2N,M,35,59,69,1,-0.912261318392
AQAR1D3D3SA2N,M,35,60,43,6,1.75127537764
AQAR1D3D3SA2N,M,35,61,55,3,0.153153360022
AQAR1D3D3SA2N,M,35,62,3,5,1.21856803844
AQAR1D3D3SA2N,M,35,63,71,3,0.153153360022
AQAR1D3D3SA2N,M,35,64,33,2,-0.379553979185
AQAR1D3D3SA2N,M,35,65,53,1,-0.912261318392
AQAR1D3D3SA2N,M,35,66,64,1,-0.912261318392
AQAR1D3D3SA2N,M,35,67,75,2,-0.379553979185
AQAR1D3D3SA2N,M,35,68,51,1,-0.912261318392
AQAR1D3D3SA2N,M,35,69,31,2,-0.379553979185
AQAR1D3D3SA2N,M,35,70,40,1,-0.912261318392
AQAR1D3D3SA2N,M,35,71,10,7,2.28398271685
AQAR1D3D3SA2N,M,35,72,39,5,1.21856803844
AQAR1D3D3SA2N,M,35,73,38,1,-0.912261318392
AQAR1D3D3SA2N,M,35,74,23,1,-0.912261318392
AQAR1D3D3SA2N,M,35,75,30,1,-0.912261318392
AQAR1D3D3SA2N,M,35,76,37,4,0.685860699229
AQAR1D3D3SA2N,M,35,77,45,5,1.21856803844
AQAR1D3D3SA2N,M,35,78,11,3,0.153153360022
AQAR1D3D3SA2N,M,35,79,7,1,-0.912261318392
AQAR1D3D3SA2N,M,35,80,17,5,1.21856803844
A28JXW5YZJDNK4,F,55,1,5,5,1.25348751396
A28JXW5YZJDNK4,F,55,2,31,1,-0.793022712912
A28JXW5YZJDNK4,F,55,3,4,2,-0.281395156195
A28JXW5YZJDNK4,F,55,4,60,5,1.25348751396
A28JXW5YZJDNK4,F,55,5,39,1,-0.793022712912
A28JXW5YZJDNK4,F,55,6,59,2,-0.281395156195
A28JXW5YZJDNK4,F,55,7,48,6,1.76511507067
A28JXW5YZJDNK4,F,55,8,17,1,-0.793022712912
A28JXW5YZJDNK4,F,55,9,64,4,0.74185995724
A28JXW5YZJDNK4,F,55,10,9,7,2.27674262739
A28JXW5YZJDNK4,F,55,11,6,4,0.74185995724
A28JXW5YZJDNK4,F,55,12,75,5,1.25348751396
A28JXW5YZJDNK4,F,55,13,73,2,-0.281395156195
A28JXW5YZJDNK4,F,55,14,67,1,-0.793022712912
A28JXW5YZJDNK4,F,55,15,10,5,1.25348751396
A28JXW5YZJDNK4,F,55,16,33,1,-0.793022712912
A28JXW5YZJDNK4,F,55,17,36,2,-0.281395156195
A28JXW5YZJDNK4,F,55,18,40,3,0.230232400523
A28JXW5YZJDNK4,F,55,19,16,1,-0.793022712912
A28JXW5YZJDNK4,F,55,20,66,1,-0.793022712912
A28JXW5YZJDNK4,F,55,21,34,1,-0.793022712912
A28JXW5YZJDNK4,F,55,22,2,1,-0.793022712912
A28JXW5YZJDNK4,F,55,23,7,6,1.76511507067
A28JXW5YZJDNK4,F,55,24,69,1,-0.793022712912
A28JXW5YZJDNK4,F,55,25,15,1,-0.793022712912
A28JXW5YZJDNK4,F,55,26,65,2,-0.281395156195
A28JXW5YZJDNK4,F,55,27,8,6,1.76511507067
A28JXW5YZJDNK4,F,55,28,76,2,-0.281395156195
A28JXW5YZJDNK4,F,55,29,38,7,2.27674262739
A28JXW5YZJDNK4,F,55,30,45,2,-0.281395156195
A28JXW5YZJDNK4,F,55,31,30,1,-0.793022712912
A28JXW5YZJDNK4,F,55,32,58,3,0.230232400523
A28JXW5YZJDNK4,F,55,33,70,4,0.74185995724
A28JXW5YZJDNK4,F,55,34,71,1,-0.793022712912
A28JXW5YZJDNK4,F,55,35,50,2,-0.281395156195
A28JXW5YZJDNK4,F,55,36,24,1,-0.793022712912
A28JXW5YZJDNK4,F,55,37,13,2,-0.281395156195
A28JXW5YZJDNK4,F,55,38,11,7,2.27674262739
A28JXW5YZJDNK4,F,55,39,80,1,-0.793022712912
A28JXW5YZJDNK4,F,55,40,41,1,-0.793022712912
A28JXW5YZJDNK4,F,55,41,1,2,-0.281395156195
A28JXW5YZJDNK4,F,55,42,47,3,0.230232400523
A28JXW5YZJDNK4,F,55,43,22,2,-0.281395156195
A28JXW5YZJDNK4,F,55,44,14,7,2.27674262739
A28JXW5YZJDNK4,F,55,45,32,1,-0.793022712912
A28JXW5YZJDNK4,F,55,46,20,6,1.76511507067
A28JXW5YZJDNK4,F,55,47,62,5,1.25348751396
A28JXW5YZJDNK4,F,55,48,52,1,-0.793022712912
A28JXW5YZJDNK4,F,55,49,29,1,-0.793022712912
A28JXW5YZJDNK4,F,55,50,53,1,-0.793022712912
A28JXW5YZJDNK4,F,55,51,26,5,1.25348751396
A28JXW5YZJDNK4,F,55,52,56,3,0.230232400523
A28JXW5YZJDNK4,F,55,53,78,2,-0.281395156195
A28JXW5YZJDNK4,F,55,54,55,4,0.74185995724
A28JXW5YZJDNK4,F,55,55,12,3,0.230232400523
A28JXW5YZJDNK4,F,55,56,61,3,0.230232400523
A28JXW5YZJDNK4,F,55,57,74,1,-0.793022712912
A28JXW5YZJDNK4,F,55,58,19,2,-0.281395156195
A28JXW5YZJDNK4,F,55,59,23,1,-0.793022712912
A28JXW5YZJDNK4,F,55,60,54,1,-0.793022712912
A28JXW5YZJDNK4,F,55,61,18,1,-0.793022712912
A28JXW5YZJDNK4,F,55,62,43,1,-0.793022712912
A28JXW5YZJDNK4,F,55,63,68,1,-0.793022712912
A28JXW5YZJDNK4,F,55,64,57,1,-0.793022712912
A28JXW5YZJDNK4,F,55,65,35,1,-0.793022712912
A28JXW5YZJDNK4,F,55,66,25,1,-0.793022712912
A28JXW5YZJDNK4,F,55,67,3,1,-0.793022712912
A28JXW5YZJDNK4,F,55,68,27,2,-0.281395156195
A28JXW5YZJDNK4,F,55,69,49,1,-0.793022712912
A28JXW5YZJDNK4,F,55,70,37,2,-0.281395156195
A28JXW5YZJDNK4,F,55,71,42,6,1.76511507067
A28JXW5YZJDNK4,F,55,72,44,6,1.76511507067
A28JXW5YZJDNK4,F,55,73,72,1,-0.793022712912
A28JXW5YZJDNK4,F,55,74,79,1,-0.793022712912
A28JXW5YZJDNK4,F,55,75,51,1,-0.793022712912
A28JXW5YZJDNK4,F,55,76,63,1,-0.793022712912
A28JXW5YZJDNK4,F,55,77,21,3,0.230232400523
A28JXW5YZJDNK4,F,55,78,46,1,-0.793022712912
A28JXW5YZJDNK4,F,55,79,28,1,-0.793022712912
A28JXW5YZJDNK4,F,55,80,77,6,1.76511507067
A2GK8NS27GDFCZ,F,35,1,2,5,1.04383553619
A2GK8NS27GDFCZ,F,35,2,16,3,-0.107982986502
A2GK8NS27GDFCZ,F,35,3,53,5,1.04383553619
A2GK8NS27GDFCZ,F,35,4,33,2,-0.683892247847
A2GK8NS27GDFCZ,F,35,5,54,2,-0.683892247847
A2GK8NS27GDFCZ,F,35,6,7,1,-1.25980150919
A2GK8NS27GDFCZ,F,35,7,66,6,1.61974479753
A2GK8NS27GDFCZ,F,35,8,47,4,0.467926274843
A2GK8NS27GDFCZ,F,35,9,21,1,-1.25980150919
A2GK8NS27GDFCZ,F,35,10,44,7,2.19565405888
A2GK8NS27GDFCZ,F,35,11,52,2,-0.683892247847
A2GK8NS27GDFCZ,F,35,12,27,2,-0.683892247847
A2GK8NS27GDFCZ,F,35,13,79,7,2.19565405888
A2GK8NS27GDFCZ,F,35,14,48,2,-0.683892247847
A2GK8NS27GDFCZ,F,35,15,31,2,-0.683892247847
A2GK8NS27GDFCZ,F,35,16,35,3,-0.107982986502
A2GK8NS27GDFCZ,F,35,17,80,3,-0.107982986502
A2GK8NS27GDFCZ,F,35,18,77,2,-0.683892247847
A2GK8NS27GDFCZ,F,35,19,75,2,-0.683892247847
A2GK8NS27GDFCZ,F,35,20,24,3,-0.107982986502
A2GK8NS27GDFCZ,F,35,21,59,3,-0.107982986502
A2GK8NS27GDFCZ,F,35,22,20,3,-0.107982986502
A2GK8NS27GDFCZ,F,35,23,34,3,-0.107982986502
A2GK8NS27GDFCZ,F,35,24,9,4,0.467926274843
A2GK8NS27GDFCZ,F,35,25,1,2,-0.683892247847
A2GK8NS27GDFCZ,F,35,26,74,2,-0.683892247847
A2GK8NS27GDFCZ,F,35,27,8,5,1.04383553619
A2GK8NS27GDFCZ,F,35,28,12,4,0.467926274843
A2GK8NS27GDFCZ,F,35,29,14,2,-0.683892247847
A2GK8NS27GDFCZ,F,35,30,37,4,0.467926274843
A2GK8NS27GDFCZ,F,35,31,62,1,-1.25980150919
A2GK8NS27GDFCZ,F,35,32,18,7,2.19565405888
A2GK8NS27GDFCZ,F,35,33,13,2,-0.683892247847
A2GK8NS27GDFCZ,F,35,34,43,3,-0.107982986502
A2GK8NS27GDFCZ,F,35,35,19,6,1.61974479753
A2GK8NS27GDFCZ,F,35,36,40,2,-0.683892247847
A2GK8NS27GDFCZ,F,35,37,5,2,-0.683892247847
A2GK8NS27GDFCZ,F,35,38,22,3,-0.107982986502
A2GK8NS27GDFCZ,F,35,39,25,5,1.04383553619
A2GK8NS27GDFCZ,F,35,40,39,1,-1.25980150919
A2GK8NS27GDFCZ,F,35,41,65,2,-0.683892247847
A2GK8NS27GDFCZ,F,35,42,38,6,1.61974479753
A2GK8NS27GDFCZ,F,35,43,50,3,-0.107982986502
A2GK8NS27GDFCZ,F,35,44,41,1,-1.25980150919
A2GK8NS27GDFCZ,F,35,45,76,4,0.467926274843
A2GK8NS27GDFCZ,F,35,46,55,2,-0.683892247847
A2GK8NS27GDFCZ,F,35,47,3,2,-0.683892247847
A2GK8NS27GDFCZ,F,35,48,6,2,-0.683892247847
A2GK8NS27GDFCZ,F,35,49,64,3,-0.107982986502
A2GK8NS27GDFCZ,F,35,50,26,4,0.467926274843
A2GK8NS27GDFCZ,F,35,51,61,1,-1.25980150919
A2GK8NS27GDFCZ,F,35,52,57,3,-0.107982986502
A2GK8NS27GDFCZ,F,35,53,30,2,-0.683892247847
A2GK8NS27GDFCZ,F,35,54,71,3,-0.107982986502
A2GK8NS27GDFCZ,F,35,55,67,2,-0.683892247847
A2GK8NS27GDFCZ,F,35,56,63,3,-0.107982986502
A2GK8NS27GDFCZ,F,35,57,29,1,-1.25980150919
A2GK8NS27GDFCZ,F,35,58,69,5,1.04383553619
A2GK8NS27GDFCZ,F,35,59,11,1,-1.25980150919
A2GK8NS27GDFCZ,F,35,60,46,2,-0.683892247847
A2GK8NS27GDFCZ,F,35,61,4,6,1.61974479753
A2GK8NS27GDFCZ,F,35,62,51,3,-0.107982986502
A2GK8NS27GDFCZ,F,35,63,58,2,-0.683892247847
A2GK8NS27GDFCZ,F,35,64,15,2,-0.683892247847
A2GK8NS27GDFCZ,F,35,65,36,3,-0.107982986502
A2GK8NS27GDFCZ,F,35,66,23,2,-0.683892247847
A2GK8NS27GDFCZ,F,35,67,17,4,0.467926274843
A2GK8NS27GDFCZ,F,35,68,70,2,-0.683892247847
A2GK8NS27GDFCZ,F,35,69,10,3,-0.107982986502
A2GK8NS27GDFCZ,F,35,70,73,2,-0.683892247847
A2GK8NS27GDFCZ,F,35,71,56,7,2.19565405888
A2GK8NS27GDFCZ,F,35,72,32,6,1.61974479753
A2GK8NS27GDFCZ,F,35,73,78,1,-1.25980150919
A2GK8NS27GDFCZ,F,35,74,72,5,1.04383553619
A2GK8NS27GDFCZ,F,35,75,45,6,1.61974479753
A2GK8NS27GDFCZ,F,35,76,42,3,-0.107982986502
A2GK8NS27GDFCZ,F,35,77,49,6,1.61974479753
A2GK8NS27GDFCZ,F,35,78,60,4,0.467926274843
A2GK8NS27GDFCZ,F,35,79,68,1,-1.25980150919
A2GK8NS27GDFCZ,F,35,80,28,7,2.19565405888
A28GQ44QN9DIH1,F,25,1,58,7,1.24935467213
A28GQ44QN9DIH1,F,25,2,47,5,0.264641630057
A28GQ44QN9DIH1,F,25,3,38,4,-0.227714890979
A28GQ44QN9DIH1,F,25,4,11,6,0.756998151094
A28GQ44QN9DIH1,F,25,5,42,3,-0.720071412016
A28GQ44QN9DIH1,F,25,6,60,5,0.264641630057
A28GQ44QN9DIH1,F,25,7,52,7,1.24935467213
A28GQ44QN9DIH1,F,25,8,19,7,1.24935467213
A28GQ44QN9DIH1,F,25,9,75,2,-1.21242793305
A28GQ44QN9DIH1,F,25,10,31,7,1.24935467213
A28GQ44QN9DIH1,F,25,11,74,2,-1.21242793305
A28GQ44QN9DIH1,F,25,12,65,4,-0.227714890979
A28GQ44QN9DIH1,F,25,13,3,7,1.24935467213
A28GQ44QN9DIH1,F,25,14,45,1,-1.70478445409
A28GQ44QN9DIH1,F,25,15,51,2,-1.21242793305
A28GQ44QN9DIH1,F,25,16,76,1,-1.70478445409
A28GQ44QN9DIH1,F,25,17,67,5,0.264641630057
A28GQ44QN9DIH1,F,25,18,66,5,0.264641630057
A28GQ44QN9DIH1,F,25,19,15,7,1.24935467213
A28GQ44QN9DIH1,F,25,20,48,1,-1.70478445409
A28GQ44QN9DIH1,F,25,21,72,6,0.756998151094
A28GQ44QN9DIH1,F,25,22,62,3,-0.720071412016
A28GQ44QN9DIH1,F,25,23,40,5,0.264641630057
A28GQ44QN9DIH1,F,25,24,80,5,0.264641630057
A28GQ44QN9DIH1,F,25,25,49,2,-1.21242793305
A28GQ44QN9DIH1,F,25,26,53,1,-1.70478445409
A28GQ44QN9DIH1,F,25,27,71,5,0.264641630057
A28GQ44QN9DIH1,F,25,28,12,4,-0.227714890979
A28GQ44QN9DIH1,F,25,29,63,7,1.24935467213
A28GQ44QN9DIH1,F,25,30,41,3,-0.720071412016
A28GQ44QN9DIH1,F,25,31,16,2,-1.21242793305
A28GQ44QN9DIH1,F,25,32,27,7,1.24935467213
A28GQ44QN9DIH1,F,25,33,4,5,0.264641630057
A28GQ44QN9DIH1,F,25,34,54,5,0.264641630057
A28GQ44QN9DIH1,F,25,35,36,7,1.24935467213
A28GQ44QN9DIH1,F,25,36,17,7,1.24935467213
A28GQ44QN9DIH1,F,25,37,61,3,-0.720071412016
A28GQ44QN9DIH1,F,25,38,55,5,0.264641630057
A28GQ44QN9DIH1,F,25,39,50,7,1.24935467213
A28GQ44QN9DIH1,F,25,40,29,3,-0.720071412016
A28GQ44QN9DIH1,F,25,41,22,5,0.264641630057
A28GQ44QN9DIH1,F,25,42,9,4,-0.227714890979
A28GQ44QN9DIH1,F,25,43,34,3,-0.720071412016
A28GQ44QN9DIH1,F,25,44,33,7,1.24935467213
A28GQ44QN9DIH1,F,25,45,56,5,0.264641630057
A28GQ44QN9DIH1,F,25,46,68,3,-0.720071412016
A28GQ44QN9DIH1,F,25,47,10,7,1.24935467213
A28GQ44QN9DIH1,F,25,48,35,1,-1.70478445409
A28GQ44QN9DIH1,F,25,49,6,6,0.756998151094
A28GQ44QN9DIH1,F,25,50,59,5,0.264641630057
A28GQ44QN9DIH1,F,25,51,32,5,0.264641630057
A28GQ44QN9DIH1,F,25,52,26,6,0.756998151094
A28GQ44QN9DIH1,F,25,53,73,4,-0.227714890979
A28GQ44QN9DIH1,F,25,54,8,7,1.24935467213
A28GQ44QN9DIH1,F,25,55,79,2,-1.21242793305
A28GQ44QN9DIH1,F,25,56,13,2,-1.21242793305
A28GQ44QN9DIH1,F,25,57,70,5,0.264641630057
A28GQ44QN9DIH1,F,25,58,25,5,0.264641630057
A28GQ44QN9DIH1,F,25,59,24,5,0.264641630057
A28GQ44QN9DIH1,F,25,60,78,6,0.756998151094
A28GQ44QN9DIH1,F,25,61,64,7,1.24935467213
A28GQ44QN9DIH1,F,25,62,23,6,0.756998151094
A28GQ44QN9DIH1,F,25,63,43,5,0.264641630057
A28GQ44QN9DIH1,F,25,64,2,5,0.264641630057
A28GQ44QN9DIH1,F,25,65,21,2,-1.21242793305
A28GQ44QN9DIH1,F,25,66,46,6,0.756998151094
A28GQ44QN9DIH1,F,25,67,28,1,-1.70478445409
A28GQ44QN9DIH1,F,25,68,37,4,-0.227714890979
A28GQ44QN9DIH1,F,25,69,39,6,0.756998151094
A28GQ44QN9DIH1,F,25,70,20,1,-1.70478445409
A28GQ44QN9DIH1,F,25,71,69,7,1.24935467213
A28GQ44QN9DIH1,F,25,72,30,7,1.24935467213
A28GQ44QN9DIH1,F,25,73,5,1,-1.70478445409
A28GQ44QN9DIH1,F,25,74,14,4,-0.227714890979
A28GQ44QN9DIH1,F,25,75,1,3,-0.720071412016
A28GQ44QN9DIH1,F,25,76,44,6,0.756998151094
A28GQ44QN9DIH1,F,25,77,18,2,-1.21242793305
A28GQ44QN9DIH1,F,25,78,57,1,-1.70478445409
A28GQ44QN9DIH1,F,25,79,7,3,-0.720071412016
A28GQ44QN9DIH1,F,25,80,77,7,1.24935467213
A2GNVLK09GZ1LZ,F,35,1,30,4,0.199071349343
A2GNVLK09GZ1LZ,F,35,2,26,3,-0.369703934495
A2GNVLK09GZ1LZ,F,35,3,9,3,-0.369703934495
A2GNVLK09GZ1LZ,F,35,4,59,6,1.33662191702
A2GNVLK09GZ1LZ,F,35,5,68,5,0.767846633182
A2GNVLK09GZ1LZ,F,35,6,57,2,-0.938479218333
A2GNVLK09GZ1LZ,F,35,7,51,6,1.33662191702
A2GNVLK09GZ1LZ,F,35,8,21,5,0.767846633182
A2GNVLK09GZ1LZ,F,35,9,58,2,-0.938479218333
A2GNVLK09GZ1LZ,F,35,10,48,7,1.90539720086
A2GNVLK09GZ1LZ,F,35,11,31,2,-0.938479218333
A2GNVLK09GZ1LZ,F,35,12,78,4,0.199071349343
A2GNVLK09GZ1LZ,F,35,13,1,7,1.90539720086
A2GNVLK09GZ1LZ,F,35,14,17,3,-0.369703934495
A2GNVLK09GZ1LZ,F,35,15,34,3,-0.369703934495
A2GNVLK09GZ1LZ,F,35,16,80,2,-0.938479218333
A2GNVLK09GZ1LZ,F,35,17,77,2,-0.938479218333
A2GNVLK09GZ1LZ,F,35,18,3,6,1.33662191702
A2GNVLK09GZ1LZ,F,35,19,4,5,0.767846633182
A2GNVLK09GZ1LZ,F,35,20,74,2,-0.938479218333
A2GNVLK09GZ1LZ,F,35,21,79,2,-0.938479218333
A2GNVLK09GZ1LZ,F,35,22,12,3,-0.369703934495
A2GNVLK09GZ1LZ,F,35,23,36,3,-0.369703934495
A2GNVLK09GZ1LZ,F,35,24,56,4,0.199071349343
A2GNVLK09GZ1LZ,F,35,25,46,2,-0.938479218333
A2GNVLK09GZ1LZ,F,35,26,63,4,0.199071349343
A2GNVLK09GZ1LZ,F,35,27,47,5,0.767846633182
A2GNVLK09GZ1LZ,F,35,28,76,2,-0.938479218333
A2GNVLK09GZ1LZ,F,35,29,23,7,1.90539720086
A2GNVLK09GZ1LZ,F,35,30,67,4,0.199071349343
A2GNVLK09GZ1LZ,F,35,31,13,1,-1.50725450217
A2GNVLK09GZ1LZ,F,35,32,24,6,1.33662191702
A2GNVLK09GZ1LZ,F,35,33,38,2,-0.938479218333
A2GNVLK09GZ1LZ,F,35,34,39,5,0.767846633182
A2GNVLK09GZ1LZ,F,35,35,7,5,0.767846633182
A2GNVLK09GZ1LZ,F,35,36,10,1,-1.50725450217
A2GNVLK09GZ1LZ,F,35,37,18,2,-0.938479218333
A2GNVLK09GZ1LZ,F,35,38,16,4,0.199071349343
A2GNVLK09GZ1LZ,F,35,39,75,4,0.199071349343
A2GNVLK09GZ1LZ,F,35,40,69,1,-1.50725450217
A2GNVLK09GZ1LZ,F,35,41,53,2,-0.938479218333
A2GNVLK09GZ1LZ,F,35,42,32,5,0.767846633182
A2GNVLK09GZ1LZ,F,35,43,44,2,-0.938479218333
A2GNVLK09GZ1LZ,F,35,44,20,7,1.90539720086
A2GNVLK09GZ1LZ,F,35,45,8,2,-0.938479218333
A2GNVLK09GZ1LZ,F,35,46,42,5,0.767846633182
A2GNVLK09GZ1LZ,F,35,47,28,6,1.33662191702
A2GNVLK09GZ1LZ,F,35,48,41,3,-0.369703934495
A2GNVLK09GZ1LZ,F,35,49,25,4,0.199071349343
A2GNVLK09GZ1LZ,F,35,50,55,2,-0.938479218333
A2GNVLK09GZ1LZ,F,35,51,22,4,0.199071349343
A2GNVLK09GZ1LZ,F,35,52,43,2,-0.938479218333
A2GNVLK09GZ1LZ,F,35,53,70,3,-0.369703934495
A2GNVLK09GZ1LZ,F,35,54,65,4,0.199071349343
A2GNVLK09GZ1LZ,F,35,55,60,1,-1.50725450217
A2GNVLK09GZ1LZ,F,35,56,72,2,-0.938479218333
A2GNVLK09GZ1LZ,F,35,57,37,5,0.767846633182
A2GNVLK09GZ1LZ,F,35,58,54,3,-0.369703934495
A2GNVLK09GZ1LZ,F,35,59,66,6,1.33662191702
A2GNVLK09GZ1LZ,F,35,60,73,2,-0.938479218333
A2GNVLK09GZ1LZ,F,35,61,5,4,0.199071349343
A2GNVLK09GZ1LZ,F,35,62,19,5,0.767846633182
A2GNVLK09GZ1LZ,F,35,63,35,2,-0.938479218333
A2GNVLK09GZ1LZ,F,35,64,45,3,-0.369703934495
A2GNVLK09GZ1LZ,F,35,65,15,3,-0.369703934495
A2GNVLK09GZ1LZ,F,35,66,40,4,0.199071349343
A2GNVLK09GZ1LZ,F,35,67,33,4,0.199071349343
A2GNVLK09GZ1LZ,F,35,68,6,6,1.33662191702
A2GNVLK09GZ1LZ,F,35,69,29,2,-0.938479218333
A2GNVLK09GZ1LZ,F,35,70,50,2,-0.938479218333
A2GNVLK09GZ1LZ,F,35,71,2,7,1.90539720086
A2GNVLK09GZ1LZ,F,35,72,71,6,1.33662191702
A2GNVLK09GZ1LZ,F,35,73,11,1,-1.50725450217
A2GNVLK09GZ1LZ,F,35,74,27,2,-0.938479218333
A2GNVLK09GZ1LZ,F,35,75,62,5,0.767846633182
A2GNVLK09GZ1LZ,F,35,76,64,6,1.33662191702
A2GNVLK09GZ1LZ,F,35,77,52,2,-0.938479218333
A2GNVLK09GZ1LZ,F,35,78,61,3,-0.369703934495
A2GNVLK09GZ1LZ,F,35,79,49,2,-0.938479218333
A2GNVLK09GZ1LZ,F,35,80,14,7,1.90539720086
A2141IJ45I1RCZ,F,35,1,31,7,1.40055214881
A2141IJ45I1RCZ,F,35,2,41,6,0.985573734345
A2141IJ45I1RCZ,F,35,3,8,1,-1.08931833796
A2141IJ45I1RCZ,F,35,4,62,3,-0.259361509038
A2141IJ45I1RCZ,F,35,5,12,6,0.985573734345
A2141IJ45I1RCZ,F,35,6,20,6,0.985573734345
A2141IJ45I1RCZ,F,35,7,65,6,0.985573734345
A2141IJ45I1RCZ,F,35,8,67,2,-0.674339923499
A2141IJ45I1RCZ,F,35,9,49,2,-0.674339923499
A2141IJ45I1RCZ,F,35,10,69,7,1.40055214881
A2141IJ45I1RCZ,F,35,11,10,1,-1.08931833796
A2141IJ45I1RCZ,F,35,12,16,6,0.985573734345
A2141IJ45I1RCZ,F,35,13,64,7,1.40055214881
A2141IJ45I1RCZ,F,35,14,61,5,0.570595319884
A2141IJ45I1RCZ,F,35,15,57,2,-0.674339923499
A2141IJ45I1RCZ,F,35,16,22,5,0.570595319884
A2141IJ45I1RCZ,F,35,17,14,7,1.40055214881
A2141IJ45I1RCZ,F,35,18,60,2,-0.674339923499
A2141IJ45I1RCZ,F,35,19,56,6,0.985573734345
A2141IJ45I1RCZ,F,35,20,5,1,-1.08931833796
A2141IJ45I1RCZ,F,35,21,37,1,-1.08931833796
A2141IJ45I1RCZ,F,35,22,66,3,-0.259361509038
A2141IJ45I1RCZ,F,35,23,68,1,-1.08931833796
A2141IJ45I1RCZ,F,35,24,17,5,0.570595319884
A2141IJ45I1RCZ,F,35,25,19,6,0.985573734345
A2141IJ45I1RCZ,F,35,26,63,1,-1.08931833796
A2141IJ45I1RCZ,F,35,27,54,5,0.570595319884
A2141IJ45I1RCZ,F,35,28,6,1,-1.08931833796
A2141IJ45I1RCZ,F,35,29,58,7,1.40055214881
A2141IJ45I1RCZ,F,35,30,51,1,-1.08931833796
A2141IJ45I1RCZ,F,35,31,44,1,-1.08931833796
A2141IJ45I1RCZ,F,35,32,42,7,1.40055214881
A2141IJ45I1RCZ,F,35,33,35,7,1.40055214881
A2141IJ45I1RCZ,F,35,34,21,6,0.985573734345
A2141IJ45I1RCZ,F,35,35,32,5,0.570595319884
A2141IJ45I1RCZ,F,35,36,29,1,-1.08931833796
A2141IJ45I1RCZ,F,35,37,18,3,-0.259361509038
A2141IJ45I1RCZ,F,35,38,78,1,-1.08931833796
A2141IJ45I1RCZ,F,35,39,76,3,-0.259361509038
A2141IJ45I1RCZ,F,35,40,38,1,-1.08931833796
A2141IJ45I1RCZ,F,35,41,26,7,1.40055214881
A2141IJ45I1RCZ,F,35,42,53,7,1.40055214881
A2141IJ45I1RCZ,F,35,43,46,5,0.570595319884
A2141IJ45I1RCZ,F,35,44,2,2,-0.674339923499
A2141IJ45I1RCZ,F,35,45,55,1,-1.08931833796
A2141IJ45I1RCZ,F,35,46,45,3,-0.259361509038
A2141IJ45I1RCZ,F,35,47,48,2,-0.674339923499
A2141IJ45I1RCZ,F,35,48,11,1,-1.08931833796
A2141IJ45I1RCZ,F,35,49,47,6,0.985573734345
A2141IJ45I1RCZ,F,35,50,73,3,-0.259361509038
A2141IJ45I1RCZ,F,35,51,3,2,-0.674339923499
A2141IJ45I1RCZ,F,35,52,27,6,0.985573734345
A2141IJ45I1RCZ,F,35,53,50,1,-1.08931833796
A2141IJ45I1RCZ,F,35,54,43,1,-1.08931833796
A2141IJ45I1RCZ,F,35,55,15,2,-0.674339923499
A2141IJ45I1RCZ,F,35,56,30,6,0.985573734345
A2141IJ45I1RCZ,F,35,57,39,1,-1.08931833796
A2141IJ45I1RCZ,F,35,58,40,6,0.985573734345
A2141IJ45I1RCZ,F,35,59,34,1,-1.08931833796
A2141IJ45I1RCZ,F,35,60,25,5,0.570595319884
A2141IJ45I1RCZ,F,35,61,7,2,-0.674339923499
A2141IJ45I1RCZ,F,35,62,1,7,1.40055214881
A2141IJ45I1RCZ,F,35,63,70,1,-1.08931833796
A2141IJ45I1RCZ,F,35,64,28,1,-1.08931833796
A2141IJ45I1RCZ,F,35,65,77,6,0.985573734345
A2141IJ45I1RCZ,F,35,66,59,3,-0.259361509038
A2141IJ45I1RCZ,F,35,67,71,1,-1.08931833796
A2141IJ45I1RCZ,F,35,68,24,2,-0.674339923499
A2141IJ45I1RCZ,F,35,69,80,6,0.985573734345
A2141IJ45I1RCZ,F,35,70,9,2,-0.674339923499
A2141IJ45I1RCZ,F,35,71,4,7,1.40055214881
A2141IJ45I1RCZ,F,35,72,36,7,1.40055214881
A2141IJ45I1RCZ,F,35,73,52,1,-1.08931833796
A2141IJ45I1RCZ,F,35,74,72,2,-0.674339923499
A2141IJ45I1RCZ,F,35,75,23,7,1.40055214881
A2141IJ45I1RCZ,F,35,76,75,1,-1.08931833796
A2141IJ45I1RCZ,F,35,77,79,1,-1.08931833796
A2141IJ45I1RCZ,F,35,78,33,1,-1.08931833796
A2141IJ45I1RCZ,F,35,79,13,3,-0.259361509038
A2141IJ45I1RCZ,F,35,80,74,7,1.40055214881
A1MQ635XHTTU2F,F,25,1,26,3,0.138717820314
A1MQ635XHTTU2F,F,25,2,4,3,0.138717820314
A1MQ635XHTTU2F,F,25,3,50,4,0.791507562969
A1MQ635XHTTU2F,F,25,4,20,2,-0.514071922341
A1MQ635XHTTU2F,F,25,5,62,4,0.791507562969
A1MQ635XHTTU2F,F,25,6,7,4,0.791507562969
A1MQ635XHTTU2F,F,25,7,38,2,-0.514071922341
A1MQ635XHTTU2F,F,25,8,48,5,1.44429730562
A1MQ635XHTTU2F,F,25,9,77,1,-1.166861665
A1MQ635XHTTU2F,F,25,10,2,7,2.74987679093
A1MQ635XHTTU2F,F,25,11,8,2,-0.514071922341
A1MQ635XHTTU2F,F,25,12,14,1,-1.166861665
A1MQ635XHTTU2F,F,25,13,57,6,2.09708704828
A1MQ635XHTTU2F,F,25,14,33,5,1.44429730562
A1MQ635XHTTU2F,F,25,15,34,2,-0.514071922341
A1MQ635XHTTU2F,F,25,16,66,1,-1.166861665
A1MQ635XHTTU2F,F,25,17,69,3,0.138717820314
A1MQ635XHTTU2F,F,25,18,80,4,0.791507562969
A1MQ635XHTTU2F,F,25,19,46,4,0.791507562969
A1MQ635XHTTU2F,F,25,20,32,2,-0.514071922341
A1MQ635XHTTU2F,F,25,21,35,1,-1.166861665
A1MQ635XHTTU2F,F,25,22,44,2,-0.514071922341
A1MQ635XHTTU2F,F,25,23,68,1,-1.166861665
A1MQ635XHTTU2F,F,25,24,51,2,-0.514071922341
A1MQ635XHTTU2F,F,25,25,60,3,0.138717820314
A1MQ635XHTTU2F,F,25,26,72,3,0.138717820314
A1MQ635XHTTU2F,F,25,27,45,2,-0.514071922341
A1MQ635XHTTU2F,F,25,28,70,4,0.791507562969
A1MQ635XHTTU2F,F,25,29,1,5,1.44429730562
A1MQ635XHTTU2F,F,25,30,21,3,0.138717820314
A1MQ635XHTTU2F,F,25,31,27,1,-1.166861665
A1MQ635XHTTU2F,F,25,32,76,2,-0.514071922341
A1MQ635XHTTU2F,F,25,33,54,1,-1.166861665
A1MQ635XHTTU2F,F,25,34,23,3,0.138717820314
A1MQ635XHTTU2F,F,25,35,63,4,0.791507562969
A1MQ635XHTTU2F,F,25,36,6,2,-0.514071922341
A1MQ635XHTTU2F,F,25,37,18,3,0.138717820314
A1MQ635XHTTU2F,F,25,38,10,3,0.138717820314
A1MQ635XHTTU2F,F,25,39,65,3,0.138717820314
A1MQ635XHTTU2F,F,25,40,75,2,-0.514071922341
A1MQ635XHTTU2F,F,25,41,53,2,-0.514071922341
A1MQ635XHTTU2F,F,25,42,56,3,0.138717820314
A1MQ635XHTTU2F,F,25,43,11,2,-0.514071922341
A1MQ635XHTTU2F,F,25,44,29,5,1.44429730562
A1MQ635XHTTU2F,F,25,45,13,2,-0.514071922341
A1MQ635XHTTU2F,F,25,46,31,3,0.138717820314
A1MQ635XHTTU2F,F,25,47,71,6,2.09708704828
A1MQ635XHTTU2F,F,25,48,47,2,-0.514071922341
A1MQ635XHTTU2F,F,25,49,52,2,-0.514071922341
A1MQ635XHTTU2F,F,25,50,73,1,-1.166861665
A1MQ635XHTTU2F,F,25,51,9,7,2.74987679093
A1MQ635XHTTU2F,F,25,52,78,6,2.09708704828
A1MQ635XHTTU2F,F,25,53,16,2,-0.514071922341
A1MQ635XHTTU2F,F,25,54,37,1,-1.166861665
A1MQ635XHTTU2F,F,25,55,22,2,-0.514071922341
A1MQ635XHTTU2F,F,25,56,59,3,0.138717820314
A1MQ635XHTTU2F,F,25,57,40,2,-0.514071922341
A1MQ635XHTTU2F,F,25,58,25,2,-0.514071922341
A1MQ635XHTTU2F,F,25,59,19,1,-1.166861665
A1MQ635XHTTU2F,F,25,60,5,1,-1.166861665
A1MQ635XHTTU2F,F,25,61,79,4,0.791507562969
A1MQ635XHTTU2F,F,25,62,55,2,-0.514071922341
A1MQ635XHTTU2F,F,25,63,24,2,-0.514071922341
A1MQ635XHTTU2F,F,25,64,17,1,-1.166861665
A1MQ635XHTTU2F,F,25,65,49,4,0.791507562969
A1MQ635XHTTU2F,F,25,66,43,4,0.791507562969
A1MQ635XHTTU2F,F,25,67,41,2,-0.514071922341
A1MQ635XHTTU2F,F,25,68,28,2,-0.514071922341
A1MQ635XHTTU2F,F,25,69,42,1,-1.166861665
A1MQ635XHTTU2F,F,25,70,30,4,0.791507562969
A1MQ635XHTTU2F,F,25,71,74,5,1.44429730562
A1MQ635XHTTU2F,F,25,72,58,4,0.791507562969
A1MQ635XHTTU2F,F,25,73,67,2,-0.514071922341
A1MQ635XHTTU2F,F,25,74,64,2,-0.514071922341
A1MQ635XHTTU2F,F,25,75,39,1,-1.166861665
A1MQ635XHTTU2F,F,25,76,3,2,-0.514071922341
A1MQ635XHTTU2F,F,25,77,36,1,-1.166861665
A1MQ635XHTTU2F,F,25,78,61,2,-0.514071922341
A1MQ635XHTTU2F,F,25,79,12,2,-0.514071922341
A1MQ635XHTTU2F,F,25,80,15,6,2.09708704828
A2KJ26D02KZKPK,M,55,1,26,6,0.811504340226
A2KJ26D02KZKPK,M,55,2,37,5,0.366844427773
A2KJ26D02KZKPK,M,55,3,80,7,1.25616425268
A2KJ26D02KZKPK,M,55,4,69,7,1.25616425268
A2KJ26D02KZKPK,M,55,5,15,1,-1.41179522204
A2KJ26D02KZKPK,M,55,6,54,4,-0.0778154846792
A2KJ26D02KZKPK,M,55,7,62,7,1.25616425268
A2KJ26D02KZKPK,M,55,8,3,4,-0.0778154846792
A2KJ26D02KZKPK,M,55,9,12,2,-0.967135309585
A2KJ26D02KZKPK,M,55,10,58,7,1.25616425268
A2KJ26D02KZKPK,M,55,11,36,2,-0.967135309585
A2KJ26D02KZKPK,M,55,12,27,5,0.366844427773
A2KJ26D02KZKPK,M,55,13,7,7,1.25616425268
A2KJ26D02KZKPK,M,55,14,43,4,-0.0778154846792
A2KJ26D02KZKPK,M,55,15,67,5,0.366844427773
A2KJ26D02KZKPK,M,55,16,29,2,-0.967135309585
A2KJ26D02KZKPK,M,55,17,22,3,-0.522475397132
A2KJ26D02KZKPK,M,55,18,61,3,-0.522475397132
A2KJ26D02KZKPK,M,55,19,50,7,1.25616425268
A2KJ26D02KZKPK,M,55,20,17,2,-0.967135309585
A2KJ26D02KZKPK,M,55,21,13,3,-0.522475397132
A2KJ26D02KZKPK,M,55,22,23,1,-1.41179522204
A2KJ26D02KZKPK,M,55,23,21,7,1.25616425268
A2KJ26D02KZKPK,M,55,24,25,4,-0.0778154846792
A2KJ26D02KZKPK,M,55,25,52,5,0.366844427773
A2KJ26D02KZKPK,M,55,26,39,1,-1.41179522204
A2KJ26D02KZKPK,M,55,27,8,4,-0.0778154846792
A2KJ26D02KZKPK,M,55,28,74,7,1.25616425268
A2KJ26D02KZKPK,M,55,29,56,7,1.25616425268
A2KJ26D02KZKPK,M,55,30,18,1,-1.41179522204
A2KJ26D02KZKPK,M,55,31,1,5,0.366844427773
A2KJ26D02KZKPK,M,55,32,66,7,1.25616425268
A2KJ26D02KZKPK,M,55,33,51,2,-0.967135309585
A2KJ26D02KZKPK,M,55,34,77,4,-0.0778154846792
A2KJ26D02KZKPK,M,55,35,45,7,1.25616425268
A2KJ26D02KZKPK,M,55,36,38,3,-0.522475397132
A2KJ26D02KZKPK,M,55,37,71,4,-0.0778154846792
A2KJ26D02KZKPK,M,55,38,19,7,1.25616425268
A2KJ26D02KZKPK,M,55,39,70,4,-0.0778154846792
A2KJ26D02KZKPK,M,55,40,32,1,-1.41179522204
A2KJ26D02KZKPK,M,55,41,60,2,-0.967135309585
A2KJ26D02KZKPK,M,55,42,31,7,1.25616425268
A2KJ26D02KZKPK,M,55,43,53,7,1.25616425268
A2KJ26D02KZKPK,M,55,44,5,7,1.25616425268
A2KJ26D02KZKPK,M,55,45,40,4,-0.0778154846792
A2KJ26D02KZKPK,M,55,46,57,2,-0.967135309585
A2KJ26D02KZKPK,M,55,47,9,6,0.811504340226
A2KJ26D02KZKPK,M,55,48,28,1,-1.41179522204
A2KJ26D02KZKPK,M,55,49,16,2,-0.967135309585
A2KJ26D02KZKPK,M,55,50,65,5,0.366844427773
A2KJ26D02KZKPK,M,55,51,47,6,0.811504340226
A2KJ26D02KZKPK,M,55,52,42,5,0.366844427773
A2KJ26D02KZKPK,M,55,53,63,1,-1.41179522204
A2KJ26D02KZKPK,M,55,54,79,7,1.25616425268
A2KJ26D02KZKPK,M,55,55,64,1,-1.41179522204
A2KJ26D02KZKPK,M,55,56,41,1,-1.41179522204
A2KJ26D02KZKPK,M,55,57,78,2,-0.967135309585
A2KJ26D02KZKPK,M,55,58,20,6,0.811504340226
A2KJ26D02KZKPK,M,55,59,75,1,-1.41179522204
A2KJ26D02KZKPK,M,55,60,14,2,-0.967135309585
A2KJ26D02KZKPK,M,55,61,11,4,-0.0778154846792
A2KJ26D02KZKPK,M,55,62,73,6,0.811504340226
A2KJ26D02KZKPK,M,55,63,30,2,-0.967135309585
A2KJ26D02KZKPK,M,55,64,76,3,-0.522475397132
A2KJ26D02KZKPK,M,55,65,6,2,-0.967135309585
A2KJ26D02KZKPK,M,55,66,34,6,0.811504340226
A2KJ26D02KZKPK,M,55,67,49,4,-0.0778154846792
A2KJ26D02KZKPK,M,55,68,24,6,0.811504340226
A2KJ26D02KZKPK,M,55,69,68,2,-0.967135309585
A2KJ26D02KZKPK,M,55,70,44,5,0.366844427773
A2KJ26D02KZKPK,M,55,71,59,7,1.25616425268
A2KJ26D02KZKPK,M,55,72,2,7,1.25616425268
A2KJ26D02KZKPK,M,55,73,35,1,-1.41179522204
A2KJ26D02KZKPK,M,55,74,33,1,-1.41179522204
A2KJ26D02KZKPK,M,55,75,46,7,1.25616425268
A2KJ26D02KZKPK,M,55,76,48,6,0.811504340226
A2KJ26D02KZKPK,M,55,77,72,2,-0.967135309585
A2KJ26D02KZKPK,M,55,78,55,6,0.811504340226
A2KJ26D02KZKPK,M,55,79,10,1,-1.41179522204
A2KJ26D02KZKPK,M,55,80,4,7,1.25616425268
A2VYV7PH4AIG7H,M,17,1,75,5,0.88328180048
A2VYV7PH4AIG7H,M,17,2,20,4,0.162235432741
A2VYV7PH4AIG7H,M,17,3,28,3,-0.558810934997
A2VYV7PH4AIG7H,M,17,4,71,4,0.162235432741
A2VYV7PH4AIG7H,M,17,5,22,2,-1.27985730274
A2VYV7PH4AIG7H,M,17,6,30,4,0.162235432741
A2VYV7PH4AIG7H,M,17,7,11,7,2.32537453596
A2VYV7PH4AIG7H,M,17,8,77,4,0.162235432741
A2VYV7PH4AIG7H,M,17,9,49,3,-0.558810934997
A2VYV7PH4AIG7H,M,17,10,31,7,2.32537453596
A2VYV7PH4AIG7H,M,17,11,73,2,-1.27985730274
A2VYV7PH4AIG7H,M,17,12,24,4,0.162235432741
A2VYV7PH4AIG7H,M,17,13,19,5,0.88328180048
A2VYV7PH4AIG7H,M,17,14,23,3,-0.558810934997
A2VYV7PH4AIG7H,M,17,15,27,5,0.88328180048
A2VYV7PH4AIG7H,M,17,16,14,3,-0.558810934997
A2VYV7PH4AIG7H,M,17,17,59,5,0.88328180048
A2VYV7PH4AIG7H,M,17,18,12,5,0.88328180048
A2VYV7PH4AIG7H,M,17,19,32,5,0.88328180048
A2VYV7PH4AIG7H,M,17,20,78,3,-0.558810934997
A2VYV7PH4AIG7H,M,17,21,15,5,0.88328180048
A2VYV7PH4AIG7H,M,17,22,47,3,-0.558810934997
A2VYV7PH4AIG7H,M,17,23,21,5,0.88328180048
A2VYV7PH4AIG7H,M,17,24,80,2,-1.27985730274
A2VYV7PH4AIG7H,M,17,25,68,3,-0.558810934997
A2VYV7PH4AIG7H,M,17,26,10,4,0.162235432741
A2VYV7PH4AIG7H,M,17,27,40,4,0.162235432741
A2VYV7PH4AIG7H,M,17,28,39,3,-0.558810934997
A2VYV7PH4AIG7H,M,17,29,60,7,2.32537453596
A2VYV7PH4AIG7H,M,17,30,55,3,-0.558810934997
A2VYV7PH4AIG7H,M,17,31,38,2,-1.27985730274
A2VYV7PH4AIG7H,M,17,32,57,3,-0.558810934997
A2VYV7PH4AIG7H,M,17,33,45,4,0.162235432741
A2VYV7PH4AIG7H,M,17,34,74,4,0.162235432741
A2VYV7PH4AIG7H,M,17,35,36,5,0.88328180048
A2VYV7PH4AIG7H,M,17,36,34,4,0.162235432741
A2VYV7PH4AIG7H,M,17,37,16,2,-1.27985730274
A2VYV7PH4AIG7H,M,17,38,66,3,-0.558810934997
A2VYV7PH4AIG7H,M,17,39,79,3,-0.558810934997
A2VYV7PH4AIG7H,M,17,40,51,1,-2.00090367047
A2VYV7PH4AIG7H,M,17,41,6,4,0.162235432741
A2VYV7PH4AIG7H,M,17,42,8,6,1.60432816822
A2VYV7PH4AIG7H,M,17,43,62,3,-0.558810934997
A2VYV7PH4AIG7H,M,17,44,43,3,-0.558810934997
A2VYV7PH4AIG7H,M,17,45,1,2,-1.27985730274
A2VYV7PH4AIG7H,M,17,46,54,2,-1.27985730274
A2VYV7PH4AIG7H,M,17,47,61,3,-0.558810934997
A2VYV7PH4AIG7H,M,17,48,29,3,-0.558810934997
A2VYV7PH4AIG7H,M,17,49,70,2,-1.27985730274
A2VYV7PH4AIG7H,M,17,50,37,5,0.88328180048
A2VYV7PH4AIG7H,M,17,51,13,6,1.60432816822
A2VYV7PH4AIG7H,M,17,52,18,4,0.162235432741
A2VYV7PH4AIG7H,M,17,53,4,6,1.60432816822
A2VYV7PH4AIG7H,M,17,54,5,6,1.60432816822
A2VYV7PH4AIG7H,M,17,55,76,2,-1.27985730274
A2VYV7PH4AIG7H,M,17,56,50,3,-0.558810934997
A2VYV7PH4AIG7H,M,17,57,44,3,-0.558810934997
A2VYV7PH4AIG7H,M,17,58,17,6,1.60432816822
A2VYV7PH4AIG7H,M,17,59,53,2,-1.27985730274
A2VYV7PH4AIG7H,M,17,60,35,2,-1.27985730274
A2VYV7PH4AIG7H,M,17,61,41,5,0.88328180048
A2VYV7PH4AIG7H,M,17,62,26,5,0.88328180048
A2VYV7PH4AIG7H,M,17,63,25,5,0.88328180048
A2VYV7PH4AIG7H,M,17,64,65,4,0.162235432741
A2VYV7PH4AIG7H,M,17,65,56,3,-0.558810934997
A2VYV7PH4AIG7H,M,17,66,63,3,-0.558810934997
A2VYV7PH4AIG7H,M,17,67,48,3,-0.558810934997
A2VYV7PH4AIG7H,M,17,68,67,3,-0.558810934997
A2VYV7PH4AIG7H,M,17,69,52,3,-0.558810934997
A2VYV7PH4AIG7H,M,17,70,2,3,-0.558810934997
A2VYV7PH4AIG7H,M,17,71,64,6,1.60432816822
A2VYV7PH4AIG7H,M,17,72,58,6,1.60432816822
A2VYV7PH4AIG7H,M,17,73,9,2,-1.27985730274
A2VYV7PH4AIG7H,M,17,74,7,5,0.88328180048
A2VYV7PH4AIG7H,M,17,75,72,3,-0.558810934997
A2VYV7PH4AIG7H,M,17,76,69,3,-0.558810934997
A2VYV7PH4AIG7H,M,17,77,3,3,-0.558810934997
A2VYV7PH4AIG7H,M,17,78,42,3,-0.558810934997
A2VYV7PH4AIG7H,M,17,79,46,3,-0.558810934997
A2VYV7PH4AIG7H,M,17,80,33,5,0.88328180048
AF4I4MU6TLJGQ,M,25,1,12,2,-0.258017506592
AF4I4MU6TLJGQ,M,25,2,21,2,-0.258017506592
AF4I4MU6TLJGQ,M,25,3,68,2,-0.258017506592
AF4I4MU6TLJGQ,M,25,4,15,2,-0.258017506592
AF4I4MU6TLJGQ,M,25,5,75,2,-0.258017506592
AF4I4MU6TLJGQ,M,25,6,1,4,1.46209920402
AF4I4MU6TLJGQ,M,25,7,47,3,0.602040848714
AF4I4MU6TLJGQ,M,25,8,60,1,-1.1180758619
AF4I4MU6TLJGQ,M,25,9,34,1,-1.1180758619
AF4I4MU6TLJGQ,M,25,10,40,1,-1.1180758619
AF4I4MU6TLJGQ,M,25,11,7,3,0.602040848714
AF4I4MU6TLJGQ,M,25,12,45,6,3.18221591463
AF4I4MU6TLJGQ,M,25,13,19,6,3.18221591463
AF4I4MU6TLJGQ,M,25,14,65,2,-0.258017506592
AF4I4MU6TLJGQ,M,25,15,49,2,-0.258017506592
AF4I4MU6TLJGQ,M,25,16,4,1,-1.1180758619
AF4I4MU6TLJGQ,M,25,17,54,2,-0.258017506592
AF4I4MU6TLJGQ,M,25,18,53,2,-0.258017506592
AF4I4MU6TLJGQ,M,25,19,44,2,-0.258017506592
AF4I4MU6TLJGQ,M,25,20,73,2,-0.258017506592
AF4I4MU6TLJGQ,M,25,21,32,2,-0.258017506592
AF4I4MU6TLJGQ,M,25,22,25,2,-0.258017506592
AF4I4MU6TLJGQ,M,25,23,74,2,-0.258017506592
AF4I4MU6TLJGQ,M,25,24,46,3,0.602040848714
AF4I4MU6TLJGQ,M,25,25,41,2,-0.258017506592
AF4I4MU6TLJGQ,M,25,26,38,2,-0.258017506592
AF4I4MU6TLJGQ,M,25,27,70,3,0.602040848714
AF4I4MU6TLJGQ,M,25,28,17,2,-0.258017506592
AF4I4MU6TLJGQ,M,25,29,24,7,4.04227426994
AF4I4MU6TLJGQ,M,25,30,16,3,0.602040848714
AF4I4MU6TLJGQ,M,25,31,48,1,-1.1180758619
AF4I4MU6TLJGQ,M,25,32,18,3,0.602040848714
AF4I4MU6TLJGQ,M,25,33,29,4,1.46209920402
AF4I4MU6TLJGQ,M,25,34,64,2,-0.258017506592
AF4I4MU6TLJGQ,M,25,35,27,2,-0.258017506592
AF4I4MU6TLJGQ,M,25,36,26,2,-0.258017506592
AF4I4MU6TLJGQ,M,25,37,43,2,-0.258017506592
AF4I4MU6TLJGQ,M,25,38,66,2,-0.258017506592
AF4I4MU6TLJGQ,M,25,39,78,3,0.602040848714
AF4I4MU6TLJGQ,M,25,40,36,2,-0.258017506592
AF4I4MU6TLJGQ,M,25,41,42,2,-0.258017506592
AF4I4MU6TLJGQ,M,25,42,55,2,-0.258017506592
AF4I4MU6TLJGQ,M,25,43,57,3,0.602040848714
AF4I4MU6TLJGQ,M,25,44,72,3,0.602040848714
AF4I4MU6TLJGQ,M,25,45,76,2,-0.258017506592
AF4I4MU6TLJGQ,M,25,46,63,2,-0.258017506592
AF4I4MU6TLJGQ,M,25,47,58,2,-0.258017506592
AF4I4MU6TLJGQ,M,25,48,79,2,-0.258017506592
AF4I4MU6TLJGQ,M,25,49,61,2,-0.258017506592
AF4I4MU6TLJGQ,M,25,50,5,4,1.46209920402
AF4I4MU6TLJGQ,M,25,51,80,2,-0.258017506592
AF4I4MU6TLJGQ,M,25,52,33,3,0.602040848714
AF4I4MU6TLJGQ,M,25,53,10,1,-1.1180758619
AF4I4MU6TLJGQ,M,25,54,3,2,-0.258017506592
AF4I4MU6TLJGQ,M,25,55,30,3,0.602040848714
AF4I4MU6TLJGQ,M,25,56,11,2,-0.258017506592
AF4I4MU6TLJGQ,M,25,57,8,3,0.602040848714
AF4I4MU6TLJGQ,M,25,58,13,1,-1.1180758619
AF4I4MU6TLJGQ,M,25,59,31,2,-0.258017506592
AF4I4MU6TLJGQ,M,25,60,62,2,-0.258017506592
AF4I4MU6TLJGQ,M,25,61,20,3,0.602040848714
AF4I4MU6TLJGQ,M,25,62,67,2,-0.258017506592
AF4I4MU6TLJGQ,M,25,63,22,2,-0.258017506592
AF4I4MU6TLJGQ,M,25,64,51,1,-1.1180758619
AF4I4MU6TLJGQ,M,25,65,9,1,-1.1180758619
AF4I4MU6TLJGQ,M,25,66,6,2,-0.258017506592
AF4I4MU6TLJGQ,M,25,67,23,2,-0.258017506592
AF4I4MU6TLJGQ,M,25,68,2,2,-0.258017506592
AF4I4MU6TLJGQ,M,25,69,50,1,-1.1180758619
AF4I4MU6TLJGQ,M,25,70,77,3,0.602040848714
AF4I4MU6TLJGQ,M,25,71,52,6,3.18221591463
AF4I4MU6TLJGQ,M,25,72,71,3,0.602040848714
AF4I4MU6TLJGQ,M,25,73,69,1,-1.1180758619
AF4I4MU6TLJGQ,M,25,74,28,2,-0.258017506592
AF4I4MU6TLJGQ,M,25,75,37,1,-1.1180758619
AF4I4MU6TLJGQ,M,25,76,35,2,-0.258017506592
AF4I4MU6TLJGQ,M,25,77,14,1,-1.1180758619
AF4I4MU6TLJGQ,M,25,78,56,1,-1.1180758619
AF4I4MU6TLJGQ,M,25,79,39,2,-0.258017506592
AF4I4MU6TLJGQ,M,25,80,59,2,-0.258017506592
A3UOK7WMVFVHHE,M,25,1,51,4,0.0724966607441
A3UOK7WMVFVHHE,M,25,2,80,5,0.555807732371
A3UOK7WMVFVHHE,M,25,3,65,5,0.555807732371
A3UOK7WMVFVHHE,M,25,4,5,4,0.0724966607441
A3UOK7WMVFVHHE,M,25,5,41,2,-0.89412548251
A3UOK7WMVFVHHE,M,25,6,52,5,0.555807732371
A3UOK7WMVFVHHE,M,25,7,12,4,0.0724966607441
A3UOK7WMVFVHHE,M,25,8,55,5,0.555807732371
A3UOK7WMVFVHHE,M,25,9,62,1,-1.37743655414
A3UOK7WMVFVHHE,M,25,10,17,5,0.555807732371
A3UOK7WMVFVHHE,M,25,11,29,1,-1.37743655414
A3UOK7WMVFVHHE,M,25,12,74,2,-0.89412548251
A3UOK7WMVFVHHE,M,25,13,23,2,-0.89412548251
A3UOK7WMVFVHHE,M,25,14,61,7,1.52242987563
A3UOK7WMVFVHHE,M,25,15,14,5,0.555807732371
A3UOK7WMVFVHHE,M,25,16,9,1,-1.37743655414
A3UOK7WMVFVHHE,M,25,17,33,6,1.039118804
A3UOK7WMVFVHHE,M,25,18,71,5,0.555807732371
A3UOK7WMVFVHHE,M,25,19,66,7,1.52242987563
A3UOK7WMVFVHHE,M,25,20,77,7,1.52242987563
A3UOK7WMVFVHHE,M,25,21,16,4,0.0724966607441
A3UOK7WMVFVHHE,M,25,22,63,1,-1.37743655414
A3UOK7WMVFVHHE,M,25,23,28,1,-1.37743655414
A3UOK7WMVFVHHE,M,25,24,76,1,-1.37743655414
A3UOK7WMVFVHHE,M,25,25,3,2,-0.89412548251
A3UOK7WMVFVHHE,M,25,26,59,7,1.52242987563
A3UOK7WMVFVHHE,M,25,27,36,4,0.0724966607441
A3UOK7WMVFVHHE,M,25,28,39,5,0.555807732371
A3UOK7WMVFVHHE,M,25,29,34,6,1.039118804
A3UOK7WMVFVHHE,M,25,30,22,3,-0.410814410883
A3UOK7WMVFVHHE,M,25,31,45,1,-1.37743655414
A3UOK7WMVFVHHE,M,25,32,2,3,-0.410814410883
A3UOK7WMVFVHHE,M,25,33,1,2,-0.89412548251
A3UOK7WMVFVHHE,M,25,34,64,5,0.555807732371
A3UOK7WMVFVHHE,M,25,35,32,5,0.555807732371
A3UOK7WMVFVHHE,M,25,36,18,6,1.039118804
A3UOK7WMVFVHHE,M,25,37,50,7,1.52242987563
A3UOK7WMVFVHHE,M,25,38,26,4,0.0724966607441
A3UOK7WMVFVHHE,M,25,39,37,6,1.039118804
A3UOK7WMVFVHHE,M,25,40,44,1,-1.37743655414
A3UOK7WMVFVHHE,M,25,41,21,4,0.0724966607441
A3UOK7WMVFVHHE,M,25,42,38,6,1.039118804
A3UOK7WMVFVHHE,M,25,43,40,6,1.039118804
A3UOK7WMVFVHHE,M,25,44,10,1,-1.37743655414
A3UOK7WMVFVHHE,M,25,45,56,3,-0.410814410883
A3UOK7WMVFVHHE,M,25,46,57,2,-0.89412548251
A3UOK7WMVFVHHE,M,25,47,69,5,0.555807732371
A3UOK7WMVFVHHE,M,25,48,24,1,-1.37743655414
A3UOK7WMVFVHHE,M,25,49,53,6,1.039118804
A3UOK7WMVFVHHE,M,25,50,72,6,1.039118804
A3UOK7WMVFVHHE,M,25,51,35,6,1.039118804
A3UOK7WMVFVHHE,M,25,52,31,4,0.0724966607441
A3UOK7WMVFVHHE,M,25,53,6,1,-1.37743655414
A3UOK7WMVFVHHE,M,25,54,20,4,0.0724966607441
A3UOK7WMVFVHHE,M,25,55,75,1,-1.37743655414
A3UOK7WMVFVHHE,M,25,56,30,3,-0.410814410883
A3UOK7WMVFVHHE,M,25,57,60,4,0.0724966607441
A3UOK7WMVFVHHE,M,25,58,48,6,1.039118804
A3UOK7WMVFVHHE,M,25,59,68,2,-0.89412548251
A3UOK7WMVFVHHE,M,25,60,79,1,-1.37743655414
A3UOK7WMVFVHHE,M,25,61,70,2,-0.89412548251
A3UOK7WMVFVHHE,M,25,62,46,1,-1.37743655414
A3UOK7WMVFVHHE,M,25,63,42,5,0.555807732371
A3UOK7WMVFVHHE,M,25,64,19,2,-0.89412548251
A3UOK7WMVFVHHE,M,25,65,8,1,-1.37743655414
A3UOK7WMVFVHHE,M,25,66,47,6,1.039118804
A3UOK7WMVFVHHE,M,25,67,7,2,-0.89412548251
A3UOK7WMVFVHHE,M,25,68,43,6,1.039118804
A3UOK7WMVFVHHE,M,25,69,13,5,0.555807732371
A3UOK7WMVFVHHE,M,25,70,54,7,1.52242987563
A3UOK7WMVFVHHE,M,25,71,11,6,1.039118804
A3UOK7WMVFVHHE,M,25,72,49,7,1.52242987563
A3UOK7WMVFVHHE,M,25,73,58,2,-0.89412548251
A3UOK7WMVFVHHE,M,25,74,15,6,1.039118804
A3UOK7WMVFVHHE,M,25,75,78,6,1.039118804
A3UOK7WMVFVHHE,M,25,76,4,1,-1.37743655414
A3UOK7WMVFVHHE,M,25,77,73,6,1.039118804
A3UOK7WMVFVHHE,M,25,78,67,2,-0.89412548251
A3UOK7WMVFVHHE,M,25,79,27,2,-0.89412548251
A3UOK7WMVFVHHE,M,25,80,25,4,0.0724966607441
A283UHWJGPZ9Z9,F,35,1,5,7,1.3919704546
A283UHWJGPZ9Z9,F,35,2,38,4,-0.261855828094
A283UHWJGPZ9Z9,F,35,3,22,6,0.840695027038
A283UHWJGPZ9Z9,F,35,4,25,6,0.840695027038
A283UHWJGPZ9Z9,F,35,5,2,5,0.289419599472
A283UHWJGPZ9Z9,F,35,6,44,1,-1.91568211079
A283UHWJGPZ9Z9,F,35,7,43,7,1.3919704546
A283UHWJGPZ9Z9,F,35,8,36,5,0.289419599472
A283UHWJGPZ9Z9,F,35,9,27,4,-0.261855828094
A283UHWJGPZ9Z9,F,35,10,8,7,1.3919704546
A283UHWJGPZ9Z9,F,35,11,59,3,-0.81313125566
A283UHWJGPZ9Z9,F,35,12,78,6,0.840695027038
A283UHWJGPZ9Z9,F,35,13,23,7,1.3919704546
A283UHWJGPZ9Z9,F,35,14,76,5,0.289419599472
A283UHWJGPZ9Z9,F,35,15,14,4,-0.261855828094
A283UHWJGPZ9Z9,F,35,16,61,4,-0.261855828094
A283UHWJGPZ9Z9,F,35,17,7,5,0.289419599472
A283UHWJGPZ9Z9,F,35,18,35,6,0.840695027038
A283UHWJGPZ9Z9,F,35,19,68,6,0.840695027038
A283UHWJGPZ9Z9,F,35,20,79,4,-0.261855828094
A283UHWJGPZ9Z9,F,35,21,32,3,-0.81313125566
A283UHWJGPZ9Z9,F,35,22,17,2,-1.36440668323
A283UHWJGPZ9Z9,F,35,23,19,6,0.840695027038
A283UHWJGPZ9Z9,F,35,24,73,5,0.289419599472
A283UHWJGPZ9Z9,F,35,25,65,4,-0.261855828094
A283UHWJGPZ9Z9,F,35,26,10,3,-0.81313125566
A283UHWJGPZ9Z9,F,35,27,42,4,-0.261855828094
A283UHWJGPZ9Z9,F,35,28,62,6,0.840695027038
A283UHWJGPZ9Z9,F,35,29,12,7,1.3919704546
A283UHWJGPZ9Z9,F,35,30,40,5,0.289419599472
A283UHWJGPZ9Z9,F,35,31,66,3,-0.81313125566
A283UHWJGPZ9Z9,F,35,32,74,7,1.3919704546
A283UHWJGPZ9Z9,F,35,33,64,4,-0.261855828094
A283UHWJGPZ9Z9,F,35,34,24,3,-0.81313125566
A283UHWJGPZ9Z9,F,35,35,34,7,1.3919704546
A283UHWJGPZ9Z9,F,35,36,77,2,-1.36440668323
A283UHWJGPZ9Z9,F,35,37,31,4,-0.261855828094
A283UHWJGPZ9Z9,F,35,38,70,7,1.3919704546
A283UHWJGPZ9Z9,F,35,39,37,6,0.840695027038
A283UHWJGPZ9Z9,F,35,40,72,1,-1.91568211079
A283UHWJGPZ9Z9,F,35,41,29,2,-1.36440668323
A283UHWJGPZ9Z9,F,35,42,53,7,1.3919704546
A283UHWJGPZ9Z9,F,35,43,56,3,-0.81313125566
A283UHWJGPZ9Z9,F,35,44,39,7,1.3919704546
A283UHWJGPZ9Z9,F,35,45,16,3,-0.81313125566
A283UHWJGPZ9Z9,F,35,46,54,6,0.840695027038
A283UHWJGPZ9Z9,F,35,47,26,5,0.289419599472
A283UHWJGPZ9Z9,F,35,48,13,4,-0.261855828094
A283UHWJGPZ9Z9,F,35,49,41,2,-1.36440668323
A283UHWJGPZ9Z9,F,35,50,20,5,0.289419599472
A283UHWJGPZ9Z9,F,35,51,57,7,1.3919704546
A283UHWJGPZ9Z9,F,35,52,58,5,0.289419599472
A283UHWJGPZ9Z9,F,35,53,30,3,-0.81313125566
A283UHWJGPZ9Z9,F,35,54,9,6,0.840695027038
A283UHWJGPZ9Z9,F,35,55,50,1,-1.91568211079
A283UHWJGPZ9Z9,F,35,56,33,5,0.289419599472
A283UHWJGPZ9Z9,F,35,57,1,3,-0.81313125566
A283UHWJGPZ9Z9,F,35,58,3,7,1.3919704546
A283UHWJGPZ9Z9,F,35,59,75,3,-0.81313125566
A283UHWJGPZ9Z9,F,35,60,48,3,-0.81313125566
A283UHWJGPZ9Z9,F,35,61,6,4,-0.261855828094
A283UHWJGPZ9Z9,F,35,62,15,2,-1.36440668323
A283UHWJGPZ9Z9,F,35,63,80,3,-0.81313125566
A283UHWJGPZ9Z9,F,35,64,28,3,-0.81313125566
A283UHWJGPZ9Z9,F,35,65,45,2,-1.36440668323
A283UHWJGPZ9Z9,F,35,66,51,3,-0.81313125566
A283UHWJGPZ9Z9,F,35,67,69,2,-1.36440668323
A283UHWJGPZ9Z9,F,35,68,49,5,0.289419599472
A283UHWJGPZ9Z9,F,35,69,4,6,0.840695027038
A283UHWJGPZ9Z9,F,35,70,46,2,-1.36440668323
A283UHWJGPZ9Z9,F,35,71,63,7,1.3919704546
A283UHWJGPZ9Z9,F,35,72,18,7,1.3919704546
A283UHWJGPZ9Z9,F,35,73,71,1,-1.91568211079
A283UHWJGPZ9Z9,F,35,74,52,6,0.840695027038
A283UHWJGPZ9Z9,F,35,75,60,5,0.289419599472
A283UHWJGPZ9Z9,F,35,76,11,4,-0.261855828094
A283UHWJGPZ9Z9,F,35,77,21,4,-0.261855828094
A283UHWJGPZ9Z9,F,35,78,67,3,-0.81313125566
A283UHWJGPZ9Z9,F,35,79,47,4,-0.261855828094
A283UHWJGPZ9Z9,F,35,80,55,7,1.3919704546
AEKCK3L7OKCY9,M,35,1,23,7,1.47872172334
AEKCK3L7OKCY9,M,35,2,9,5,0.599184638824
AEKCK3L7OKCY9,M,35,3,51,1,-1.1598895302
AEKCK3L7OKCY9,M,35,4,77,5,0.599184638824
AEKCK3L7OKCY9,M,35,5,76,4,0.159416096568
AEKCK3L7OKCY9,M,35,6,73,5,0.599184638824
AEKCK3L7OKCY9,M,35,7,13,7,1.47872172334
AEKCK3L7OKCY9,M,35,8,39,4,0.159416096568
AEKCK3L7OKCY9,M,35,9,64,3,-0.280352445688
AEKCK3L7OKCY9,M,35,10,29,7,1.47872172334
AEKCK3L7OKCY9,M,35,11,44,1,-1.1598895302
AEKCK3L7OKCY9,M,35,12,30,6,1.03895318108
AEKCK3L7OKCY9,M,35,13,10,1,-1.1598895302
AEKCK3L7OKCY9,M,35,14,24,6,1.03895318108
AEKCK3L7OKCY9,M,35,15,3,3,-0.280352445688
AEKCK3L7OKCY9,M,35,16,55,1,-1.1598895302
AEKCK3L7OKCY9,M,35,17,46,6,1.03895318108
AEKCK3L7OKCY9,M,35,18,42,1,-1.1598895302
AEKCK3L7OKCY9,M,35,19,56,3,-0.280352445688
AEKCK3L7OKCY9,M,35,20,54,1,-1.1598895302
AEKCK3L7OKCY9,M,35,21,34,7,1.47872172334
AEKCK3L7OKCY9,M,35,22,71,1,-1.1598895302
AEKCK3L7OKCY9,M,35,23,37,5,0.599184638824
AEKCK3L7OKCY9,M,35,24,32,4,0.159416096568
AEKCK3L7OKCY9,M,35,25,66,4,0.159416096568
AEKCK3L7OKCY9,M,35,26,74,1,-1.1598895302
AEKCK3L7OKCY9,M,35,27,22,5,0.599184638824
AEKCK3L7OKCY9,M,35,28,50,1,-1.1598895302
AEKCK3L7OKCY9,M,35,29,11,7,1.47872172334
AEKCK3L7OKCY9,M,35,30,75,1,-1.1598895302
AEKCK3L7OKCY9,M,35,31,38,1,-1.1598895302
AEKCK3L7OKCY9,M,35,32,27,3,-0.280352445688
AEKCK3L7OKCY9,M,35,33,43,1,-1.1598895302
AEKCK3L7OKCY9,M,35,34,18,6,1.03895318108
AEKCK3L7OKCY9,M,35,35,7,7,1.47872172334
AEKCK3L7OKCY9,M,35,36,4,3,-0.280352445688
AEKCK3L7OKCY9,M,35,37,8,4,0.159416096568
AEKCK3L7OKCY9,M,35,38,80,7,1.47872172334
AEKCK3L7OKCY9,M,35,39,62,7,1.47872172334
AEKCK3L7OKCY9,M,35,40,78,1,-1.1598895302
AEKCK3L7OKCY9,M,35,41,33,6,1.03895318108
AEKCK3L7OKCY9,M,35,42,72,1,-1.1598895302
AEKCK3L7OKCY9,M,35,43,58,1,-1.1598895302
AEKCK3L7OKCY9,M,35,44,69,5,0.599184638824
AEKCK3L7OKCY9,M,35,45,16,4,0.159416096568
AEKCK3L7OKCY9,M,35,46,57,1,-1.1598895302
AEKCK3L7OKCY9,M,35,47,65,1,-1.1598895302
AEKCK3L7OKCY9,M,35,48,20,4,0.159416096568
AEKCK3L7OKCY9,M,35,49,79,1,-1.1598895302
AEKCK3L7OKCY9,M,35,50,12,6,1.03895318108
AEKCK3L7OKCY9,M,35,51,60,4,0.159416096568
AEKCK3L7OKCY9,M,35,52,19,5,0.599184638824
AEKCK3L7OKCY9,M,35,53,47,1,-1.1598895302
AEKCK3L7OKCY9,M,35,54,70,5,0.599184638824
AEKCK3L7OKCY9,M,35,55,53,1,-1.1598895302
AEKCK3L7OKCY9,M,35,56,59,1,-1.1598895302
AEKCK3L7OKCY9,M,35,57,28,1,-1.1598895302
AEKCK3L7OKCY9,M,35,58,6,5,0.599184638824
AEKCK3L7OKCY9,M,35,59,5,1,-1.1598895302
AEKCK3L7OKCY9,M,35,60,25,1,-1.1598895302
AEKCK3L7OKCY9,M,35,61,40,4,0.159416096568
AEKCK3L7OKCY9,M,35,62,52,1,-1.1598895302
AEKCK3L7OKCY9,M,35,63,36,5,0.599184638824
AEKCK3L7OKCY9,M,35,64,21,6,1.03895318108
AEKCK3L7OKCY9,M,35,65,48,1,-1.1598895302
AEKCK3L7OKCY9,M,35,66,67,3,-0.280352445688
AEKCK3L7OKCY9,M,35,67,14,7,1.47872172334
AEKCK3L7OKCY9,M,35,68,15,5,0.599184638824
AEKCK3L7OKCY9,M,35,69,17,6,1.03895318108
AEKCK3L7OKCY9,M,35,70,31,1,-1.1598895302
AEKCK3L7OKCY9,M,35,71,45,6,1.03895318108
AEKCK3L7OKCY9,M,35,72,35,5,0.599184638824
AEKCK3L7OKCY9,M,35,73,61,1,-1.1598895302
AEKCK3L7OKCY9,M,35,74,2,7,1.47872172334
AEKCK3L7OKCY9,M,35,75,63,4,0.159416096568
AEKCK3L7OKCY9,M,35,76,41,7,1.47872172334
AEKCK3L7OKCY9,M,35,77,68,3,-0.280352445688
AEKCK3L7OKCY9,M,35,78,26,1,-1.1598895302
AEKCK3L7OKCY9,M,35,79,1,6,1.03895318108
AEKCK3L7OKCY9,M,35,80,49,4,0.159416096568
AWSZ9M8BMW17K,M,45,1,35,5,0.900411614789
AWSZ9M8BMW17K,M,45,2,40,2,-0.665521628323
AWSZ9M8BMW17K,M,45,3,7,2,-0.665521628323
AWSZ9M8BMW17K,M,45,4,38,6,1.42238936249
AWSZ9M8BMW17K,M,45,5,74,4,0.378433867085
AWSZ9M8BMW17K,M,45,6,67,2,-0.665521628323
AWSZ9M8BMW17K,M,45,7,29,7,1.9443671102
AWSZ9M8BMW17K,M,45,8,77,4,0.378433867085
AWSZ9M8BMW17K,M,45,9,71,5,0.900411614789
AWSZ9M8BMW17K,M,45,10,1,6,1.42238936249
AWSZ9M8BMW17K,M,45,11,70,3,-0.143543880619
AWSZ9M8BMW17K,M,45,12,73,6,1.42238936249
AWSZ9M8BMW17K,M,45,13,51,7,1.9443671102
AWSZ9M8BMW17K,M,45,14,57,5,0.900411614789
AWSZ9M8BMW17K,M,45,15,39,5,0.900411614789
AWSZ9M8BMW17K,M,45,16,55,1,-1.18749937603
AWSZ9M8BMW17K,M,45,17,64,5,0.900411614789
AWSZ9M8BMW17K,M,45,18,32,3,-0.143543880619
AWSZ9M8BMW17K,M,45,19,33,6,1.42238936249
AWSZ9M8BMW17K,M,45,20,62,3,-0.143543880619
AWSZ9M8BMW17K,M,45,21,36,3,-0.143543880619
AWSZ9M8BMW17K,M,45,22,48,2,-0.665521628323
AWSZ9M8BMW17K,M,45,23,66,3,-0.143543880619
AWSZ9M8BMW17K,M,45,24,68,3,-0.143543880619
AWSZ9M8BMW17K,M,45,25,21,1,-1.18749937603
AWSZ9M8BMW17K,M,45,26,22,2,-0.665521628323
AWSZ9M8BMW17K,M,45,27,3,3,-0.143543880619
AWSZ9M8BMW17K,M,45,28,61,3,-0.143543880619
AWSZ9M8BMW17K,M,45,29,72,2,-0.665521628323
AWSZ9M8BMW17K,M,45,30,78,3,-0.143543880619
AWSZ9M8BMW17K,M,45,31,65,1,-1.18749937603
AWSZ9M8BMW17K,M,45,32,17,7,1.9443671102
AWSZ9M8BMW17K,M,45,33,75,5,0.900411614789
AWSZ9M8BMW17K,M,45,34,79,2,-0.665521628323
AWSZ9M8BMW17K,M,45,35,8,6,1.42238936249
AWSZ9M8BMW17K,M,45,36,43,3,-0.143543880619
AWSZ9M8BMW17K,M,45,37,49,3,-0.143543880619
AWSZ9M8BMW17K,M,45,38,12,4,0.378433867085
AWSZ9M8BMW17K,M,45,39,24,3,-0.143543880619
AWSZ9M8BMW17K,M,45,40,26,1,-1.18749937603
AWSZ9M8BMW17K,M,45,41,37,2,-0.665521628323
AWSZ9M8BMW17K,M,45,42,2,3,-0.143543880619
AWSZ9M8BMW17K,M,45,43,76,3,-0.143543880619
AWSZ9M8BMW17K,M,45,44,56,4,0.378433867085
AWSZ9M8BMW17K,M,45,45,15,3,-0.143543880619
AWSZ9M8BMW17K,M,45,46,52,3,-0.143543880619
AWSZ9M8BMW17K,M,45,47,10,2,-0.665521628323
AWSZ9M8BMW17K,M,45,48,28,1,-1.18749937603
AWSZ9M8BMW17K,M,45,49,31,1,-1.18749937603
AWSZ9M8BMW17K,M,45,50,16,6,1.42238936249
AWSZ9M8BMW17K,M,45,51,9,2,-0.665521628323
AWSZ9M8BMW17K,M,45,52,27,3,-0.143543880619
AWSZ9M8BMW17K,M,45,53,58,2,-0.665521628323
AWSZ9M8BMW17K,M,45,54,20,2,-0.665521628323
AWSZ9M8BMW17K,M,45,55,53,1,-1.18749937603
AWSZ9M8BMW17K,M,45,56,34,2,-0.665521628323
AWSZ9M8BMW17K,M,45,57,80,4,0.378433867085
AWSZ9M8BMW17K,M,45,58,41,1,-1.18749937603
AWSZ9M8BMW17K,M,45,59,47,2,-0.665521628323
AWSZ9M8BMW17K,M,45,60,45,2,-0.665521628323
AWSZ9M8BMW17K,M,45,61,63,4,0.378433867085
AWSZ9M8BMW17K,M,45,62,4,7,1.9443671102
AWSZ9M8BMW17K,M,45,63,13,1,-1.18749937603
AWSZ9M8BMW17K,M,45,64,23,1,-1.18749937603
AWSZ9M8BMW17K,M,45,65,59,1,-1.18749937603
AWSZ9M8BMW17K,M,45,66,50,5,0.900411614789
AWSZ9M8BMW17K,M,45,67,11,1,-1.18749937603
AWSZ9M8BMW17K,M,45,68,25,5,0.900411614789
AWSZ9M8BMW17K,M,45,69,30,1,-1.18749937603
AWSZ9M8BMW17K,M,45,70,14,2,-0.665521628323
AWSZ9M8BMW17K,M,45,71,54,7,1.9443671102
AWSZ9M8BMW17K,M,45,72,19,7,1.9443671102
AWSZ9M8BMW17K,M,45,73,60,1,-1.18749937603
AWSZ9M8BMW17K,M,45,74,46,3,-0.143543880619
AWSZ9M8BMW17K,M,45,75,69,5,0.900411614789
AWSZ9M8BMW17K,M,45,76,18,5,0.900411614789
AWSZ9M8BMW17K,M,45,77,6,1,-1.18749937603
AWSZ9M8BMW17K,M,45,78,44,1,-1.18749937603
AWSZ9M8BMW17K,M,45,79,42,1,-1.18749937603
AWSZ9M8BMW17K,M,45,80,5,7,1.9443671102
A1W0LUKNI2MRI2,M,45,1,32,3,0.066110914814
A1W0LUKNI2MRI2,M,45,2,76,4,0.821664226973
A1W0LUKNI2MRI2,M,45,3,51,2,-0.689442397346
A1W0LUKNI2MRI2,M,45,4,78,2,-0.689442397346
A1W0LUKNI2MRI2,M,45,5,61,4,0.821664226973
A1W0LUKNI2MRI2,M,45,6,73,2,-0.689442397346
A1W0LUKNI2MRI2,M,45,7,21,7,3.08832416345
A1W0LUKNI2MRI2,M,45,8,47,5,1.57721753913
A1W0LUKNI2MRI2,M,45,9,19,5,1.57721753913
A1W0LUKNI2MRI2,M,45,10,8,6,2.33277085129
A1W0LUKNI2MRI2,M,45,11,15,2,-0.689442397346
A1W0LUKNI2MRI2,M,45,12,68,3,0.066110914814
A1W0LUKNI2MRI2,M,45,13,25,5,1.57721753913
A1W0LUKNI2MRI2,M,45,14,64,3,0.066110914814
A1W0LUKNI2MRI2,M,45,15,36,2,-0.689442397346
A1W0LUKNI2MRI2,M,45,16,18,1,-1.4449957095
A1W0LUKNI2MRI2,M,45,17,67,3,0.066110914814
A1W0LUKNI2MRI2,M,45,18,39,2,-0.689442397346
A1W0LUKNI2MRI2,M,45,19,40,4,0.821664226973
A1W0LUKNI2MRI2,M,45,20,50,3,0.066110914814
A1W0LUKNI2MRI2,M,45,21,27,2,-0.689442397346
A1W0LUKNI2MRI2,M,45,22,42,2,-0.689442397346
A1W0LUKNI2MRI2,M,45,23,49,3,0.066110914814
A1W0LUKNI2MRI2,M,45,24,65,2,-0.689442397346
A1W0LUKNI2MRI2,M,45,25,23,2,-0.689442397346
A1W0LUKNI2MRI2,M,45,26,57,2,-0.689442397346
A1W0LUKNI2MRI2,M,45,27,46,4,0.821664226973
A1W0LUKNI2MRI2,M,45,28,22,3,0.066110914814
A1W0LUKNI2MRI2,M,45,29,14,2,-0.689442397346
A1W0LUKNI2MRI2,M,45,30,59,4,0.821664226973
A1W0LUKNI2MRI2,M,45,31,72,1,-1.4449957095
A1W0LUKNI2MRI2,M,45,32,5,5,1.57721753913
A1W0LUKNI2MRI2,M,45,33,77,3,0.066110914814
A1W0LUKNI2MRI2,M,45,34,52,2,-0.689442397346
A1W0LUKNI2MRI2,M,45,35,66,4,0.821664226973
A1W0LUKNI2MRI2,M,45,36,30,2,-0.689442397346
A1W0LUKNI2MRI2,M,45,37,80,5,1.57721753913
A1W0LUKNI2MRI2,M,45,38,71,4,0.821664226973
A1W0LUKNI2MRI2,M,45,39,12,5,1.57721753913
A1W0LUKNI2MRI2,M,45,40,11,3,0.066110914814
A1W0LUKNI2MRI2,M,45,41,33,1,-1.4449957095
A1W0LUKNI2MRI2,M,45,42,4,5,1.57721753913
A1W0LUKNI2MRI2,M,45,43,69,2,-0.689442397346
A1W0LUKNI2MRI2,M,45,44,54,2,-0.689442397346
A1W0LUKNI2MRI2,M,45,45,9,3,0.066110914814
A1W0LUKNI2MRI2,M,45,46,1,3,0.066110914814
A1W0LUKNI2MRI2,M,45,47,37,3,0.066110914814
A1W0LUKNI2MRI2,M,45,48,41,2,-0.689442397346
A1W0LUKNI2MRI2,M,45,49,28,3,0.066110914814
A1W0LUKNI2MRI2,M,45,50,29,2,-0.689442397346
A1W0LUKNI2MRI2,M,45,51,34,4,0.821664226973
A1W0LUKNI2MRI2,M,45,52,43,3,0.066110914814
A1W0LUKNI2MRI2,M,45,53,16,1,-1.4449957095
A1W0LUKNI2MRI2,M,45,54,55,2,-0.689442397346
A1W0LUKNI2MRI2,M,45,55,63,2,-0.689442397346
A1W0LUKNI2MRI2,M,45,56,53,2,-0.689442397346
A1W0LUKNI2MRI2,M,45,57,13,3,0.066110914814
A1W0LUKNI2MRI2,M,45,58,31,1,-1.4449957095
A1W0LUKNI2MRI2,M,45,59,10,2,-0.689442397346
A1W0LUKNI2MRI2,M,45,60,6,3,0.066110914814
A1W0LUKNI2MRI2,M,45,61,74,2,-0.689442397346
A1W0LUKNI2MRI2,M,45,62,35,5,1.57721753913
A1W0LUKNI2MRI2,M,45,63,58,2,-0.689442397346
A1W0LUKNI2MRI2,M,45,64,48,2,-0.689442397346
A1W0LUKNI2MRI2,M,45,65,70,3,0.066110914814
A1W0LUKNI2MRI2,M,45,66,26,2,-0.689442397346
A1W0LUKNI2MRI2,M,45,67,2,2,-0.689442397346
A1W0LUKNI2MRI2,M,45,68,62,3,0.066110914814
A1W0LUKNI2MRI2,M,45,69,45,2,-0.689442397346
A1W0LUKNI2MRI2,M,45,70,60,3,0.066110914814
A1W0LUKNI2MRI2,M,45,71,3,6,2.33277085129
A1W0LUKNI2MRI2,M,45,72,79,5,1.57721753913
A1W0LUKNI2MRI2,M,45,73,75,2,-0.689442397346
A1W0LUKNI2MRI2,M,45,74,17,2,-0.689442397346
A1W0LUKNI2MRI2,M,45,75,56,1,-1.4449957095
A1W0LUKNI2MRI2,M,45,76,44,2,-0.689442397346
A1W0LUKNI2MRI2,M,45,77,7,2,-0.689442397346
A1W0LUKNI2MRI2,M,45,78,38,3,0.066110914814
A1W0LUKNI2MRI2,M,45,79,24,2,-0.689442397346
A1W0LUKNI2MRI2,M,45,80,20,5,1.57721753913
APGX2WZ59OWDN,F,25,1,33,6,1.34940407213
APGX2WZ59OWDN,F,25,2,47,4,0.101400305998
APGX2WZ59OWDN,F,25,3,61,5,0.725402189065
APGX2WZ59OWDN,F,25,4,50,3,-0.522601577068
APGX2WZ59OWDN,F,25,5,63,2,-1.14660346014
APGX2WZ59OWDN,F,25,6,4,4,0.101400305998
APGX2WZ59OWDN,F,25,7,46,7,1.9734059552
APGX2WZ59OWDN,F,25,8,29,6,1.34940407213
APGX2WZ59OWDN,F,25,9,76,3,-0.522601577068
APGX2WZ59OWDN,F,25,10,20,7,1.9734059552
APGX2WZ59OWDN,F,25,11,30,4,0.101400305998
APGX2WZ59OWDN,F,25,12,59,5,0.725402189065
APGX2WZ59OWDN,F,25,13,56,6,1.34940407213
APGX2WZ59OWDN,F,25,14,38,4,0.101400305998
APGX2WZ59OWDN,F,25,15,14,4,0.101400305998
APGX2WZ59OWDN,F,25,16,39,3,-0.522601577068
APGX2WZ59OWDN,F,25,17,73,2,-1.14660346014
APGX2WZ59OWDN,F,25,18,79,3,-0.522601577068
APGX2WZ59OWDN,F,25,19,6,5,0.725402189065
APGX2WZ59OWDN,F,25,20,32,3,-0.522601577068
APGX2WZ59OWDN,F,25,21,72,3,-0.522601577068
APGX2WZ59OWDN,F,25,22,68,2,-1.14660346014
APGX2WZ59OWDN,F,25,23,60,3,-0.522601577068
APGX2WZ59OWDN,F,25,24,77,2,-1.14660346014
APGX2WZ59OWDN,F,25,25,13,5,0.725402189065
APGX2WZ59OWDN,F,25,26,21,4,0.101400305998
APGX2WZ59OWDN,F,25,27,10,3,-0.522601577068
APGX2WZ59OWDN,F,25,28,48,5,0.725402189065
APGX2WZ59OWDN,F,25,29,75,6,1.34940407213
APGX2WZ59OWDN,F,25,30,42,3,-0.522601577068
APGX2WZ59OWDN,F,25,31,17,1,-1.7706053432
APGX2WZ59OWDN,F,25,32,64,4,0.101400305998
APGX2WZ59OWDN,F,25,33,66,3,-0.522601577068
APGX2WZ59OWDN,F,25,34,71,2,-1.14660346014
APGX2WZ59OWDN,F,25,35,43,5,0.725402189065
APGX2WZ59OWDN,F,25,36,18,2,-1.14660346014
APGX2WZ59OWDN,F,25,37,11,5,0.725402189065
APGX2WZ59OWDN,F,25,38,78,7,1.9734059552
APGX2WZ59OWDN,F,25,39,25,4,0.101400305998
APGX2WZ59OWDN,F,25,40,27,1,-1.7706053432
APGX2WZ59OWDN,F,25,41,70,2,-1.14660346014
APGX2WZ59OWDN,F,25,42,67,6,1.34940407213
APGX2WZ59OWDN,F,25,43,23,3,-0.522601577068
APGX2WZ59OWDN,F,25,44,40,7,1.9734059552
APGX2WZ59OWDN,F,25,45,31,4,0.101400305998
APGX2WZ59OWDN,F,25,46,52,5,0.725402189065
APGX2WZ59OWDN,F,25,47,51,6,1.34940407213
APGX2WZ59OWDN,F,25,48,80,3,-0.522601577068
APGX2WZ59OWDN,F,25,49,37,2,-1.14660346014
APGX2WZ59OWDN,F,25,50,5,3,-0.522601577068
APGX2WZ59OWDN,F,25,51,58,5,0.725402189065
APGX2WZ59OWDN,F,25,52,12,4,0.101400305998
APGX2WZ59OWDN,F,25,53,16,2,-1.14660346014
APGX2WZ59OWDN,F,25,54,15,3,-0.522601577068
APGX2WZ59OWDN,F,25,55,7,2,-1.14660346014
APGX2WZ59OWDN,F,25,56,65,2,-1.14660346014
APGX2WZ59OWDN,F,25,57,69,3,-0.522601577068
APGX2WZ59OWDN,F,25,58,1,5,0.725402189065
APGX2WZ59OWDN,F,25,59,44,3,-0.522601577068
APGX2WZ59OWDN,F,25,60,53,4,0.101400305998
APGX2WZ59OWDN,F,25,61,74,5,0.725402189065
APGX2WZ59OWDN,F,25,62,24,5,0.725402189065
APGX2WZ59OWDN,F,25,63,22,3,-0.522601577068
APGX2WZ59OWDN,F,25,64,41,4,0.101400305998
APGX2WZ59OWDN,F,25,65,9,2,-1.14660346014
APGX2WZ59OWDN,F,25,66,8,2,-1.14660346014
APGX2WZ59OWDN,F,25,67,3,3,-0.522601577068
APGX2WZ59OWDN,F,25,68,26,4,0.101400305998
APGX2WZ59OWDN,F,25,69,19,3,-0.522601577068
APGX2WZ59OWDN,F,25,70,57,3,-0.522601577068
APGX2WZ59OWDN,F,25,71,55,7,1.9734059552
APGX2WZ59OWDN,F,25,72,36,6,1.34940407213
APGX2WZ59OWDN,F,25,73,34,1,-1.7706053432
APGX2WZ59OWDN,F,25,74,28,2,-1.14660346014
APGX2WZ59OWDN,F,25,75,35,2,-1.14660346014
APGX2WZ59OWDN,F,25,76,49,6,1.34940407213
APGX2WZ59OWDN,F,25,77,45,4,0.101400305998
APGX2WZ59OWDN,F,25,78,62,4,0.101400305998
APGX2WZ59OWDN,F,25,79,2,4,0.101400305998
APGX2WZ59OWDN,F,25,80,54,7,1.9734059552
A25AXS0RHUKKMG,M,35,1,34,1,-0.932465311198
A25AXS0RHUKKMG,M,35,2,65,2,-0.50126747943
A25AXS0RHUKKMG,M,35,3,56,2,-0.50126747943
A25AXS0RHUKKMG,M,35,4,55,6,1.22352384764
A25AXS0RHUKKMG,M,35,5,25,1,-0.932465311198
A25AXS0RHUKKMG,M,35,6,80,1,-0.932465311198
A25AXS0RHUKKMG,M,35,7,8,6,1.22352384764
A25AXS0RHUKKMG,M,35,8,49,7,1.65472167941
A25AXS0RHUKKMG,M,35,9,37,1,-0.932465311198
A25AXS0RHUKKMG,M,35,10,32,7,1.65472167941
A25AXS0RHUKKMG,M,35,11,36,1,-0.932465311198
A25AXS0RHUKKMG,M,35,12,18,1,-0.932465311198
A25AXS0RHUKKMG,M,35,13,71,1,-0.932465311198
A25AXS0RHUKKMG,M,35,14,78,7,1.65472167941
A25AXS0RHUKKMG,M,35,15,72,7,1.65472167941
A25AXS0RHUKKMG,M,35,16,27,3,-0.0700696476623
A25AXS0RHUKKMG,M,35,17,58,2,-0.50126747943
A25AXS0RHUKKMG,M,35,18,66,7,1.65472167941
A25AXS0RHUKKMG,M,35,19,61,5,0.792326015874
A25AXS0RHUKKMG,M,35,20,31,1,-0.932465311198
A25AXS0RHUKKMG,M,35,21,79,1,-0.932465311198
A25AXS0RHUKKMG,M,35,22,77,1,-0.932465311198
A25AXS0RHUKKMG,M,35,23,5,3,-0.0700696476623
A25AXS0RHUKKMG,M,35,24,62,1,-0.932465311198
A25AXS0RHUKKMG,M,35,25,70,5,0.792326015874
A25AXS0RHUKKMG,M,35,26,76,2,-0.50126747943
A25AXS0RHUKKMG,M,35,27,26,6,1.22352384764
A25AXS0RHUKKMG,M,35,28,59,6,1.22352384764
A25AXS0RHUKKMG,M,35,29,46,7,1.65472167941
A25AXS0RHUKKMG,M,35,30,44,1,-0.932465311198
A25AXS0RHUKKMG,M,35,31,16,1,-0.932465311198
A25AXS0RHUKKMG,M,35,32,17,5,0.792326015874
A25AXS0RHUKKMG,M,35,33,3,5,0.792326015874
A25AXS0RHUKKMG,M,35,34,50,5,0.792326015874
A25AXS0RHUKKMG,M,35,35,21,2,-0.50126747943
A25AXS0RHUKKMG,M,35,36,63,2,-0.50126747943
A25AXS0RHUKKMG,M,35,37,13,3,-0.0700696476623
A25AXS0RHUKKMG,M,35,38,9,3,-0.0700696476623
A25AXS0RHUKKMG,M,35,39,15,5,0.792326015874
A25AXS0RHUKKMG,M,35,40,11,1,-0.932465311198
A25AXS0RHUKKMG,M,35,41,69,2,-0.50126747943
A25AXS0RHUKKMG,M,35,42,75,7,1.65472167941
A25AXS0RHUKKMG,M,35,43,73,1,-0.932465311198
A25AXS0RHUKKMG,M,35,44,53,6,1.22352384764
A25AXS0RHUKKMG,M,35,45,43,1,-0.932465311198
A25AXS0RHUKKMG,M,35,46,12,2,-0.50126747943
A25AXS0RHUKKMG,M,35,47,24,7,1.65472167941
A25AXS0RHUKKMG,M,35,48,64,5,0.792326015874
A25AXS0RHUKKMG,M,35,49,2,2,-0.50126747943
A25AXS0RHUKKMG,M,35,50,42,2,-0.50126747943
A25AXS0RHUKKMG,M,35,51,41,7,1.65472167941
A25AXS0RHUKKMG,M,35,52,67,6,1.22352384764
A25AXS0RHUKKMG,M,35,53,40,1,-0.932465311198
A25AXS0RHUKKMG,M,35,54,20,7,1.65472167941
A25AXS0RHUKKMG,M,35,55,39,1,-0.932465311198
A25AXS0RHUKKMG,M,35,56,45,1,-0.932465311198
A25AXS0RHUKKMG,M,35,57,68,1,-0.932465311198
A25AXS0RHUKKMG,M,35,58,38,1,-0.932465311198
A25AXS0RHUKKMG,M,35,59,6,2,-0.50126747943
A25AXS0RHUKKMG,M,35,60,52,2,-0.50126747943
A25AXS0RHUKKMG,M,35,61,23,7,1.65472167941
A25AXS0RHUKKMG,M,35,62,30,5,0.792326015874
A25AXS0RHUKKMG,M,35,63,4,6,1.22352384764
A25AXS0RHUKKMG,M,35,64,74,1,-0.932465311198
A25AXS0RHUKKMG,M,35,65,29,2,-0.50126747943
A25AXS0RHUKKMG,M,35,66,33,2,-0.50126747943
A25AXS0RHUKKMG,M,35,67,22,1,-0.932465311198
A25AXS0RHUKKMG,M,35,68,48,2,-0.50126747943
A25AXS0RHUKKMG,M,35,69,60,1,-0.932465311198
A25AXS0RHUKKMG,M,35,70,57,2,-0.50126747943
A25AXS0RHUKKMG,M,35,71,14,5,0.792326015874
A25AXS0RHUKKMG,M,35,72,19,6,1.22352384764
A25AXS0RHUKKMG,M,35,73,35,1,-0.932465311198
A25AXS0RHUKKMG,M,35,74,10,1,-0.932465311198
A25AXS0RHUKKMG,M,35,75,54,1,-0.932465311198
A25AXS0RHUKKMG,M,35,76,7,2,-0.50126747943
A25AXS0RHUKKMG,M,35,77,47,1,-0.932465311198
A25AXS0RHUKKMG,M,35,78,28,2,-0.50126747943
A25AXS0RHUKKMG,M,35,79,51,1,-0.932465311198
A25AXS0RHUKKMG,M,35,80,1,6,1.22352384764
A29S2DNUBT7POD,F,35,1,79,7,0.97490052543
A29S2DNUBT7POD,F,35,2,25,5,-0.510662179987
A29S2DNUBT7POD,F,35,3,28,4,-1.2534435327
A29S2DNUBT7POD,F,35,4,73,7,0.97490052543
A29S2DNUBT7POD,F,35,5,33,6,0.232119172721
A29S2DNUBT7POD,F,35,6,11,4,-1.2534435327
A29S2DNUBT7POD,F,35,7,51,7,0.97490052543
A29S2DNUBT7POD,F,35,8,55,7,0.97490052543
A29S2DNUBT7POD,F,35,9,44,7,0.97490052543
A29S2DNUBT7POD,F,35,10,38,7,0.97490052543
A29S2DNUBT7POD,F,35,11,31,5,-0.510662179987
A29S2DNUBT7POD,F,35,12,5,5,-0.510662179987
A29S2DNUBT7POD,F,35,13,17,7,0.97490052543
A29S2DNUBT7POD,F,35,14,64,6,0.232119172721
A29S2DNUBT7POD,F,35,15,24,6,0.232119172721
A29S2DNUBT7POD,F,35,16,60,7,0.97490052543
A29S2DNUBT7POD,F,35,17,69,6,0.232119172721
A29S2DNUBT7POD,F,35,18,74,6,0.232119172721
A29S2DNUBT7POD,F,35,19,63,7,0.97490052543
A29S2DNUBT7POD,F,35,20,26,7,0.97490052543
A29S2DNUBT7POD,F,35,21,56,6,0.232119172721
A29S2DNUBT7POD,F,35,22,16,5,-0.510662179987
A29S2DNUBT7POD,F,35,23,6,7,0.97490052543
A29S2DNUBT7POD,F,35,24,67,6,0.232119172721
A29S2DNUBT7POD,F,35,25,76,6,0.232119172721
A29S2DNUBT7POD,F,35,26,46,5,-0.510662179987
A29S2DNUBT7POD,F,35,27,30,7,0.97490052543
A29S2DNUBT7POD,F,35,28,20,6,0.232119172721
A29S2DNUBT7POD,F,35,29,41,5,-0.510662179987
A29S2DNUBT7POD,F,35,30,29,5,-0.510662179987
A29S2DNUBT7POD,F,35,31,10,3,-1.9962248854
A29S2DNUBT7POD,F,35,32,52,7,0.97490052543
A29S2DNUBT7POD,F,35,33,9,5,-0.510662179987
A29S2DNUBT7POD,F,35,34,68,7,0.97490052543
A29S2DNUBT7POD,F,35,35,71,7,0.97490052543
A29S2DNUBT7POD,F,35,36,1,4,-1.2534435327
A29S2DNUBT7POD,F,35,37,75,7,0.97490052543
A29S2DNUBT7POD,F,35,38,4,7,0.97490052543
A29S2DNUBT7POD,F,35,39,77,6,0.232119172721
A29S2DNUBT7POD,F,35,40,21,3,-1.9962248854
A29S2DNUBT7POD,F,35,41,18,4,-1.2534435327
A29S2DNUBT7POD,F,35,42,34,5,-0.510662179987
A29S2DNUBT7POD,F,35,43,8,5,-0.510662179987
A29S2DNUBT7POD,F,35,44,37,6,0.232119172721
A29S2DNUBT7POD,F,35,45,78,7,0.97490052543
A29S2DNUBT7POD,F,35,46,70,7,0.97490052543
A29S2DNUBT7POD,F,35,47,50,7,0.97490052543
A29S2DNUBT7POD,F,35,48,19,5,-0.510662179987
A29S2DNUBT7POD,F,35,49,32,6,0.232119172721
A29S2DNUBT7POD,F,35,50,80,7,0.97490052543
A29S2DNUBT7POD,F,35,51,42,6,0.232119172721
A29S2DNUBT7POD,F,35,52,35,5,-0.510662179987
A29S2DNUBT7POD,F,35,53,22,6,0.232119172721
A29S2DNUBT7POD,F,35,54,23,7,0.97490052543
A29S2DNUBT7POD,F,35,55,45,5,-0.510662179987
A29S2DNUBT7POD,F,35,56,7,5,-0.510662179987
A29S2DNUBT7POD,F,35,57,3,3,-1.9962248854
A29S2DNUBT7POD,F,35,58,53,7,0.97490052543
A29S2DNUBT7POD,F,35,59,12,4,-1.2534435327
A29S2DNUBT7POD,F,35,60,61,6,0.232119172721
A29S2DNUBT7POD,F,35,61,39,6,0.232119172721
A29S2DNUBT7POD,F,35,62,40,4,-1.2534435327
A29S2DNUBT7POD,F,35,63,27,5,-0.510662179987
A29S2DNUBT7POD,F,35,64,57,5,-0.510662179987
A29S2DNUBT7POD,F,35,65,72,7,0.97490052543
A29S2DNUBT7POD,F,35,66,13,4,-1.2534435327
A29S2DNUBT7POD,F,35,67,59,5,-0.510662179987
A29S2DNUBT7POD,F,35,68,15,7,0.97490052543
A29S2DNUBT7POD,F,35,69,54,5,-0.510662179987
A29S2DNUBT7POD,F,35,70,48,7,0.97490052543
A29S2DNUBT7POD,F,35,71,65,7,0.97490052543
A29S2DNUBT7POD,F,35,72,47,7,0.97490052543
A29S2DNUBT7POD,F,35,73,36,2,-2.73900623811
A29S2DNUBT7POD,F,35,74,58,3,-1.9962248854
A29S2DNUBT7POD,F,35,75,49,7,0.97490052543
A29S2DNUBT7POD,F,35,76,62,7,0.97490052543
A29S2DNUBT7POD,F,35,77,2,4,-1.2534435327
A29S2DNUBT7POD,F,35,78,14,3,-1.9962248854
A29S2DNUBT7POD,F,35,79,43,3,-1.9962248854
A29S2DNUBT7POD,F,35,80,66,7,0.97490052543
A2ZRYNS8R5JSY6,F,25,1,79,2,-0.752101043637
A2ZRYNS8R5JSY6,F,25,2,62,5,0.62579399814
A2ZRYNS8R5JSY6,F,25,3,7,2,-0.752101043637
A2ZRYNS8R5JSY6,F,25,4,68,6,1.0850923454
A2ZRYNS8R5JSY6,F,25,5,51,4,0.166495650881
A2ZRYNS8R5JSY6,F,25,6,35,5,0.62579399814
A2ZRYNS8R5JSY6,F,25,7,71,1,-1.2113993909
A2ZRYNS8R5JSY6,F,25,8,28,6,1.0850923454
A2ZRYNS8R5JSY6,F,25,9,53,3,-0.292802696378
A2ZRYNS8R5JSY6,F,25,10,75,7,1.54439069266
A2ZRYNS8R5JSY6,F,25,11,37,5,0.62579399814
A2ZRYNS8R5JSY6,F,25,12,73,5,0.62579399814
A2ZRYNS8R5JSY6,F,25,13,3,5,0.62579399814
A2ZRYNS8R5JSY6,F,25,14,12,7,1.54439069266
A2ZRYNS8R5JSY6,F,25,15,41,2,-0.752101043637
A2ZRYNS8R5JSY6,F,25,16,10,1,-1.2113993909
A2ZRYNS8R5JSY6,F,25,17,26,1,-1.2113993909
A2ZRYNS8R5JSY6,F,25,18,1,4,0.166495650881
A2ZRYNS8R5JSY6,F,25,19,29,5,0.62579399814
A2ZRYNS8R5JSY6,F,25,20,17,7,1.54439069266
A2ZRYNS8R5JSY6,F,25,21,36,3,-0.292802696378
A2ZRYNS8R5JSY6,F,25,22,48,1,-1.2113993909
A2ZRYNS8R5JSY6,F,25,23,4,5,0.62579399814
A2ZRYNS8R5JSY6,F,25,24,60,1,-1.2113993909
A2ZRYNS8R5JSY6,F,25,25,52,1,-1.2113993909
A2ZRYNS8R5JSY6,F,25,26,70,5,0.62579399814
A2ZRYNS8R5JSY6,F,25,27,13,2,-0.752101043637
A2ZRYNS8R5JSY6,F,25,28,24,1,-1.2113993909
A2ZRYNS8R5JSY6,F,25,29,43,7,1.54439069266
A2ZRYNS8R5JSY6,F,25,30,45,5,0.62579399814
A2ZRYNS8R5JSY6,F,25,31,78,3,-0.292802696378
A2ZRYNS8R5JSY6,F,25,32,34,4,0.166495650881
A2ZRYNS8R5JSY6,F,25,33,15,1,-1.2113993909
A2ZRYNS8R5JSY6,F,25,34,54,4,0.166495650881
A2ZRYNS8R5JSY6,F,25,35,80,6,1.0850923454
A2ZRYNS8R5JSY6,F,25,36,67,3,-0.292802696378
A2ZRYNS8R5JSY6,F,25,37,31,4,0.166495650881
A2ZRYNS8R5JSY6,F,25,38,56,6,1.0850923454
A2ZRYNS8R5JSY6,F,25,39,76,3,-0.292802696378
A2ZRYNS8R5JSY6,F,25,40,55,1,-1.2113993909
A2ZRYNS8R5JSY6,F,25,41,59,4,0.166495650881
A2ZRYNS8R5JSY6,F,25,42,2,7,1.54439069266
A2ZRYNS8R5JSY6,F,25,43,47,2,-0.752101043637
A2ZRYNS8R5JSY6,F,25,44,63,7,1.54439069266
A2ZRYNS8R5JSY6,F,25,45,66,3,-0.292802696378
A2ZRYNS8R5JSY6,F,25,46,64,5,0.62579399814
A2ZRYNS8R5JSY6,F,25,47,72,3,-0.292802696378
A2ZRYNS8R5JSY6,F,25,48,38,1,-1.2113993909
A2ZRYNS8R5JSY6,F,25,49,61,5,0.62579399814
A2ZRYNS8R5JSY6,F,25,50,21,1,-1.2113993909
A2ZRYNS8R5JSY6,F,25,51,39,7,1.54439069266
A2ZRYNS8R5JSY6,F,25,52,74,5,0.62579399814
A2ZRYNS8R5JSY6,F,25,53,50,1,-1.2113993909
A2ZRYNS8R5JSY6,F,25,54,22,6,1.0850923454
A2ZRYNS8R5JSY6,F,25,55,19,1,-1.2113993909
A2ZRYNS8R5JSY6,F,25,56,16,6,1.0850923454
A2ZRYNS8R5JSY6,F,25,57,69,5,0.62579399814
A2ZRYNS8R5JSY6,F,25,58,27,1,-1.2113993909
A2ZRYNS8R5JSY6,F,25,59,40,1,-1.2113993909
A2ZRYNS8R5JSY6,F,25,60,9,2,-0.752101043637
A2ZRYNS8R5JSY6,F,25,61,8,5,0.62579399814
A2ZRYNS8R5JSY6,F,25,62,44,7,1.54439069266
A2ZRYNS8R5JSY6,F,25,63,58,5,0.62579399814
A2ZRYNS8R5JSY6,F,25,64,20,2,-0.752101043637
A2ZRYNS8R5JSY6,F,25,65,6,1,-1.2113993909
A2ZRYNS8R5JSY6,F,25,66,11,5,0.62579399814
A2ZRYNS8R5JSY6,F,25,67,33,7,1.54439069266
A2ZRYNS8R5JSY6,F,25,68,46,1,-1.2113993909
A2ZRYNS8R5JSY6,F,25,69,25,1,-1.2113993909
A2ZRYNS8R5JSY6,F,25,70,5,2,-0.752101043637
A2ZRYNS8R5JSY6,F,25,71,32,7,1.54439069266
A2ZRYNS8R5JSY6,F,25,72,14,6,1.0850923454
A2ZRYNS8R5JSY6,F,25,73,18,1,-1.2113993909
A2ZRYNS8R5JSY6,F,25,74,23,1,-1.2113993909
A2ZRYNS8R5JSY6,F,25,75,57,4,0.166495650881
A2ZRYNS8R5JSY6,F,25,76,49,2,-0.752101043637
A2ZRYNS8R5JSY6,F,25,77,42,1,-1.2113993909
A2ZRYNS8R5JSY6,F,25,78,77,3,-0.292802696378
A2ZRYNS8R5JSY6,F,25,79,65,1,-1.2113993909
A2ZRYNS8R5JSY6,F,25,80,30,7,1.54439069266
A23AFAXSEYH61S,M,25,1,65,3,-0.60791398153
A23AFAXSEYH61S,M,25,2,37,3,-0.60791398153
A23AFAXSEYH61S,M,25,3,68,6,0.960896293386
A23AFAXSEYH61S,M,25,4,2,6,0.960896293386
A23AFAXSEYH61S,M,25,5,67,3,-0.60791398153
A23AFAXSEYH61S,M,25,6,79,5,0.437959535081
A23AFAXSEYH61S,M,25,7,73,7,1.48383305169
A23AFAXSEYH61S,M,25,8,10,4,-0.0849772232246
A23AFAXSEYH61S,M,25,9,13,3,-0.60791398153
A23AFAXSEYH61S,M,25,10,45,7,1.48383305169
A23AFAXSEYH61S,M,25,11,56,1,-1.65378749814
A23AFAXSEYH61S,M,25,12,66,5,0.437959535081
A23AFAXSEYH61S,M,25,13,34,7,1.48383305169
A23AFAXSEYH61S,M,25,14,71,3,-0.60791398153
A23AFAXSEYH61S,M,25,15,24,5,0.437959535081
A23AFAXSEYH61S,M,25,16,64,5,0.437959535081
A23AFAXSEYH61S,M,25,17,14,4,-0.0849772232246
A23AFAXSEYH61S,M,25,18,8,6,0.960896293386
A23AFAXSEYH61S,M,25,19,43,4,-0.0849772232246
A23AFAXSEYH61S,M,25,20,22,4,-0.0849772232246
A23AFAXSEYH61S,M,25,21,9,5,0.437959535081
A23AFAXSEYH61S,M,25,22,31,6,0.960896293386
A23AFAXSEYH61S,M,25,23,49,6,0.960896293386
A23AFAXSEYH61S,M,25,24,52,6,0.960896293386
A23AFAXSEYH61S,M,25,25,18,3,-0.60791398153
A23AFAXSEYH61S,M,25,26,55,1,-1.65378749814
A23AFAXSEYH61S,M,25,27,30,6,0.960896293386
A23AFAXSEYH61S,M,25,28,12,6,0.960896293386
A23AFAXSEYH61S,M,25,29,16,7,1.48383305169
A23AFAXSEYH61S,M,25,30,29,5,0.437959535081
A23AFAXSEYH61S,M,25,31,41,1,-1.65378749814
A23AFAXSEYH61S,M,25,32,21,6,0.960896293386
A23AFAXSEYH61S,M,25,33,11,5,0.437959535081
A23AFAXSEYH61S,M,25,34,1,5,0.437959535081
A23AFAXSEYH61S,M,25,35,36,4,-0.0849772232246
A23AFAXSEYH61S,M,25,36,17,3,-0.60791398153
A23AFAXSEYH61S,M,25,37,50,1,-1.65378749814
A23AFAXSEYH61S,M,25,38,3,7,1.48383305169
A23AFAXSEYH61S,M,25,39,46,4,-0.0849772232246
A23AFAXSEYH61S,M,25,40,26,1,-1.65378749814
A23AFAXSEYH61S,M,25,41,74,2,-1.13085073984
A23AFAXSEYH61S,M,25,42,54,4,-0.0849772232246
A23AFAXSEYH61S,M,25,43,76,4,-0.0849772232246
A23AFAXSEYH61S,M,25,44,59,5,0.437959535081
A23AFAXSEYH61S,M,25,45,78,2,-1.13085073984
A23AFAXSEYH61S,M,25,46,58,6,0.960896293386
A23AFAXSEYH61S,M,25,47,27,7,1.48383305169
A23AFAXSEYH61S,M,25,48,38,5,0.437959535081
A23AFAXSEYH61S,M,25,49,60,3,-0.60791398153
A23AFAXSEYH61S,M,25,50,32,4,-0.0849772232246
A23AFAXSEYH61S,M,25,51,6,5,0.437959535081
A23AFAXSEYH61S,M,25,52,69,4,-0.0849772232246
A23AFAXSEYH61S,M,25,53,75,1,-1.65378749814
A23AFAXSEYH61S,M,25,54,70,5,0.437959535081
A23AFAXSEYH61S,M,25,55,47,2,-1.13085073984
A23AFAXSEYH61S,M,25,56,63,4,-0.0849772232246
A23AFAXSEYH61S,M,25,57,80,2,-1.13085073984
A23AFAXSEYH61S,M,25,58,28,5,0.437959535081
A23AFAXSEYH61S,M,25,59,33,5,0.437959535081
A23AFAXSEYH61S,M,25,60,48,5,0.437959535081
A23AFAXSEYH61S,M,25,61,44,3,-0.60791398153
A23AFAXSEYH61S,M,25,62,5,7,1.48383305169
A23AFAXSEYH61S,M,25,63,40,2,-1.13085073984
A23AFAXSEYH61S,M,25,64,53,2,-1.13085073984
A23AFAXSEYH61S,M,25,65,77,3,-0.60791398153
A23AFAXSEYH61S,M,25,66,25,6,0.960896293386
A23AFAXSEYH61S,M,25,67,15,1,-1.65378749814
A23AFAXSEYH61S,M,25,68,7,5,0.437959535081
A23AFAXSEYH61S,M,25,69,35,5,0.437959535081
A23AFAXSEYH61S,M,25,70,4,5,0.437959535081
A23AFAXSEYH61S,M,25,71,42,7,1.48383305169
A23AFAXSEYH61S,M,25,72,19,7,1.48383305169
A23AFAXSEYH61S,M,25,73,39,2,-1.13085073984
A23AFAXSEYH61S,M,25,74,23,5,0.437959535081
A23AFAXSEYH61S,M,25,75,62,3,-0.60791398153
A23AFAXSEYH61S,M,25,76,61,1,-1.65378749814
A23AFAXSEYH61S,M,25,77,51,1,-1.65378749814
A23AFAXSEYH61S,M,25,78,72,1,-1.65378749814
A23AFAXSEYH61S,M,25,79,57,1,-1.65378749814
A23AFAXSEYH61S,M,25,80,20,7,1.48383305169
