punType,sentenceID,sentenceType,sum_m1_ngram,sum_m2_ngram,sum_m1_relatedness,sum_m2_relatedness,p_m1_given_w,p_m2_given_w,entropy,m1KL,m2KL,m1Focus,m2Focus
identical,1,pun,-41.9296984128,-41.9296984128,15.517565072,1.8158224,0.999992690297,7.30970258799e-06,9.37564698515e-05,1.11994984,7.70851815741,prophet;atheism;organization,non;organization
identical,2,pun,-39.3272844736,-39.3272844736,16.381782822,1.181660829,0.999999802364,1.97636209988e-07,3.24851431126e-06,0.725784246805,7.33971699227,pi;circumference,circumference;large
identical,3,pun,-73.7847799981,-73.7847799981,18.29803952,0.055563493,0.9999840222,1.59777997983e-05,0.000192441451226,1.87377371606,8.65031193452,knead;bakers;bread;recipes,basis;trade
identical,4,pun,-66.224610966,-66.224610966,15.101453782,3.232276015,0.980423248508,0.0195767514919,0.0963873043475,2.80170398569,9.39035353107,oar;rower,choose;either;indecisive;not
identical,5,pun,-51.6578549275,-51.6578549275,16.905232365,1.4039662,0.999998071837,1.92816328972e-06,2.73007516216e-05,1.4171833659,7.96951611067,tiers;cake;wedding,emotional;wedding
identical,6,pun,-53.7050358581,-53.7050358581,17.874043941,0.015508465,0.999999993,6.99978056853e-09,1.3843736952e-07,1.14902112006,7.75844895407,poll;conduct;decided;flag,flag
identical,7,pun,-40.2575079768,-40.2575079768,15.766698952,4.363772738,0.999537270045,0.000462729955493,0.00401563326424,1.6304477606,8.07107927732,bored;meetings,chairman;executive;meetings
identical,8,pun,-38.6015207064,-38.6015207064,14.360502071,-0.593560628,0.999999952862,4.71376067123e-08,8.42358209021e-07,0.858607824415,7.46981441129,greece,donuts
identical,9,pun,-68.8644884258,-68.8644884258,15.075129018,0.632681794,0.999910747036,8.92529640806e-05,0.000921446824584,0.961892406676,7.58845903407,sine;trigonometry,prayed;trigonometry
identical,10,pun,-52.0118739237,-52.0118739237,17.418469023,1.185820168,0.999999947069,5.29305347691e-08,9.39743821869e-07,0.82876526149,7.45107522423,principal;just;school,disliked;just;school
identical,11,pun,-40.0918858613,-40.0918858613,17.498376887,-0.967145481,0.999999999986,1.44394207619e-11,3.74862684595e-10,1.31383203915,8.03709863585,cd;music;stores,
identical,12,pun,-61.7631372937,-61.7631372937,14.482227369,-0.990477457,0.999994216086,5.7839137133e-06,7.55403834019e-05,1.35825146532,8.00859295849,hare;magician,pulled
identical,13,pun,-83.7220923643,-83.7220923643,13.095780725,-1.864429307,0.999989232036,1.0767964348e-05,0.000133941951666,1.01230870938,7.62793257099,knotty;sapling,admonished;young
identical,14,pun,-44.8008385175,-44.8008385175,15.816605134,1.974704526,0.999957371322,4.26286775024e-05,0.000471599440842,1.50529067844,8.02409457543,taut;rope,learn;tricks
identical,15,pun,-63.4906797636,-63.4906797636,15.707015052,-0.725651508,0.99999953319,4.66809693638e-07,7.27165515094e-06,1.19389084034,7.85467212911,marx;class;communism,class
identical,16,pun,-59.0444908039,-59.0444908039,14.409861159,-0.237327616,0.999997774458,2.22554228635e-06,3.11921075771e-05,0.853397920997,7.46240688658,hi;people,waves
identical,17,pun,-77.8041865705,-77.8041865705,12.345791123,1.908966062,0.987855597663,0.0121444023365,0.0656379442533,1.46838275095,8.00985184405,daze,school;time;tough
identical,18,pun,-44.1216247517,-44.1216247517,15.632094459,0.92885634,0.999998886947,1.11305344118e-06,1.63712384786e-05,1.32234569865,7.86571183547,prose;authors,authors;cons
identical,19,pun,-65.2223555782,-65.2223555782,16.487317621,-1.142290669,0.999999970565,2.94349819154e-08,5.39869416898e-07,1.26883760006,8.00280312448,plane;flying;food,fancy;food
identical,20,pun,-81.6157752168,-81.6157752168,13.314419694,-3.854750176,0.99999995819,4.18103600365e-08,7.52173463598e-07,0.96984806239,7.63951574842,dam;beaver,beaver
identical,21,pun,-30.6579613632,-30.6579613632,16.815201833,-0.971846936,0.999999968204,3.17959173643e-08,5.80718343007e-07,0.98968627374,7.62675085814,hertz;computer,
identical,22,pun,-35.6585335935,-35.6585335935,18.851312495,-0.226089049,0.999999997849,2.15104055006e-09,4.50800325406e-08,1.13104166374,7.82737051363,role;actors;movie,movie
identical,23,pun,-63.7053625107,-63.7053625107,19.121649858,0.343601449,0.999999995518,4.48249378609e-09,9.0649858685e-08,1.81188429952,8.57365178682,collar;id;man;neck;shirt,id;man;name
identical,24,pun,-35.5320488241,-35.5320488241,17.629459359,-0.444668888,0.999999888225,1.11774894034e-07,1.90093089909e-06,1.17860573948,7.95164172957,steal;thieves,
identical,25,pun,-73.6800975577,-73.6800975577,17.133044094,-2.404699588,0.9999999665,3.35000116775e-08,6.10092833741e-07,1.42187546901,8.11230262197,dye;gray;hair;strands,gray
identical,26,pun,-42.8795625455,-42.8795625455,16.242363331,1.088060187,0.999997850465,2.14953507555e-06,3.02015221945e-05,1.53350934747,8.21806544812,waist;belt,cardboard;paper
identical,27,pun,-73.522533952,-73.522533952,17.204860942,-2.605151636,0.999999999766,2.34024917021e-10,5.42366634471e-09,1.58778123774,8.29513510149,feet;fourteen;shoes;size,able
identical,28,pun,-46.3878285065,-46.3878285065,15.828943333,-0.735337475,0.999999238508,7.61491837961e-07,1.1489378192e-05,1.01810823882,7.662157647,aloud;say,wanted
identical,29,pun,-62.6439824468,-62.6439824468,16.131394265,-2.084145125,0.999999872875,1.2712531484e-07,2.14563281563e-06,1.05262651935,7.70807004957,pail;buckets;carry,
identical,30,pun,-54.9167001586,-54.9167001586,18.290132407,0.111068613,0.999999949284,5.07164371638e-08,9.02601230941e-07,1.36419120397,8.06741810669,manor;castle;home,castle;speaking
identical,31,pun,-75.59093547,-75.59093547,15.494279382,1.545767594,0.999999977009,2.29911572552e-08,4.27363221089e-07,1.97259607199,8.61447728406,cache;computer;online,chips;poker;tournament
identical,32,pun,-57.8699020203,-57.8699020203,18.653084438,0.965152763,0.999999843316,1.56684044932e-07,2.61177174009e-06,2.4175690757,8.95563390543,reign;britain;long;queen,britain;wet
identical,33,pun,-61.1834256888,-61.1834256888,17.49984134,-0.017922536,0.999977692965,2.23070348445e-05,0.000261228702284,2.01843238755,8.82680739194,thyme;gardeners;herb,extra;work
identical,34,pun,-59.0699511075,-59.0699511075,14.943112016,-0.393336676,0.999991841799,8.15820142818e-06,0.000103743627711,1.40161804575,8.10428657116,pore;skin,bad;excuse
identical,35,pun,-55.6599017855,-55.6599017855,15.257685639,-0.826138925,0.999999675527,3.24473225185e-07,5.17244801187e-06,0.996009603916,7.6026865444,gilt;gold,complex;people
identical,36,pun,-21.2378023375,-21.2378023375,16.509669411,0.408764856,0.999999687077,3.12922697809e-07,4.99966279001e-06,0.694348376742,7.30806520489,heir;human,human
identical,37,pun,-42.9548551297,-42.9548551297,16.303440685,-2.58751717,0.999999986969,1.30309206128e-08,2.4961954363e-07,1.28658630539,7.96458482467,son;boy;only,
identical,38,pun,-106.046097672,-106.046097672,11.322607382,-0.412759744,0.999997833779,2.1662211092e-06,3.04192146223e-05,1.80074657819,8.29668381658,c's,high;pirates;terrible
identical,39,pun,-72.3417142683,-72.3417142683,18.046668028,-0.063972782,0.999998626189,1.37381061135e-06,1.99173984324e-05,2.68045359967,9.30642857049,watt;bright;electrician;spark,knows;what's
identical,40,pun,-72.1546994919,-72.1546994919,14.032036698,-2.007007499,0.999999973131,2.68686070957e-08,4.95250421143e-07,1.52625266157,8.17289363231,razor;slash,fund
identical,41,pun,-60.6423811692,-60.6423811692,20.257749724,-2.590474193,0.999999894399,1.05601062376e-07,1.80193400846e-06,2.36724273218,9.27939934454,knot;boyscouts;ropes;tie,
identical,42,pun,-36.6511539828,-36.6511539828,16.685283586,-0.026950004,0.999999381929,6.18071386137e-07,9.45442881715e-06,1.58004290742,8.41494133449,wood;trees,ask;ask
identical,43,pun,-96.6651406893,-96.6651406893,15.732978703,-0.309394426,0.999999974498,2.55021696897e-08,4.71394914043e-07,2.10470676561,8.6669847865,grader;cheese;person;school,cheddar;cheese;colby
identical,44,pun,-26.6310786698,-26.6310786698,19.349780078,-1.08968454,0.999999922237,7.77634182253e-08,1.35071905545e-06,1.65649979963,8.45509954855,eye;blind;see,
identical,45,pun,-51.0838044628,-51.0838044628,16.234086,-1.184867359,0.99999996684,3.31602876978e-08,6.0424387136e-07,1.34984229439,8.11018920502,cell;biology,keep;program
identical,46,pun,-49.920428285,-49.920428285,16.320939103,-0.454283896,0.999999513048,4.86952350005e-07,7.56485312111e-06,2.13890347489,8.85052470895,scent;smell,cost
identical,47,pun,-66.9304538367,-66.9304538367,15.804250565,-0.881466654,0.999999999118,8.81605136573e-10,1.92624346876e-08,1.39315358387,7.98252040674,course;class;rough,rough
identical,48,pun,-27.9910937794,-27.9910937794,15.408191841,-0.012690968,0.999999585064,4.14936406782e-07,6.51248514396e-06,0.736600875634,7.35257153739,deer;pet,pet
identical,49,pun,-40.0092473131,-40.0092473131,16.772415428,-1.258227337,0.999995911105,4.08889527265e-06,5.48207744316e-05,1.35466218681,8.13880530096,bee;hive,
identical,50,pun,-52.868923504,-52.868923504,15.947130558,-0.110932579,0.999999416314,5.83686209644e-07,8.96186087261e-06,0.767590491526,7.38295054291,brake;careful;fast,careful;fast;run
identical,51,pun,-86.0239284164,-86.0239284164,16.635441494,0.925438477,0.999940941623,5.90583773715e-05,0.000634107118152,2.35899968774,9.09043983806,flour;chef;pastry,brought;day;girlfriend;valentine's
identical,52,pun,-60.3588402945,-60.3588402945,17.050338795,-0.160653571,0.999999721026,2.78974437015e-07,4.48929724332e-06,1.08707766485,7.73434635632,fare;driver;toll,toll
identical,53,pun,-39.5642346356,-39.5642346356,17.173616029,0.696953154,0.999999951807,4.81925459236e-08,8.60143521234e-07,1.27306782372,7.95810604639,heel;foot;injured,injured
identical,54,pun,-52.3799748124,-52.3799748124,20.094087559,0.126116383,0.999999722702,2.77298003558e-07,4.46399121855e-06,1.33217613203,8.07372042408,hymn;perform;priest;song;wrote,perform;priest
identical,55,pun,-43.7695872711,-43.7695872711,15.421842811,0.293371003,0.999998489055,1.51094450845e-06,2.17617935585e-05,0.767396927703,7.38290993363,no's;mother,best;mother
identical,56,pun,-53.8773102176,-53.8773102176,18.676751228,-0.357184049,0.999999305193,6.94806647157e-07,1.05469091374e-05,1.37038932503,8.12746173448,inn;hotel;sleep;stayed,stayed
identical,57,pun,-65.0883767143,-65.0883767143,15.741674244,-1.774087842,0.999999973706,2.62938713679e-08,4.8522526011e-07,1.43580106117,8.12912117193,idol;celebrity;want,time
identical,58,pun,-35.6918084882,-35.6918084882,16.450509057,-0.579474293,0.999997282334,2.71766602584e-06,3.7546555713e-05,1.02204027492,7.68248858651,maid;clean,up
identical,59,pun,-50.3256799631,-50.3256799631,16.531378339,-2.711727222,0.999999757932,2.42067907988e-07,3.9297418965e-06,1.29822876927,7.97702876696,nun;cared;church,
identical,60,pun,-43.5536628376,-43.5536628376,17.044891634,1.903057929,0.999991551293,8.44870739267e-06,0.000107142222605,1.73014213427,8.33908821801,mourning;cried,up;woke
identical,61,pun,-41.0544436999,-41.0544436999,16.486145154,-0.900757138,0.999999851242,1.48758408449e-07,2.48738074833e-06,1.28166198592,8.02488180019,meat;butcher,glad
identical,62,pun,-51.1456488401,-51.1456488401,16.584635334,-0.338611522,0.999998007562,1.99243812953e-06,2.81454808444e-05,1.32295234593,7.96587845037,reel;caught;fisherman,believe
identical,63,pun,-63.5206622008,-63.5206622008,17.864193972,-1.862909172,0.999999983693,1.63074839408e-08,3.08727442793e-07,1.33212148183,8.04965689823,pear;farmer;fruit;grow,
identical,64,pun,-42.7436783535,-42.7436783535,16.922494161,1.631540906,0.999999908046,9.19541008778e-08,1.58179225866e-06,1.4546610849,8.10667026706,pray;parish,birds;birds
identical,65,pun,-74.9683368313,-74.9683368313,14.161322693,0.50657087,0.999999116242,8.83757539726e-07,1.32025269253e-05,1.9617630106,8.54710463892,root;farm;tree,different;take;way
identical,66,depunned,-41.3990701617,-41.3990701617,15.415238537,2.087515461,0.999989374903,1.06250972517e-05,0.000132306753767,1.10596528754,7.69463184816,prophet;organization,non;organization
identical,67,depunned,-40.8031909934,-40.8031909934,14.56018702,0.509526708,0.999999376163,6.23837097289e-07,9.53683242672e-06,0.906756651989,7.52412920653,pi,large;waistline
identical,68,depunned,-71.4574694474,-71.4574694474,14.616088155,0.462650822,0.999047298377,0.000952701623052,0.00757943906855,1.34647377132,7.97954644407,knead;cake;recipes,basis;mothers;trade
identical,69,depunned,-59.6103518712,-59.6103518712,12.548828917,3.350365374,0.776073164189,0.223926835811,0.531833285328,2.18517026834,8.640833988,oar,choose;either;indecisive;not
identical,70,depunned,-68.2807338878,-68.2807338878,15.475743464,2.145651541,0.99998309301,1.69069900607e-05,0.000202677192013,1.16411339392,7.71344295132,tiers;wedding,emotional;mother-in-law;wedding
identical,71,depunned,-57.1117127055,-57.1117127055,18.040382689,-1.450866603,0.999999998632,1.36774717817e-09,2.92836050863e-08,1.06456934997,7.69411857484,poll;conduct;decided;gallup,gallup
identical,72,depunned,-45.783573661,-45.783573661,14.822985787,2.865543463,0.99973417864,0.000265821360155,0.0024542098309,1.5753314552,8.01977447963,bored,chairman;executive
identical,73,depunned,-43.5923533732,-43.5923533732,15.415206134,-1.529757274,0.999999993562,6.43769436486e-09,1.27859661792e-07,0.778148854825,7.39347441096,greece;dolmas,
identical,74,depunned,-65.0428174977,-65.0428174977,13.292225755,-0.397586092,0.999810571846,0.000189428154166,0.00181309377495,0.923496459449,7.54610772172,sine,prayed
identical,75,depunned,-53.4123665503,-53.4123665503,15.107740075,0.380740716,0.999999761438,2.38562110907e-07,3.8763089079e-06,0.812944191791,7.42297808118,principal;just,church;disliked;just
identical,76,depunned,-43.8470559885,-43.8470559885,14.891859333,-0.979855802,0.999999999807,1.93208371587e-10,4.51474875873e-09,0.932847264396,7.55587404268,cd;stores,
identical,77,depunned,-58.6998947286,-58.6998947286,12.404874459,-0.972240079,0.99995297734,4.70226600731e-05,0.000515596763753,1.02293139368,7.6369415398,hare,pulled
identical,78,depunned,-67.26157863,-67.26157863,12.641407083,-0.105247453,0.999901501313,9.84986874251e-05,0.0010071902597,0.992250817662,7.6132982829,knotty,admonished;boy;young
identical,79,depunned,-45.9029351302,-45.9029351302,14.189887,2.138359412,0.999744636643,0.000255363357229,0.00236790662898,1.46765010027,7.98314348491,taut,learn;skateboard;tricks
identical,80,depunned,-60.9032098027,-60.9032098027,13.621811028,0.270507377,0.999989829213,1.01707870082e-05,0.000127094010845,0.954820724844,7.57858213618,marx;class,class;math
identical,81,depunned,-60.6068444611,-60.6068444611,13.544738481,-1.191691741,0.999997964464,2.03553636284e-06,2.87107318945e-05,0.798764567141,7.41301199073,hi,risks
identical,82,depunned,-77.8041865705,-77.8041865705,12.345791123,1.908966062,0.987855597663,0.0121444023365,0.0656379442533,1.46838275095,8.00985184405,daze,school;time;tough
identical,83,depunned,-47.181971393,-47.181971393,14.024978165,0.911257896,0.99999454452,5.45547992394e-06,7.15698259408e-05,1.2961404335,7.83590041386,prose,bankers;cons
identical,84,depunned,-64.4196620241,-64.4196620241,14.587734945,-1.241130724,0.999999821796,1.78203525772e-07,2.94754680707e-06,0.797726070359,7.41095608725,plane;food,fancy;food
identical,85,depunned,-80.9761167212,-80.9761167212,10.983223788,-3.674658894,0.999999484864,5.15135962801e-07,7.97370442038e-06,0.846315278855,7.46172887615,dam,horror
identical,86,depunned,-32.0016343796,-32.0016343796,14.924651948,-0.943478852,0.999999783356,2.166440493e-07,3.54104916253e-06,0.706551815818,7.32052873457,hertz,
identical,87,depunned,-34.8098223053,-34.8098223053,18.563120537,0.241628388,0.999999995419,4.58074246113e-09,9.25374324591e-08,0.910227938688,7.55490064459,role;directors;movie,directors;movie
identical,88,depunned,-62.8959766963,-62.8959766963,17.974790048,0.553361821,0.999999982594,1.74057342985e-08,3.28384696417e-07,1.44007207177,8.11725175719,collar;id;man;pocket;shirt,id;man;name
identical,89,depunned,-36.8558559469,-36.8558559469,14.896553195,0.107239567,0.999997015168,2.98483193191e-06,4.09577611646e-05,0.802040632327,7.4188041753,steal,bodybuilders
identical,90,depunned,-54.351803287,-54.351803287,14.009753429,-1.333643843,0.999997778606,2.22139356413e-06,3.11381059817e-05,0.726629400697,7.34108746655,dye,
identical,91,depunned,-42.1916555516,-42.1916555516,13.944368889,0.751295333,0.999984721173,1.52788273001e-05,0.000184706276234,1.16328821242,7.77578013007,waist,cardboard;paper
identical,92,depunned,-75.0933577056,-75.0933577056,15.655865785,-2.62593455,0.999999998921,1.07883802144e-09,2.33540179875e-08,1.15665461512,7.76910003976,feet;fourteen;pants;size,able
identical,93,depunned,-46.8431031069,-46.8431031069,15.358945731,-0.363848192,0.999998233483,1.76651743029e-06,2.5166689899e-05,1.02716569925,7.6728170423,aloud;say,wanted
identical,94,depunned,-62.6188765257,-62.6188765257,14.220542276,-2.751385753,0.999999559115,4.40885135685e-07,6.89301038216e-06,0.848772539525,7.46983282699,pail;carry,
identical,95,depunned,-57.2948345468,-57.2948345468,15.370575825,-0.337908601,0.99999940006,5.99939538664e-07,9.19493533654e-06,0.891921981844,7.50466963429,manor;family,family;speaking
identical,96,depunned,-79.7868284783,-79.7868284783,13.420277312,1.527329431,0.999999820411,1.79589452289e-07,2.96907920003e-06,1.73381892783,8.32845152294,cache;online,chips;poker;tournament
identical,97,depunned,-59.0825867653,-59.0825867653,16.418309434,2.760428847,0.999991184439,8.815561174e-06,0.000111419769027,2.1350494913,8.53714151947,reign;britain;long,autumn;britain;wet
identical,98,depunned,-61.2354665669,-61.2354665669,16.042669054,-0.058424919,0.999908026331,9.19736685788e-05,0.00094677347186,1.60507406178,8.2583031423,thyme;gardeners;tomato,extra;work
identical,99,depunned,-60.7968976695,-60.7968976695,12.775873734,-0.15841396,0.999909883546,9.01164539941e-05,0.000929493794544,1.06545599419,7.68562489611,pore,bad;excuse
identical,100,depunned,-57.5720223337,-57.5720223337,14.276186395,-1.237787072,0.99999942633,5.73669742684e-07,8.81799904943e-06,0.93912151714,7.54609635689,gilt,complex;people
identical,101,depunned,-26.2202292832,-26.2202292832,15.592548987,1.378747103,0.999997934646,2.0653543872e-06,2.91012722846e-05,1.07289011915,7.64027666186,heir,careless
identical,102,depunned,-46.0395587417,-46.0395587417,14.097976287,-2.300406862,0.999999842425,1.57574695569e-07,2.62572484893e-06,0.764688840931,7.37631306235,son;only,
identical,103,depunned,-110.506333834,-110.506333834,11.90816555,-2.614655643,0.999999866609,1.3339137417e-07,2.24497393272e-06,1.16052418333,7.74705370883,c's,high;terrible
identical,104,depunned,-73.8251882598,-73.8251882598,15.877671096,-0.306939442,0.999990572692,9.42730782389e-06,0.000118519126725,2.21918644636,8.76313308284,watt;bright;spark,knows;what's
identical,105,depunned,-69.5028438491,-69.5028438491,12.202907638,-1.216989186,0.999999631255,3.68745097911e-07,5.83102524678e-06,1.01842825266,7.6303934103,razor,fund
identical,106,nonpun,-64.4321443816,-64.4321443816,19.977710021,-1.789159568,0.999999997702,2.29753832598e-09,4.79988554922e-08,1.51135459707,8.18669685545,prophet;biblical;daniel;dreams;interpreting;known,biblical
identical,107,nonpun,-68.8092695166,-68.8092695166,18.681767112,-3.377867257,0.999999999793,2.07404525946e-10,4.83176832862e-09,1.62133446163,8.49375148752,pi;decimal;number,
identical,108,nonpun,-92.3869583084,-92.3869583084,23.265608995,-0.942443093,0.999999959007,4.09927573486e-08,7.38274247769e-07,2.11488507247,9.01464433801,knead;bakers;bread;dough;flour;make;together,make
identical,109,nonpun,-47.8604065277,-47.8604065277,19.228513169,-2.241213636,0.99999864836,1.3516397939e-06,1.96179586248e-05,1.83220250471,8.57499617499,oar;dipped;fisherman;river,
identical,110,nonpun,-46.7910834758,-46.7910834758,17.284296317,-2.033390413,0.999999957568,4.24320717778e-08,7.62731822247e-07,1.25498563744,7.90993006305,tiers;boxes;stacked,
identical,111,nonpun,-65.0940775214,-65.0940775214,22.631586738,-0.185473273,0.999999999951,4.91614388087e-11,1.21605290557e-09,1.65336383766,8.41706257199,poll;candidates;conducted;political;pollsters;popularity,candidates;pollsters
identical,112,nonpun,-55.0031350965,-55.0031350965,17.021527694,-2.353484941,0.999999840303,1.59696504935e-07,2.65894530407e-06,1.01523961787,7.63235815306,bored;alone;man;tears;time,
identical,113,nonpun,-46.5876953587,-46.5876953587,18.561570067,-1.763724912,0.999999999781,2.19114444804e-10,5.09253230967e-09,1.626865206,8.39247725291,greece;country;europe;southern,
identical,114,nonpun,-51.0366447542,-51.0366447542,20.265270414,1.727016297,0.999998514494,1.48550608108e-06,2.14206327088e-05,0.865863702544,7.49139486669,sine;angle;function;function;mathematics,function;function;mathematics
identical,115,nonpun,-53.3555220812,-53.3555220812,17.26062679,0.092881462,0.999999979222,2.07777758824e-08,3.88323787998e-07,0.76857979994,7.39451894778,principal;high;local;school,high;school
identical,116,nonpun,-40.9379286522,-40.9379286522,19.102663293,-2.232815009,0.999999999999,8.18735735258e-13,2.36049250125e-11,1.54680856192,8.25765690362,cd;bought;classical;music;new,
identical,117,nonpun,-43.5672932244,-43.5672932244,17.298493744,-1.740449904,0.999999836534,1.63465611994e-07,2.71788766094e-06,1.07188034873,7.68093119234,hare;fields;ran;rapidly,
identical,118,nonpun,-44.4502716632,-44.4502716632,15.180844373,-1.953967965,0.999998776173,1.22382683593e-06,1.7884426811e-05,0.76105724693,7.37206404054,knotty,
identical,119,nonpun,-61.4317831111,-61.4317831111,16.221893547,-2.53314453,0.999999686692,3.13308188485e-07,5.00543616594e-06,0.966206745567,7.57668257101,taut;clothesline;hangs,
identical,120,nonpun,-45.092726277,-45.092726277,19.898234644,-0.609175931,0.999999992066,7.93416493472e-09,1.55922905361e-07,1.49598713887,8.23609355842,marx;german;karl;philosopher,german
identical,121,nonpun,-30.7906279307,-30.7906279307,18.491654966,-0.619701827,0.999999974374,2.56255543661e-08,4.73551935659e-07,1.19794136894,7.89473165473,hi;say;waved,
identical,122,nonpun,-37.597344053,-37.597344053,14.556980086,0.663713115,0.999612384923,0.000387615076947,0.00343244932116,0.878822967947,7.49419944015,daze,bad;news
identical,123,nonpun,-42.8445212972,-42.8445212972,19.668776408,-1.358155319,0.999999998004,1.99604928331e-09,4.19811001245e-08,1.61671901529,8.33709358287,prose;essays;novels;written,
identical,124,nonpun,-31.5144777648,-31.5144777648,18.76297031,-1.08376262,0.999999996794,3.20611272536e-09,6.59119278415e-08,1.47124288161,8.20461810679,plane;airport;landed,
identical,125,nonpun,-53.3718951082,-53.3718951082,19.873713941,-1.191806774,0.999999999151,8.49415640697e-10,1.85907120558e-08,1.38442115266,8.08932661267,dam;beaver;building;logs;sticks,beaver
identical,126,nonpun,-77.0198817663,-77.0198817663,18.501371804,-2.677226129,0.99999999893,1.07013923214e-09,2.31743754626e-08,1.4422840321,8.0854020356,hertz;computer;mega;processing;speed,
identical,127,nonpun,-45.6780310742,-45.6780310742,18.943216079,-0.80162765,0.999999998896,1.10352490756e-09,2.3863457137e-08,1.13097358999,7.75063560175,role;leading;plays;show;television,plays
identical,128,nonpun,-41.2760065493,-41.2760065493,17.965404957,-1.606906923,0.999999997974,2.02570152303e-09,4.25748773999e-08,1.36530866072,8.07296937483,collar;dog;walking,
identical,129,nonpun,-76.1533385499,-76.1533385499,14.8612547,-3.799156902,0.999999937809,6.21905879194e-08,1.0941228776e-06,0.945832935224,7.5536250643,steal;wanted,
identical,130,nonpun,-40.6181817309,-40.6181817309,15.70245259,-0.291375251,0.999998840829,1.15917114988e-06,1.70024961036e-05,1.54338954683,8.1901944394,dye;hair,people
identical,131,nonpun,-48.7315366801,-48.7315366801,18.372430956,-2.192827326,0.999999990397,9.6027916756e-09,1.86881964472e-07,1.43864554037,8.13037669277,waist;belt;small;tiny,
identical,132,nonpun,-43.9033335044,-43.9033335044,17.049294181,-2.192994672,0.999999999587,4.12877656362e-10,9.33428426225e-09,1.31679953563,8.022549706,feet;hurting;shoes,
identical,133,nonpun,-47.0358742407,-47.0358742407,16.734943638,-1.508727354,0.999999857991,1.42008922394e-07,2.38111697962e-06,1.02615412813,7.65265250484,aloud;poem;read,
identical,134,nonpun,-61.3537271252,-61.3537271252,18.433470479,-1.512854653,0.99999997748,2.25196372128e-08,4.19065184526e-07,1.18709751444,7.85485253431,pail;clean;filled;water,clean
identical,135,nonpun,-55.5347868236,-55.5347868236,18.136115821,-0.913427355,0.999999978762,2.12375472099e-08,3.96451808892e-07,1.21815600224,7.877199551,manor;huge;live;people;wealthy,people
identical,136,nonpun,-54.5789265586,-54.5789265586,18.531770124,-1.559595475,0.999999999951,4.94030007246e-11,1.22178602796e-09,1.16777120391,7.79973396339,cache;database;pages;stored;web,
identical,137,nonpun,-61.9546907168,-61.9546907168,18.781263244,-2.341758654,0.999999994951,5.04875285618e-09,1.01500756402e-07,1.68640908393,8.43910124366,reign;ended;heir;king's,
identical,138,nonpun,-79.7411354157,-79.7411354157,17.652136329,-2.642940035,0.999998612352,1.3876484116e-06,2.01041105063e-05,1.48220311653,8.09401051982,thyme;chicken;flavored;meals;sauce,meals
identical,139,nonpun,-56.9518189816,-56.9518189816,19.48237576,-1.237270859,0.999999962528,3.74718207643e-08,6.78227837964e-07,1.76649047036,8.50977858851,pore;opening;skin;small;surface,small;very
identical,140,nonpun,-32.318844133,-32.318844133,16.021882023,-0.042105441,0.999999669026,3.30974096913e-07,5.2695132502e-06,0.693655997795,7.30736470977,gilt;frame,frame
identical,141,nonpun,-53.4862348209,-53.4862348209,20.456721816,-2.320572197,0.999999999606,3.94382922441e-10,8.93423198278e-09,2.0483531953,8.84395832479,heir;british;prince;throne;william,
identical,142,nonpun,-19.2231429155,-19.2231429155,17.763125915,-0.630705819,0.999999978577,2.14227010085e-08,3.99722207933e-07,1.24181919991,7.97005682751,son;daughter,
identical,143,nonpun,-67.094287335,-67.094287335,13.608246085,-0.279428815,0.999999748251,2.51749273208e-07,4.07703720245e-06,1.16543428083,7.75372297988,c's,high
identical,144,nonpun,-72.8791583921,-72.8791583921,21.292714731,-3.60200233,0.999999998445,1.55467846152e-09,3.3086662528e-08,2.61042160516,9.54002536134,watt;bulb;lamp;light;sixty,
identical,145,nonpun,-43.8430496747,-43.8430496747,19.772868655,-1.798324596,0.999999999894,1.06331846832e-10,2.54818499116e-09,1.8544554195,8.67991920901,razor;beard;shave;used,
identical,146,nonpun,-40.2596373029,-40.2596373029,18.185718078,-1.722539657,0.999998002538,1.99746213594e-06,2.82114203746e-05,1.63208290875,8.36803057859,knot;double;tie,
identical,147,nonpun,-26.2713468354,-26.2713468354,17.864862532,-0.906907287,0.999999921188,7.88122366776e-08,1.36788074711e-06,1.33234464356,8.15770312391,wood;trees,
identical,148,nonpun,-43.4695494775,-43.4695494775,18.5001396,-2.002807445,0.999999999705,2.94696178609e-10,6.76182624978e-09,1.58360046302,8.28484734895,grader;score;tests,
identical,149,nonpun,-23.2781504147,-23.2781504147,17.069338754,-0.808131183,0.999998992059,1.00794095312e-06,1.49251869255e-05,1.09503437717,7.72388292613,eye;poked,
identical,150,nonpun,-37.6258928002,-37.6258928002,17.281674429,-0.89938086,0.999999984525,1.54753911417e-08,2.93785053516e-07,1.33735091711,8.09759733765,cell;biology,works
identical,151,nonpun,-24.8301486759,-24.8301486759,16.457821941,-0.810026414,0.999999702462,2.97537750026e-07,4.76885310965e-06,0.889669389801,7.49653124883,scent;unpleasant,
identical,152,nonpun,-24.7088847713,-24.7088847713,18.163241321,-0.72881682,0.999999999903,9.7067182668e-11,2.33501099394e-09,1.15127422752,7.83193408033,course;school;took,
identical,153,nonpun,-20.5366534987,-20.5366534987,17.472165421,-0.564228102,0.999999969656,3.03444896962e-08,5.55627357053e-07,1.12111567771,7.79692246944,deer;forest,
identical,154,nonpun,-68.6849157774,-68.6849157774,18.491664661,-2.096628092,0.999999683164,3.1683587399e-07,5.05824727404e-06,1.76283096575,8.62201354307,bee;angry;honey;stung,angry
identical,155,nonpun,-30.4271033223,-30.4271033223,18.630052929,-0.180819416,0.999999962791,3.72091561719e-08,6.73735435554e-07,1.09371120443,7.78703235352,brake;cars;slowly,cars
identical,156,nonpun,-51.3904166975,-51.3904166975,15.929892318,-1.465247725,0.999989048927,1.09510734639e-05,0.000136034974836,1.08138479098,7.7280809182,flour;baking,kinds
identical,157,nonpun,-20.7322888623,-20.7322888623,17.159565545,-0.027407556,0.999999714244,2.85756317878e-07,4.59156860155e-06,0.843916242136,7.47431564555,fare;paid,
identical,158,nonpun,-35.4274856422,-35.4274856422,17.963923667,1.210198248,0.99999996347,3.65302917686e-08,6.62116067639e-07,0.996964675352,7.65516854146,heel;bruised;walking,bruised;walking
identical,159,nonpun,-33.6632096124,-33.6632096124,19.258813817,-0.153658823,0.999999516722,4.83277529098e-07,7.51142533387e-06,1.27883387819,8.00188469855,hymn;church;sang,church
identical,160,nonpun,-47.2523099313,-47.2523099313,15.707956266,0.533939263,0.999998556328,1.44367194512e-06,2.08586342472e-05,0.772844507092,7.37821949971,no's;answered,answered
identical,161,nonpun,-20.0940839019,-20.0940839019,16.708630598,0.302022196,0.999990386232,9.61376839064e-06,0.000120674996038,0.71216916961,7.32652258334,inn;stayed,stayed
identical,162,nonpun,-38.262311087,-38.262311087,20.215544392,-0.982174928,0.999999999338,6.61912885784e-10,1.46520289221e-08,1.62317573542,8.39009667489,idol;famous;movie;star,
identical,163,nonpun,-32.7897332132,-32.7897332132,18.376543787,-0.428474766,0.999999539416,4.60584238028e-07,7.18086284715e-06,1.12098426792,7.79020264582,maid;clean;hired,
identical,164,nonpun,-43.0559068588,-43.0559068588,16.714406376,-1.566195307,0.999999366207,6.33792608243e-07,9.67899153603e-06,1.14469180824,7.76819328896,nun;kind;pious,
identical,165,nonpun,-32.8440852501,-32.8440852501,18.363442521,-0.972961911,0.999999872616,1.27384023588e-07,2.14974035405e-06,1.33381640695,8.04048503662,mourning;died;loved,
identical,166,nonpun,-31.2383352176,-31.2383352176,16.208603722,-0.584505714,0.999999730622,2.69378190696e-07,4.34430232561e-06,0.906813777481,7.52014413164,meat;vegetarians,like
identical,167,nonpun,-28.2913019714,-28.2913019714,16.87778924,-0.684748232,0.999998948656,1.05134406198e-06,1.55235583263e-05,1.12490781709,7.82125088699,reel;fish,
identical,168,nonpun,-35.2822331223,-35.2822331223,18.422837124,-0.688845788,0.999999969824,3.01759230994e-08,5.52708890469e-07,1.23062070326,7.89473276963,pear;apples;ate,
identical,169,nonpun,-44.0858622848,-44.0858622848,17.800123416,-1.540862467,0.999999998398,1.60200666875e-09,3.40458598313e-08,1.26602706987,7.99627248636,pray;bed;christians,
identical,170,nonpun,-50.7739647823,-50.7739647823,17.517611442,-0.844360893,0.99999999202,7.98019711645e-09,1.56781368372e-07,1.10425697278,7.80554369502,root;tree's,
identical,171,nonpun,-49.5970063358,-49.5970063358,22.377264601,-1.842582559,0.999999999995,4.64472396791e-12,1.25850144108e-10,2.23609085346,9.11895375435,profit;business;dollars;made;million;year,
identical,172,nonpun,-39.3015815211,-39.3015815211,19.41276068,-1.57653104,0.999999999029,9.7111512424e-10,2.11242555868e-08,1.71849503569,8.53828973708,pie;apple;dessert,
identical,173,nonpun,-34.5793484453,-34.5793484453,15.595815562,-1.922859855,0.999999999982,1.84333957476e-11,4.74048974691e-10,0.798172328142,7.40828067849,need;company,
identical,174,nonpun,-37.3078861526,-37.3078861526,13.208257692,-2.679817599,0.999999999956,4.41419116514e-11,1.09664450053e-09,0.694522006136,7.30823637795,or,
identical,175,nonpun,-64.183231489,-64.183231489,19.423387107,-2.881130281,0.99999999998,1.97702504694e-11,5.07044552137e-10,1.7951499181,8.56361919896,tears;cheeks;movie;sad,
identical,176,nonpun,-37.5786202419,-37.5786202419,17.828494708,-0.128252333,0.99999996014,3.98598801825e-08,7.18988353693e-07,0.854596497727,7.486650597,pole;flag;up,flag
identical,177,nonpun,-47.0247121341,-47.0247121341,19.514106246,-0.624091642,0.999999999957,4.32847812243e-11,1.07619896683e-09,1.36625578589,8.0341516206,board;company's;directors;meeting,meeting
identical,178,nonpun,-22.2840897912,-22.2840897912,16.63160784,-0.424750336,0.999999734122,2.65878479242e-07,4.29133883511e-06,0.827939294135,7.44404298208,grease;plate,
identical,179,nonpun,-45.6013724283,-45.6013724283,17.600345243,-2.986489798,0.999999999993,6.85984962431e-12,1.83194693772e-10,1.50366900147,8.1302903465,sign;boutique;says;store,
identical,180,nonpun,-29.3910877193,-29.3910877193,17.329105008,0.563459741,0.999999911831,8.81691405714e-08,1.52038943334e-06,0.729128304233,7.34381528688,principle;believe;physics,believe;physics
identical,181,nonpun,-65.7155394715,-65.7155394715,15.988623794,-2.687601902,0.999994871483,5.12851663363e-06,6.75973957624e-05,1.1515431046,7.7522637248,seedy;bar;drunken;unwashed,
identical,182,nonpun,-36.2554644418,-36.2554644418,19.034011484,-1.702843482,0.999999999967,3.25209836368e-11,8.17874629092e-10,1.55102859682,8.33143596518,hair;heads;lots;people,
identical,183,nonpun,-29.1396857417,-29.1396857417,16.701090281,-1.094829715,0.999999999448,5.52147607458e-10,1.2322391675e-08,0.892628907029,7.5034606262,naughty;boy;child,
identical,184,nonpun,-36.7139632107,-36.7139632107,19.442661512,-1.871925124,0.999999999987,1.26476900366e-11,3.30023170063e-10,1.75016500829,8.46467468037,taught;college;mathematics;students,
identical,185,nonpun,-41.0506148013,-41.0506148013,17.881421001,-2.154793015,0.999999999689,3.10904018827e-10,7.11707076115e-09,1.29826573434,7.93132162241,marks;high;high;school,
identical,186,nonpun,-37.9318546077,-37.9318546077,17.03226253,-1.712172028,0.999999998585,1.41502928193e-09,3.02478295582e-08,1.03483070745,7.647456047,high;feet;statue;ten,
identical,187,nonpun,-25.2932868589,-25.2932868589,18.785733098,-1.425062618,0.999999999996,3.98313229753e-12,1.0853619801e-10,1.6127964028,8.37227807121,days;seven;week,
identical,188,nonpun,-48.3430120547,-48.3430120547,16.567385677,-1.845232525,0.999999996272,3.72777622877e-09,7.60744217487e-08,1.20112265039,7.89092776937,pros;cons,
identical,189,nonpun,-39.2652628097,-39.2652628097,15.718203733,-1.73993007,0.999999980379,1.96211036484e-08,3.67830161436e-07,0.79346633131,7.40728162364,plain;beautiful,
identical,190,nonpun,-32.9532419763,-32.9532419763,15.156518967,-1.610493366,0.999999956306,4.36937568829e-08,7.84130808326e-07,0.751197218448,7.36229442465,damn,
identical,191,nonpun,-33.2685482908,-33.2685482908,17.422331035,-1.414488394,0.999999996091,3.90917183014e-09,7.95905050961e-08,1.20688955532,7.85608860725,hurts;fell;leg,
identical,192,nonpun,-47.7812481714,-47.7812481714,14.763576261,-1.198514076,0.999999718231,2.81769062221e-07,4.53146018231e-06,0.765755951616,7.38062824222,roll,dress
identical,193,nonpun,-28.2852298008,-28.2852298008,18.141310469,-1.318663251,0.99999999448,5.51973578802e-09,1.1047715764e-07,1.38898386194,8.13407544204,caller;bank;phone,
identical,194,nonpun,-35.6284430066,-35.6284430066,17.156180791,-1.132426441,0.999999998556,1.44384415333e-09,3.08346732634e-08,0.965070667865,7.5833413238,steel;made;ship;wood,
identical,195,nonpun,-47.1792680633,-47.1792680633,17.734806436,-2.630904714,0.99999999986,1.39670531097e-10,3.30903715066e-09,1.52230023636,8.15804179848,die;attack;heart;scared,
identical,196,nonpun,-26.5422451758,-26.5422451758,16.177787323,-1.119101515,0.999999996248,3.75215628776e-09,7.65474970649e-08,0.870708329858,7.48929336466,waste;time,
identical,197,nonpun,-51.2359854472,-51.2359854472,14.926560855,-1.45455701,0.999999181292,8.18708499676e-07,1.22933480387e-05,0.712742372653,7.32600977549,feat,
identical,198,nonpun,-40.9830884358,-40.9830884358,15.271844785,-1.972614283,0.999999997275,2.72511759079e-09,5.64664917912e-08,0.80901204196,7.42085219255,allowed;use,
identical,199,nonpun,-31.6446212475,-31.6446212475,17.597362559,-0.195400035,0.99999999819,1.80951025257e-09,3.8235330988e-08,0.879175132285,7.49802269422,pale;looks;sick,sick
identical,200,nonpun,-26.4118561785,-26.4118561785,15.938804769,-0.040837291,0.999999971165,2.88345891274e-08,5.2945179104e-07,0.694678608336,7.30838974153,manner;food,food
identical,201,nonpun,-62.0995549945,-62.0995549945,19.569899911,-2.571315952,0.999999990777,9.22294421565e-09,1.79861906185e-07,1.78708353999,8.45657730009,cash;bought;chips;stocks;ten,
identical,202,nonpun,-36.4019987502,-36.4019987502,16.352481536,-0.756013443,0.999999995067,4.93263601251e-09,9.92811000565e-08,0.77669618464,7.3918646434,rain;city;fell,city
identical,203,nonpun,-25.2804668662,-25.2804668662,17.849080031,-1.058255877,0.999999999993,6.79717775503e-12,1.81583349445e-10,1.19467720601,7.82661063048,time;lunch;meeting,
identical,204,nonpun,-59.2076114743,-59.2076114743,17.082789681,-3.236772438,0.99999999996,4.01045170718e-11,1.00018785081e-09,1.17988626726,7.78503586169,poor;afford;buy;cannot;family,
identical,205,nonpun,-66.5433976546,-66.5433976546,19.54145805,-2.262126416,0.999999999892,1.08275031339e-10,2.59279133523e-09,1.54479439474,8.22329729765,guilt;accused;innocence;jury;person,
identical,206,nonpun,-45.4708299504,-45.4708299504,14.261700457,-1.857735147,0.999999967533,3.24673504004e-08,5.92302874703e-07,0.702283729008,7.31595401366,err,
identical,207,nonpun,-48.8933187261,-48.8933187261,20.962888531,-2.599560614,0.999999999972,2.80378363961e-11,7.0928617697e-10,2.26460537301,9.04284223353,sun;evening;morning;rises;sets,
identical,208,nonpun,-55.4369871791,-55.4369871791,19.967975379,-1.898315051,1.0,9.52181635885e-14,2.9500347654e-12,1.9265250211,8.68251416444,seas;high;mid-atlantic;ship,
identical,209,nonpun,-33.2896141353,-33.2896141353,14.856588705,-1.991128371,0.999999999522,4.78465480273e-10,1.07465438089e-08,0.731551229012,7.3440081864,what,
identical,210,nonpun,-58.3733806996,-58.3733806996,15.078108805,-2.749549403,0.999999927116,7.28841057045e-08,1.27069030372e-06,1.10350012664,7.72234348201,raiser;fund,
identical,211,nonpun,-21.8293059179,-21.8293059179,15.673500163,-0.622480047,0.999999999905,9.46716215631e-11,2.27975007889e-09,0.703604565649,7.31707522013,not,
identical,212,nonpun,-45.7552160382,-45.7552160382,15.083587097,-3.665923748,0.999999999357,6.4286704944e-10,1.42492016672e-08,0.966845248034,7.57004918686,would;let;not,
identical,213,nonpun,-48.1903758604,-48.1903758604,19.968171873,0.016266416,0.999999990852,9.1475814215e-09,1.78467267392e-07,1.22917348505,7.95076871385,grater;cheese;cheese;slices,cheese;cheese
identical,214,nonpun,-21.9949516946,-21.9949516946,15.789014834,-1.169686027,0.999999999263,7.36898584975e-10,1.62328226368e-08,0.759433511389,7.37173463806,i;know,
identical,215,nonpun,-30.606423146,-30.606423146,18.851575813,-1.203009537,0.999999998397,1.6026202145e-09,3.40582852113e-08,1.32444328559,8.01872124207,sell;car;good;price,
identical,216,nonpun,-57.7446846903,-57.7446846903,15.503028627,-3.509469633,0.999999999411,5.88983948978e-10,1.31064373126e-08,1.10260931588,7.71590269573,cent;borrow;stingy,
identical,217,nonpun,-28.9954046442,-28.9954046442,16.723287154,-0.59209063,0.999998058054,1.94194580612e-06,2.74820657964e-05,0.798581320626,7.41431767805,coarse;hair,
identical,218,nonpun,-18.547476949,-18.547476949,17.12621052,-0.70352613,0.999999991261,8.73891918868e-09,1.7089375348e-07,1.06980386548,7.70620025322,dear;friend,
identical,219,nonpun,-26.8261714368,-26.8261714368,14.941176087,-1.52976422,0.999999999746,2.53831251905e-10,5.86206817337e-09,0.708149347174,7.32137338807,be,
identical,220,nonpun,-28.1901412566,-28.1901412566,17.300335168,0.538906406,0.999999990439,9.56084063258e-09,1.86107405541e-07,0.91017462008,7.54277927583,break;leg;performance,performance
identical,221,nonpun,-60.291469569,-60.291469569,20.475409253,-2.940895302,1.0,1.72327014539e-13,5.23700217695e-12,2.1535040254,8.93052474811,flower;growing;picked;pretty;weeds,
identical,222,nonpun,-31.4446770942,-31.4446770942,18.205742496,-1.468540662,0.999999999657,3.43055072512e-10,7.81929886249e-09,1.22931266923,7.86405117253,fair;game;not;rules,
identical,223,nonpun,-47.0293472107,-47.0293472107,17.056733336,-2.347090838,0.999999994576,5.42403612629e-09,1.08656600371e-07,1.26234394071,7.9370919036,heal;time;wounds,
identical,224,nonpun,-51.3732560958,-51.3732560958,14.137047733,-2.450057639,0.99999999952,4.80159036024e-10,1.07828852403e-08,0.736779135584,7.35038492812,him;john,
identical,225,nonpun,-37.5270077965,-37.5270077965,16.602525335,-1.268474199,1.0,7.01532422711e-16,2.52559125377e-14,0.949682714803,7.56074214773,knows;dictionary;word,word
identical,226,nonpun,-38.5649019458,-38.5649019458,18.081665786,0.946662169,0.999999999718,2.81945492277e-10,6.48173155354e-09,1.26089708082,7.8320114977,in;close;come;door;room,door;room
identical,227,nonpun,-38.0024406138,-38.0024406138,17.217119595,-1.392820795,0.99999999222,7.77950941985e-09,1.53036739946e-07,0.98168242611,7.61348055685,idle;doing;just;sitting,
identical,228,nonpun,-18.1481411168,-18.1481411168,16.827388061,-0.525779941,0.99999999957,4.2992216066e-10,9.70223270185e-09,0.909027022179,7.52980447982,made;cake,
identical,229,nonpun,-25.8493512227,-25.8493512227,15.441452209,-1.312583537,0.999999999039,9.60954541512e-10,2.09133440238e-08,0.729441565782,7.3422727048,none,
identical,230,nonpun,-48.7947246359,-48.7947246359,21.083709693,-1.384966677,0.999999999995,5.48490455103e-12,1.47703042422e-10,1.8404005213,8.63398890227,morning;shining;sun;up;woke,
identical,231,nonpun,-49.5916824575,-49.5916824575,16.278461883,-2.824964499,0.999999999045,9.54926676448e-10,2.07881678585e-08,1.09966763985,7.70119149548,meet;able;finally;pals,
identical,232,nonpun,-57.9798942421,-57.9798942421,17.72403731,-3.915723663,0.999999999991,8.97248590314e-12,2.37204342321e-10,1.49038692107,8.10537217844,real;counterfeit;diamond;just;very,
identical,233,nonpun,-30.9611307259,-30.9611307259,19.474636945,-1.260861434,0.999999999836,1.64031957802e-10,3.85982946431e-09,1.77168675358,8.61194357393,pair;matching;socks,
identical,234,nonpun,-51.4850820054,-51.4850820054,18.377014378,-0.859521856,0.999999989002,1.0998429973e-08,2.12550304679e-07,1.13185022577,7.7878997381,prey;eagle's;easily;mouse,eagle's
identical,235,nonpun,-41.186260775,-41.186260775,18.92893487,-1.802324964,0.999999998682,1.31829124038e-09,2.82732992447e-08,1.464368984,8.15211576164,route;faster;home;take;way,
