"","uniqueID","N","correctness","sd","se","ci"
"1",1,11,-0.113382046272727,0.789606164615102,0.23807521637999,0.530464639311295
"2",2,16,-0.4045985921875,0.841590527960934,0.210397631990234,0.448451937092436
"3",3,10,-0.8739528722,0.272185601945265,0.0860726448450995,0.194709850057328
"4",4,10,0.4946256511,0.93095013747368,0.29439228224637,0.665961609956137
"5",5,10,0.1320010239,0.484954318303986,0.153356020697488,0.346915420679052
"6",6,13,-0.0945048142307692,0.920653166567473,0.255343246075178,0.556345140517474
"7",7,9,-0.227982717555556,0.993046277503037,0.331015425834346,0.763322940790369
"8",8,14,0.513395387928571,0.780257720646731,0.208532647431803,0.450507395360873
"9",9,11,-0.248133291181818,0.670760650082907,0.202241945496352,0.450623136261713
"10",10,16,-0.0307736619375,0.778784631936438,0.194696157984109,0.414985037457464
"11",11,10,-0.5992655279,0.701577275416138,0.221858214493025,0.501878149041017
"12",12,10,-0.6399730002,0.667959180444554,0.211227239422419,0.477829212637517
"13",13,10,-0.1229599265,0.883044577346393,0.279243213987533,0.631692036684689
"14",14,13,-0.534084876615385,0.693906537787646,0.192455046336388,0.419323524091924
"15",15,9,-0.0654095144444445,1.05002132468069,0.350007108226898,0.807117838922079
"16",16,14,-0.398437447785714,0.749794394213654,0.200390980976515,0.432918394339495
"17",17,11,-0.280978616909091,0.688026649138663,0.207447840087131,0.462222592258773
"18",18,16,-0.0930646046875,0.744634647265926,0.186158661816481,0.396787795130755
"19",19,10,-0.1531798429,0.979692489343531,0.30980596728858,0.700829787979486
"20",20,10,-0.5273784013,0.695836536949479,0.220042833592426,0.497771472133521
"21",21,10,-0.6791280022,0.647423203121177,0.204733193190475,0.463138659438382
"22",22,13,0.0262632439230769,0.800937834462919,0.222140186970396,0.484001889355775
"23",23,9,0.0895655815555556,0.740043691032169,0.246681230344056,0.568847937250645
"24",24,14,-0.441887083571429,0.512137668564553,0.136874549330696,0.295699486241506
"25",25,11,0.250867048090909,0.836666023502333,0.252264297708719,0.562079882693829
"26",26,16,-0.0711518934375,0.75122370443704,0.18780592610926,0.400298855859015
"27",27,10,-0.7080616604,0.542267004847479,0.17147988352756,0.387914446797672
"28",28,10,-0.3933542834,0.87239161846151,0.275874452597897,0.624071368977366
"29",29,10,-0.4415053806,0.831616577944693,0.262980252626018,0.594902662152428
"30",30,13,-0.459711017769231,0.595919828392287,0.165278422871853,0.360110748220359
"31",31,9,-0.116413885555556,0.734178001647591,0.244726000549197,0.564339169258426
"32",32,14,-0.4807585555,0.783650913043799,0.209439516245891,0.452466566322353
"33",33,11,-0.187114940363636,0.745242910107217,0.224699191863472,0.500660999400921
"34",34,16,-0.4238347818125,0.64615762062541,0.161539405156352,0.344313091710504
"35",35,10,-0.7022909861,0.449814310469101,0.142243774522048,0.321777773398504
"36",36,10,-0.4309113522,0.993847004985106,0.314282018148965,0.710955318494357
"37",37,10,-0.8046615171,0.583331514138674,0.184465621563293,0.417290227109425
"38",38,13,-0.0209112808461538,0.836404016578179,0.231976736059743,0.505433888711296
"39",39,9,-0.229303373111111,0.774828947354491,0.25827631578483,0.595586252225116
"40",40,14,-0.761400714071429,1.12655711458825,0.301085053530132,0.650454712575919
"41",41,9,-0.425047346444444,0.639113569688042,0.213037856562681,0.491266178188574
"42",42,14,-0.5056964405,0.767854728076639,0.205217808234089,0.443346120656919
"43",43,11,-0.210724679727273,0.931453776789698,0.280843880651898,0.62575916182309
"44",44,16,-0.4025347125625,0.828478154709824,0.207119538677456,0.441464846590614
"45",45,10,-0.8319342957,0.332755993635465,0.105226684496056,0.238039298050261
"46",46,10,-0.6992296985,0.703479471896144,0.222459741836423,0.503238898429503
"47",47,10,-0.7024755956,0.517104286165587,0.163522733211875,0.369914122215584
"48",48,13,-0.568095224846154,0.750165428525789,0.208058455202319,0.453320431515557
"49",49,9,-0.628888824777778,0.562259762158466,0.187419920719489,0.432191112198777
"50",50,14,-1.17618988821429,0.719410755039338,0.192270611836968,0.41537540337151
"51",51,11,-0.410749375727273,0.698785551565317,0.210691771223973,0.469450521257937
"52",52,16,-0.6402585015625,0.598368359477966,0.149592089869491,0.318847991971664
"53",53,10,-1.0185241692,0.137930901860627,0.0436175809600737,0.0986698231927613
"54",54,10,-0.7843740837,0.611315487468156,0.193314930933549,0.437308755687168
"55",55,10,-1.2130537288,0.48549859921344,0.15352813743357,0.347304775786418
"56",56,13,-0.244401859692308,0.550244332119804,0.152610319499338,0.332509322064772
"57",57,9,-0.853461596,0.714088575858488,0.238029525286163,0.548897069610576
"58",58,14,-0.776641077142857,0.504535572868761,0.134842803793902,0.291310166865907
"59",59,11,-0.648157560363636,0.526414867585685,0.158720054531485,0.353650320090982
"60",60,16,-0.3619250105625,0.916981423881756,0.229245355970439,0.488624909804881
"61",61,10,-0.8159959867,0.338772362251362,0.107129227302995,0.242343148888507
"62",62,10,-0.6171125761,0.721116797323642,0.228037153854872,0.515855880976915
"63",63,10,-0.0237531056,0.798400313772393,0.252476347611386,0.571141178186227
"64",64,13,-0.484759007538462,0.679327203868806,0.188411466643581,0.410513320779454
"65",65,9,-0.500392119555556,0.533120925707359,0.177706975235786,0.409793019748347
"66",66,10,-0.6308560086,0.759002396138553,0.240017632132322,0.542957605725996
"67",67,10,-0.9070491973,0.252611591762783,0.0798827993331024,0.180707446695749
"68",68,10,-0.9988862826,0.581278176727391,0.183816299260844,0.415821358011976
"69",69,13,-0.529325747615385,0.668165488989848,0.185315763926798,0.40376836398329
"70",70,9,-0.833300169777778,0.319294601771052,0.106431533923684,0.245431557344138
"71",71,14,0.0600466005,1.00975999513984,0.269869710334556,0.583018063535468
"72",72,11,-0.314828914818182,0.628992381525117,0.189648338682808,0.422562831633815
"73",73,16,0.3389912895,0.772032378941103,0.193008094735276,0.411387015812862
"74",74,10,-1.0143863833,0.339790246135329,0.107451110449687,0.24307129915438
"75",75,10,-0.723570061,0.455565098082986,0.144062333242024,0.325891639032867
"76",76,10,-0.9449900387,0.519930664563559,0.164416512538584,0.371935991521459
"77",77,13,-0.604605221307692,0.457485178281111,0.126883559081333,0.276455526400248
"78",78,9,-0.861771162777778,0.429957460227706,0.143319153409235,0.330494560415657
"79",79,14,-0.698190103214286,0.377956757961967,0.101013192522109,0.218225735014006
"80",80,11,-0.927987142545455,0.428250547341227,0.129122398345017,0.287702632414179
"81",81,16,-1.0033984181875,0.257988485611701,0.0644971214029252,0.137472360104179
"82",82,10,-0.7402030977,0.422324778556303,0.133550821256415,0.302112946902783
"83",83,10,-0.8159239551,0.497641384488471,0.157368023294316,0.355991201090631
"84",84,10,-0.5465333477,0.767354054085487,0.242658658267417,0.54893202191464
"85",85,13,-0.555241142846154,0.555356842654771,0.154028274797813,0.335598781260983
"86",86,9,-0.883104842333333,0.355413030334709,0.11847101011157,0.273194639219094
"87",87,14,-0.360413210428571,0.835017608268618,0.223167843004613,0.482124813157576
"88",88,11,-0.319214182272727,0.556926563272858,0.167919676923473,0.374148356166172
"89",89,16,-1.034124610375,0.726202370567418,0.181550592641855,0.386965928182589
"90",90,10,-1.0055227695,0.229685076974145,0.0726327987789393,0.164306806011858
"91",91,10,-0.6779248876,0.803598468992578,0.254120148624074,0.574859714421294
"92",92,10,-0.9131532938,0.613765186541797,0.19408959379902,0.439061164837047
"93",93,13,-0.651895701,0.428433160161685,0.118825979005541,0.258899567555041
"94",94,9,-0.752450889666667,0.238087266360139,0.0793624221200463,0.183010073588645
"95",95,14,-0.493993393285714,0.71543145355259,0.191207098779676,0.413077823096798
"96",96,11,-0.480185031636364,0.493727217494001,0.148864357201254,0.331690457956077
"97",97,16,-0.5740049164375,0.744288153552715,0.186072038388179,0.396603161663865
"98",98,10,-0.7192901889,0.392853859972653,0.124231298510244,0.28103072176867
"99",99,10,-1.0319780712,0.41898654432819,0.132495178904018,0.299724917993954
"100",100,10,-0.3295014046,0.719039978892192,0.227380406201872,0.51437021456953
"101",101,13,-0.946180354076923,0.480589015661961,0.13329141064569,0.290417035599272
"102",102,9,-0.607899892777778,0.588608763071939,0.19620292102398,0.452444747220433
"103",103,14,-0.234996957642857,0.531858000267079,0.142145029672438,0.307085666776308
"104",104,11,-0.886135847090909,0.422459830789158,0.127376431611334,0.283812376100585
"105",105,16,-0.7643444893125,0.74321595414791,0.185803988536978,0.396031826930334
"106",106,10,0.7749940579,0.712391737889697,0.225278047801712,0.509614349455838
"107",107,13,0.894341343692308,0.594043370046632,0.164757986965582,0.358976815790755
"108",108,9,0.906047240222222,0.504386360223228,0.168128786741076,0.387705677471781
"109",109,14,0.748322468642857,0.588598524260059,0.157309572581564,0.339846669966769
"110",110,11,1.057234942,0.305830093784216,0.0922112427892226,0.205459452648606
"111",111,16,0.9051622463125,0.452353240527519,0.11308831013188,0.241042027238718
"112",112,10,0.675327617,0.576216295257869,0.182215591791895,0.412200306145548
"113",113,10,0.9636471027,0.727174864136635,0.229952882789526,0.520189560908421
"114",114,10,0.3051658835,0.889303146087565,0.281222347199016,0.636169147055178
"115",115,13,0.984333203923077,0.628759299208197,0.174386453324612,0.379955441823831
"116",116,9,-0.364464996888889,1.04783116874432,0.349277056248106,0.805434336040071
"117",117,14,0.927693554357143,0.311145984236916,0.0831572621632218,0.179650342734684
"118",118,11,1.037891081,0.450697844443283,0.135890513076394,0.302782931801862
"119",119,16,0.53054803675,0.797852261617901,0.199463065404475,0.425145460112329
"120",120,10,0.7418854162,0.618459455528109,0.195574051993644,0.44241924257489
"121",121,10,0.8636134306,0.537550563897533,0.169988413942408,0.384540508192525
"122",122,10,1.0010320198,0.594459618067046,0.187984637008565,0.425250793104945
"123",123,13,0.530624621769231,0.78736774632728,0.218376521694579,0.475801567166254
"124",124,9,1.22181945488889,0.285829085620853,0.0952763618736177,0.219707684467771
"125",125,14,0.901743833,0.399752064813243,0.106838233299043,0.230809970531112
"126",126,11,0.623008964090909,0.734632149262977,0.221499927094332,0.493532593271009
"127",127,16,1.0035416355,0.20642648187406,0.0516066204685151,0.109996907745492
"128",128,10,0.9897229569,0.522176449027619,0.165126691942609,0.373542528947146
"129",129,10,0.8343919986,0.436788525859221,0.138124659754249,0.31245968842214
"130",130,10,0.8753432244,0.716121048959444,0.22645735951008,0.512282137884095
"131",131,13,0.855105527923077,0.582998913700532,0.16169480591439,0.352302717616826
"132",132,9,0.920323004777778,0.55334229175216,0.184447430584053,0.425336537654611
"133",133,14,0.748040053142857,0.778623732497026,0.208095945729642,0.449563958691302
"134",134,11,1.03091386272727,0.392514049079984,0.118347438703768,0.263694526208931
"135",135,16,0.7441399175,0.531826152702133,0.132956538175533,0.283390152873441
"136",136,10,1.0243668873,0.262152454140902,0.082899884928809,0.187532568486852
"137",137,10,0.9707100098,0.337303532051241,0.106664742410153,0.241292411061152
"138",138,10,0.9505989293,0.603372414158419,0.190803110605503,0.431626623340417
"139",139,13,1.42659926792308,0.360149834607889,0.0998875919637399,0.217636366895162
"140",140,9,-0.126803348777778,0.93929423578964,0.313098078596547,0.722005463968116
"141",141,14,0.611516677642857,0.565384247294652,0.15110529608969,0.326443145497696
"142",142,11,1.20072492936364,0.264507622931732,0.0797520490412146,0.177698638994245
"143",143,16,0.4286176616875,0.679549295751992,0.169887323937998,0.362106259404012
"144",144,10,1.1792331448,0.349604245289009,0.110554569477746,0.250091811224155
"145",145,10,0.9246808884,0.5767125286249,0.182372514560974,0.412555290111627
"146",146,10,0.8831269733,0.613446233426603,0.193988731967938,0.438832999523413
"147",147,10,1.1154406363,0.200432797722599,0.0633824158603221,0.143380986033882
"148",148,10,1.0515736836,0.405894283052403,0.128355042368667,0.290359278475548
"149",149,13,0.610126478,0.888541513313898,0.246437075894741,0.536940262665137
"150",150,9,0.969330733222222,0.408619614867915,0.136206538289305,0.314092840536982
"151",151,14,1.07941220857143,0.169256212876506,0.0452356256547688,0.0977256278200467
"152",152,11,1.16169484954545,0.179175772525373,0.0540235280898847,0.120371921858444
"153",153,16,1.027887363125,0.230203906522631,0.0575509766306577,0.122667002985936
"154",154,10,1.0144252023,0.284863492685503,0.0900817459116906,0.203779066751499
"155",155,10,1.1154406363,0.200432797722599,0.0633824158603221,0.143380986033882
"156",156,10,1.2368654897,0.485350954059391,0.153481447936342,0.347199156805836
"157",157,13,1.13784511376923,0.705147055256422,0.19557260495919,0.426116100816524
"158",158,9,0.976780812444444,0.613675575191819,0.20455852506394,0.47171280468871
"159",159,14,0.854851513428571,0.535985370416161,0.143248115744314,0.30946873935137
"160",160,11,0.392692488909091,0.889620428389613,0.268230651527598,0.597655135962233
"161",161,16,1.02773367975,0.280092363350696,0.0700230908376739,0.149250685144651
"162",162,10,1.0611383656,0.253450349988872,0.0801480379731668,0.181307458185222
"163",163,10,0.9254547104,0.651874793802808,0.206140909766949,0.466323135575042
"164",164,10,1.1064895438,0.353320549204028,0.111729767962632,0.25275029489445
"165",165,13,1.28472216430769,0.465138623141589,0.129006242764286,0.281080456841992
"166",166,9,0.640908759222222,0.64915231227525,0.21638410409175,0.498982638828025
"167",167,14,0.835489816857143,0.410425205443725,0.109690750119052,0.236972458461092
"168",168,11,0.976615933545455,0.606485832810521,0.182862358918065,0.407442726471199
"169",169,16,0.731502716375,0.612365992003164,0.153091498000791,0.326306803842851
"170",170,10,0.8961283731,0.606491689272537,0.191789512006433,0.433858018334924
"171",171,13,0.687852001923077,0.820509959520947,0.227568517775512,0.495829206157641
"172",172,9,1.27496069644444,0.295002725032744,0.0983342416775814,0.226759167940669
"173",173,14,1.11568462635714,0.191584773306552,0.0512031844454194,0.110617754786967
"174",174,11,1.08767440181818,0.209361657817263,0.0631249149515127,0.140651075531795
"175",175,16,0.8948178704375,0.473737376715186,0.118434344178796,0.252436829078566
"176",176,10,0.9124218697,0.32512397005269,0.102813226728288,0.232579677273792
"177",177,10,1.0204320408,0.380582267933525,0.12035068037424,0.272252153656225
"178",178,10,1.0078566262,0.703864738183866,0.222581573733911,0.503514501329063
"179",179,13,-0.0927976833846154,0.824180566204489,0.228586560899325,0.498047331576959
"180",180,9,0.870011141,0.393359123179644,0.131119707726548,0.302362588224181
"181",181,14,0.442015753142857,0.546636101316479,0.146094643312008,0.315618288288374
"182",182,11,0.604935390272727,0.817998568567176,0.246635848271375,0.549538915826043
"183",183,16,0.96821242925,0.368992675736008,0.0922481689340019,0.1966223177531
"184",184,10,1.0959447832,0.445548840001776,0.140894914325155,0.318726439642489
"185",185,10,0.8935771228,0.506985376647903,0.160322853060571,0.362675490411216
"186",186,10,1.0926003171,0.696894868057873,0.22037750727454,0.498528556600715
"187",187,13,1.50702403207692,0.429469933202026,0.11911352811,0.259526083232996
"188",188,9,1.06734619022222,0.135016618844138,0.0450055396147128,0.103782960458623
"189",189,14,0.842433038214286,0.46433705926817,0.124099299125974,0.268100236120755
"190",190,11,1.11889481436364,0.177473243602291,0.0535101963051036,0.119228147364814
"191",191,16,0.9027242021875,0.262498170133878,0.0656245425334696,0.139875401360532
"192",192,10,0.9509959216,0.205420697916719,0.0649597283958238,0.146949114884039
"193",193,10,0.8306024406,0.513628430928212,0.162423571275162,0.367427645167373
"194",194,10,1.1707376239,0.314796020304322,0.099547242251827,0.225191507096779
"195",195,13,0.730422750769231,0.901128853137572,0.249928175829814,0.544546715993325
"196",196,9,1.01420494877778,0.212750948827022,0.0709169829423408,0.163534855921241
"197",197,14,0.847435056928571,0.47451675902667,0.126819938325726,0.273977819773444
"198",198,11,0.713604644090909,1.29482917238678,0.390405684764852,0.869878074260872
"199",199,16,1.0638378875,0.30112504570396,0.07528126142599,0.160458210455593
"200",200,10,0.7937498584,0.610606334109449,0.193090676951162,0.436801457934625
"201",201,10,0.4281577612,0.718719692846966,0.227279122861304,0.514141095735192
"202",202,10,0.6249996173,0.821815614892675,0.259880915975264,0.587891475548003
"203",203,13,1.10385130807692,0.585258872579583,0.162321605731226,0.35366839709938
"204",204,9,1.05312983788889,0.426638164166752,0.142212721388917,0.327943123601481
"205",205,14,0.973245379714286,0.264599306527062,0.0707171392715889,0.152775091157055
"206",206,11,-0.106981936909091,1.05753163365582,0.318857784797084,0.710459418564661
"207",207,16,1.0110176388125,0.228613407909749,0.0571533519774372,0.121819486099526
"208",208,10,0.8227207988,0.581910229950237,0.184016172039508,0.416273501649879
"209",209,10,1.0262101732,0.558722703343476,0.176683632301196,0.399686144359354
"210",210,10,0.8833546122,0.440027167728817,0.1391488082376,0.314776473249521
"211",211,10,-1.3289655028,0.519305735188157,0.164218892518282,0.371488943977021
"212",212,10,1.0641308932,0.288862697419235,0.0913464054904824,0.206639925476164
"213",213,13,1.03199812769231,0.561839113867866,0.155826133354757,0.339515978550781
"214",214,9,1.16536164722222,0.205950289317454,0.0686500964391513,0.158307406270848
"215",215,14,0.974288668642857,0.401459509401585,0.10729456706022,0.231795819685645
"216",216,11,0.864750904909091,0.585586617457977,0.176561008396499,0.393402442554114
"217",217,16,1.027887363125,0.230203906522631,0.0575509766306577,0.122667002985936
"218",218,10,0.9937373413,0.25164790165643,0.0795780537636377,0.180018064322954
"219",219,10,0.3791048201,0.688569331134213,0.21774474133228,0.492572826266461
"220",220,10,-0.0213605943,0.789489995774785,0.249658657656503,0.564767120672243
"221",221,13,0.739284307307692,0.706843609094989,0.19604314433277,0.427141318040543
"222",222,9,1.06734619022222,0.135016618844138,0.0450055396147128,0.103782960458623
"223",223,14,0.847243672285714,0.510823857372299,0.136523418519816,0.294940914243362
"224",224,11,0.965006887090909,0.332566984870562,0.100272718770496,0.223421540486835
"225",225,16,0.80309345075,0.564108161375282,0.14102704034382,0.300592021052476
"226",226,10,1.0065676683,0.434528500133124,0.137409976867745,0.310842963411305
"227",227,10,0.4188435349,0.660142322030993,0.208755331749029,0.472237368988381
"228",228,10,0.9294801137,0.801299716326007,0.253393219203699,0.573215285826144
"229",229,13,0.884868819,0.749967207164379,0.208003478488284,0.453200647545685
"230",230,9,0.999088170222222,0.325692092577328,0.108564030859109,0.250349104095539
"231",231,14,0.763713926571429,0.61689385484495,0.164871817774004,0.356183907453004
"232",232,11,0.678371837454545,0.663667205588408,0.200103191509128,0.445857695407938
"233",233,16,1.103983110125,0.294960871547456,0.0737402178868641,0.157173553904435
"234",234,10,1.2535913927,0.307026895596954,0.0970904293017096,0.219633810084015
"235",235,10,0.5612815269,0.842635787700515,0.266464832710372,0.602785329949594
"236",236,16,0.264615090375,0.682917687706364,0.170729421926591,0.363901148779116
"237",237,10,0.5654095298,0.781619392016601,0.247169754212849,0.559136829919668
"238",238,10,0.5099591843,0.766766618840258,0.242472894932139,0.548511796055155
"239",239,10,-0.4306776337,0.820389111998287,0.259429816151756,0.586871016851116
"240",240,13,-0.344913976461538,0.904659119803893,0.250907295636081,0.546680034789002
"241",241,9,-1.07161552188889,0.388284671836128,0.129428223945376,0.298462019630167
"242",242,14,0.737222356,0.802731992607472,0.214539149267108,0.463483653660853
"243",243,11,-0.424224941,0.873534752771892,0.263380637843658,0.58684863204038
"244",244,16,0.3779338451875,0.712160092378112,0.178040023094528,0.379483326316284
"245",245,10,-0.0983196286,0.7242598524824,0.229031075166194,0.51810428719058
"246",246,10,0.7455077314,0.619041488475788,0.195758106972436,0.442835603863514
"247",247,10,0.5656901418,0.548006168914762,0.173294766559361,0.392019997447702
"248",248,13,0.0399804442307692,0.742022762772248,0.205800086056676,0.448399867846906
"249",249,9,0.497091848444444,0.806323173882724,0.268774391294241,0.619794857761503
"250",250,14,0.282597855928571,0.93401717171324,0.249626589279611,0.539285459299382
"251",251,11,-0.458651765545455,1.06104217545105,0.319916252973961,0.712817832633152
"252",252,16,0.014412423,0.869538840666257,0.217384710166564,0.463344541696167
"253",253,10,0.541160695,0.501144245040026,0.158475725061202,0.358496996576837
"254",254,10,0.00756816879999998,0.887275436086939,0.280581128995388,0.634718610702925
"255",255,10,0.4103296171,0.67531987056595,0.213554894015851,0.483094733148568
"256",256,13,0.807186361307692,0.528336597330782,0.146534207106177,0.319270610428054
"257",257,9,1.11222040577778,0.284900846665148,0.0949669488883827,0.218994176844333
"258",258,14,-0.324998817928571,0.7236535686655,0.193404551475899,0.417825131025778
"259",259,11,-0.0256560879090909,0.897300238127568,0.270546201287791,0.602814502346625
"260",260,16,0.3959117486875,0.802014482931111,0.200503620732778,0.427363351293969
"261",261,10,0.8299383132,0.712019127376453,0.225160218011514,0.509347799951952
"262",262,10,0.3185998262,0.699290035315663,0.221134925665708,0.500241956039529
"263",263,10,0.6719279711,0.674899545617816,0.213421975596501,0.482794050794168
"264",264,13,-0.201344465230769,1.08029319734577,0.299619424274241,0.652814645626224
"265",265,9,0.429501473444444,0.71114098715929,0.237046995719763,0.546631352367498
"266",266,14,0.402899281571429,0.596996327099413,0.159553979797745,0.344695416968946
"267",267,11,-0.693629368,0.733741346064821,0.221231339824302,0.492934143539507
"268",268,16,0.6322466694375,0.594060375953702,0.148515093988426,0.316552429590397
"269",269,10,0.1873960459,0.747636155571236,0.236423311269709,0.534826687041241
"270",270,10,0.1899315811,0.747998847430684,0.236538004506175,0.535086141167637
"271",271,10,0.595107459,0.642596049837305,0.203206713291296,0.459685522000586
"272",272,13,0.529863288461538,0.68004278948963,0.188609934385725,0.410945744842312
"273",273,9,-0.388026117333333,0.66715589850239,0.222385299500797,0.512821420257454
"274",274,14,0.661560681,0.358289495109753,0.0957568954272081,0.206870195521126
"275",275,11,0.705365936363636,0.665250601107783,0.200580603221173,0.446921434991939
"276",276,14,-0.00321346892857143,0.862220456453273,0.230438109993999,0.497831270085561
"277",277,11,1.04403810154545,0.245663319630065,0.0740702778150978,0.165038863777236
"278",278,16,0.0917204419375,0.956755732675575,0.239188933168894,0.509819142905766
"279",279,10,1.0700019795,0.367064987549577,0.116076140995801,0.262582473783626
"280",280,10,0.3530824437,0.703082060317804,0.222334069260815,0.502954607312424
"281",281,10,0.2737962686,0.787508819744003,0.249032154786203,0.56334987271668
"282",282,13,-0.369050057384615,0.791108991561956,0.21941415642748,0.478062379034806
"283",283,9,1.130009354,0.272472145925188,0.0908240486417294,0.209440631743812
"284",284,14,0.331000166214286,0.892950217060428,0.238650983977539,0.515574105619079
"285",285,11,0.988529065727273,0.377725348474842,0.113888477699754,0.253759341956394
"286",286,16,1.043686858125,0.210003512972308,0.0525008782430769,0.111902973072695
"287",287,10,0.4253550261,0.702868309057844,0.222266475177394,0.502801698872452
"288",288,10,0.7749652409,0.673581657367782,0.213005222739333,0.481851290333209
"289",289,10,0.7297582222,0.682024835861404,0.215675190212452,0.487891176376965
"290",290,13,1.09327452484615,0.66516169119252,0.184482660312998,0.401953187141102
"291",291,9,0.791893387333333,0.386318320953644,0.128772773651215,0.296950548541411
"292",292,14,-0.379005146785714,0.929317719956948,0.248370607966917,0.536572076638334
"293",293,11,1.04565150318182,0.346828612776145,0.104572761376176,0.233002632481748
"294",294,16,0.7681406946875,0.343061475135208,0.0857653687838021,0.182804556319001
"295",295,10,0.8223750745,0.485315287742062,0.153470169256491,0.347173642659424
"296",296,10,0.7216123606,0.504383937379595,0.159500205732326,0.360814532865169
"297",297,10,0.7814820218,0.647529866767803,0.204766923197163,0.463214962014612
"298",298,13,-0.0600583281538462,0.790791910164508,0.219326213870788,0.477870768664012
"299",299,9,0.658358699333333,0.644115064731952,0.214705021577317,0.495110667606393
"300",300,14,0.467456314214286,0.767000584603535,0.204989528788696,0.442852952898176
"301",301,10,0.0186209613,0.942902913324648,0.298172081851422,0.674512110706646
"302",302,10,0.7990454912,0.691077192520688,0.218537796736005,0.494366842228493
"303",303,13,0.249514765538462,0.844096698940735,0.234110302267747,0.51008253013824
"304",304,9,-0.138205143,0.845070327093853,0.281690109031284,0.649578556272254
"305",305,14,0.792659845071429,0.427683015792968,0.11430309394568,0.246936821496968
"306",306,11,-0.271077581727273,0.945975664241171,0.285222394463198,0.635515098560007
"307",307,16,0.6941046131875,0.455417674905671,0.113854418726418,0.242674949054395
"308",308,10,-0.3685443317,0.96074118712909,0.303813039326197,0.687272843063249
"309",309,10,0.7488656126,0.631068647841204,0.199561428710091,0.451439315374775
"310",310,10,0.4307408731,0.756493735982599,0.239224324135509,0.541163018358701
"311",311,13,0.504840301076923,0.846899769983773,0.23488773429655,0.51177640901679
"312",312,9,0.698202219777778,0.677955860802648,0.225985286934216,0.521123006165602
"313",313,14,0.427742889857143,0.676558907933832,0.18081797396131,0.390633483471119
"314",314,11,0.824775210909091,0.778697695960153,0.234786189328552,0.523136230352752
"315",315,16,0.15084768425,0.789320871656785,0.197330217914196,0.420599403298425
"316",316,10,0.6986723582,0.474949428362755,0.150192196702128,0.339758353566116
"317",317,10,0.3593523669,1.05360268454885,0.333178423204227,0.753701956541255
"318",318,10,0.021418888,0.722231508892635,0.228389656604088,0.51665329759596
"319",319,13,0.0337774032307692,0.61872022100303,0.171602113999449,0.373888887580018
"320",320,9,0.962424010666667,0.256198587741161,0.0853995292470538,0.196931667588195
"321",321,14,0.194454856285714,0.91471801962269,0.244468673924034,0.528142460632505
"322",322,11,0.819414561090909,0.637432526305094,0.19219313808385,0.428232998049788
"323",323,16,-0.137339882875,0.878241880694641,0.21956047017366,0.467982064374539
"324",324,10,0.872739749,0.918344831081439,0.290406134365994,0.656944316976571
"325",325,10,0.3906193477,0.83986051429339,0.265587214200751,0.600800018951851
"326",326,10,0.75796764,0.608922545296326,0.192558216176344,0.435596947978962
"327",327,13,0.352421017307692,0.7314067730631,0.202855740269282,0.441984689470354
"328",328,9,0.989169024444444,0.216838692091505,0.0722795640305016,0.166676973545091
"329",329,14,0.0950726487857143,0.899836054883843,0.240491301545832,0.519549870011558
"330",330,11,-0.534894179,0.569792170291513,0.171798803394476,0.382791588567983
"331",331,16,0.559984175875,0.725387848549427,0.181346962137357,0.386531900036315
"332",332,10,-0.0173185627,1.05583955961227,0.333885785208391,0.755302120565664
"333",333,10,0.2889822706,0.81955352311287,0.259165579745212,0.586273272571381
"334",334,10,0.3146407066,0.658957840490082,0.208380765797458,0.471390041938096
"335",335,13,0.0449637143076923,1.09837186818321,0.30463354540475,0.663739477074883
"336",336,9,0.800581704111111,0.485360878355513,0.161786959451838,0.373081397518046
"337",337,14,0.0779626170714286,1.01274122867767,0.270666478512307,0.584739376533149
"338",338,11,-0.741116346545455,0.580523442732659,0.175034403777236,0.390000955490314
"339",339,16,-0.340563812375,0.757842945434373,0.189460736358593,0.403826000412944
"340",340,10,0.4809191317,0.717306184452469,0.226832132259466,0.513129932743541
"341",341,14,0.0630747406428571,0.99492249835397,0.265904222516694,0.574451147946173
"342",342,11,-0.21630683,0.810169019742444,0.244275150477793,0.544278953354364
"343",343,16,0.4654395721875,0.776166936605766,0.194041734151442,0.413590166076721
"344",344,10,-1.0185241692,0.137930901860627,0.0436175809600737,0.0986698231927613
"345",345,10,-0.8553807276,0.744960406546542,0.235577165133208,0.532912571497783
"346",346,10,-0.3962897663,0.877542697351152,0.277503366767745,0.627756228834271
"347",347,13,-0.682708385615385,0.652718333435324,0.181031493818189,0.394433741304895
"348",348,9,-1.12291283488889,0.391949848414013,0.130649949471338,0.30127932374512
"349",349,14,-0.211168447357143,0.944878091737011,0.252529292253475,0.54555636782314
"350",350,11,0.248070537454545,0.958572246153345,0.289020406812622,0.643977597436081
"351",351,16,-1.1290492938125,0.449928639840011,0.112482159960003,0.23975004873033
"352",352,10,-0.9342629703,0.131122625062331,0.0414646147977243,0.0937994753673404
"353",353,10,-0.592987644,0.611448192730474,0.193356896022191,0.437403687313027
"354",354,10,-0.1586734715,0.908285777521296,0.287225182330426,0.649748503544793
"355",355,13,-0.256965244538462,1.08567225177813,0.301111305548807,0.656065175687589
"356",356,9,-0.986044767,0.226857989622729,0.075619329874243,0.174378487391372
"357",357,14,-0.975935160285714,0.691497177059003,0.184810394319725,0.399258583276863
"358",358,11,-0.693358781,0.496297789364937,0.149639413782394,0.333417391637002
"359",359,16,-1.120204831125,0.678296514817568,0.169574128704392,0.361438699565671
"360",360,10,-0.1082447301,1.15998645224013,0.366819924401695,0.829804319442391
"361",361,10,-0.6866563949,0.993449828515784,0.314156419921357,0.710671195564138
"362",362,10,-0.4294382987,0.630020168072523,0.199229870295127,0.450689278131479
"363",363,13,-0.660059685461538,0.714683519754174,0.198217544323289,0.431878928636714
"364",364,9,-0.203138313555556,0.856650891461188,0.285550297153729,0.658480166045278
"365",365,14,-0.877195507571429,0.594062198886774,0.158769801047705,0.343001301776295
"366",366,11,-0.413372755272727,1.00871554981053,0.30413918171987,0.677664327201356
"367",367,16,-0.4196416933125,0.882166240818517,0.220541560204629,0.470073208275201
"368",368,10,-0.8356951309,0.535839271886665,0.169447255892809,0.383316323634418
"369",369,10,-0.2642733716,0.986312197359059,0.311899302766014,0.705565241823904
"370",370,10,-0.5144808622,0.709228755652698,0.224277824994954,0.507351688269139
"371",371,13,-0.320465836615385,1.01848678258551,0.282477409076492,0.61546540298702
"372",372,9,-0.514717509666667,0.905856374187691,0.30195212472923,0.696302848259289
"373",373,14,-0.629943653642857,0.867025496921165,0.231722311076887,0.500605617853628
"374",374,11,-0.720024285545455,0.748823048341716,0.22577864415633,0.503066168993503
"375",375,16,-0.544712646,0.659283093622981,0.164820773405745,0.351307162574487
"376",376,10,-0.9032328291,0.511677514555847,0.161806637349044,0.366032043667431
"377",377,10,-0.9545065973,0.270111814373198,0.0854168556339914,0.193226351796134
"378",378,10,-0.3360379377,0.726705861486548,0.229804571129233,0.519854056623763
"379",379,13,-0.873777386153846,0.634375941018229,0.175944229481688,0.383349544500617
"380",380,9,-1.076669557,0.46331226376237,0.154437421254123,0.356133332042276
"381",381,13,-0.392515358153846,1.04407298286024,0.289573744233017,0.630926989069675
"382",382,9,-1.10130581566667,0.212698408240209,0.0708994694134028,0.163494469651088
"383",383,14,-0.994602725142857,0.507039372273331,0.135511972332267,0.292755817602082
"384",384,11,-1.21523361181818,0.473986886092886,0.142912423338093,0.318428722871116
"385",385,16,-1.101520419625,0.370704089938073,0.0926760224845183,0.197534266008914
"386",386,10,-0.5209603231,0.64915000892683,0.205279257132742,0.464373941896726
"387",387,10,-1.2021105848,0.262324098473067,0.0829541636325189,0.187655355445237
"388",388,10,-0.5962753576,0.936117225440337,0.296026258930878,0.669657922016843
"389",389,13,-0.843536852307692,0.435118908300508,0.1206802719078,0.262939724720443
"390",390,9,0.374816609444444,1.04173446059869,0.347244820199562,0.800747991308417
"391",391,14,-0.748042364428571,0.720074430695148,0.192447986616967,0.415758598286667
"392",392,11,-0.534580639909091,0.761054959161272,0.22946670403429,0.511283678496037
"393",393,16,0.05430953225,1.02757477236464,0.256893693091159,0.547555945396323
"394",394,10,-1.0185241692,0.137930901860627,0.0436175809600737,0.0986698231927613
"395",395,10,0.5012760908,0.463145053167788,0.146459325504999,0.331314012249728
"396",396,10,-1.2020648149,0.345085026836687,0.109125467122426,0.246858957094696
"397",397,13,-0.754001663846154,0.735044277681588,0.203864602532104,0.444182811511959
"398",398,9,-1.01068102566667,0.231042520849753,0.0770141736165842,0.177595002829175
"399",399,14,-0.944558401857143,0.705553626159757,0.188567138363271,0.407374535358893
"400",400,11,-0.928247956727273,0.510688627007835,0.153978414589704,0.34308528791457
"401",401,16,-1.1137320126875,0.506057506926433,0.126514376731608,0.269659010791365
"402",402,10,-1.0696691394,0.222758247100009,0.0704423428422625,0.159351650424911
"403",403,10,-1.0536637321,0.750614178752397,0.237365044887434,0.536957036490026
"404",404,10,-0.9690467434,0.444742587946766,0.140639955038953,0.318149681666985
"405",405,13,-0.862416414230769,0.484175992410697,0.134286258998879,0.292584623954775
"406",406,9,-1.07280083277778,0.345000867527523,0.115000289175841,0.265191142389164
"407",407,14,-0.688713640857143,0.790504620634087,0.211271246648176,0.456423779270539
"408",408,11,-1.07024609,0.486141815106103,0.146577272328116,0.326594515292447
"409",409,16,-1.0478775773125,0.587866943576049,0.146966735894012,0.313252182433696
"410",410,10,-1.0566677398,0.16340181066583,0.0516721895499617,0.116890613707912
"411",411,10,0.0526756263,1.05019141836475,0.332099686119539,0.75126168371835
"412",412,10,-0.8429024016,0.235462011746284,0.0744596259563578,0.16843937619645
"413",413,13,-0.694474969615385,0.744398662790319,0.206459042159794,0.449835609858566
"414",414,9,-0.838410011222222,0.759093636249757,0.253031212083252,0.583491021399702
"415",415,14,0.229440083285714,0.938045637794866,0.250703242127588,0.541611426366043
"416",416,11,-0.424731679636364,0.778178229632379,0.234629564337602,0.522787248125225
"417",417,16,-1.184637669,0.286923747365455,0.0717309368413637,0.152890872733102
"418",418,10,-0.9422370282,0.301613023512502,0.0953784126269426,0.215760959300361
"419",419,10,-1.1725180227,0.341939278909293,0.108130694282894,0.244608624590392
"420",420,10,-0.7439948978,0.333241945384781,0.105380355932134,0.238386926990102
"421",421,13,-0.917246442384615,0.344300560250953,0.09549179416583,0.208058746256453
"422",422,9,-1.10130581566667,0.212698408240209,0.0708994694134028,0.163494469651088
"423",423,14,-0.587704584714286,0.959161081252288,0.25634658176955,0.553803120446313
"424",424,11,-0.959430579454545,0.499057545273709,0.150471511497154,0.335271420883908
"425",425,16,-0.984845021,0.677190241719998,0.16929756043,0.360849208242901
"426",426,10,-1.0185241692,0.137930901860627,0.0436175809600737,0.0986698231927613
"427",427,10,-0.1526115056,0.995718707076817,0.314873902320076,0.712294253511582
"428",428,10,-0.9110057182,0.631689946973341,0.199757900746674,0.451883765999622
"429",429,13,-0.298614279076923,0.796705742231836,0.220966415774883,0.481444461615899
"430",430,9,-0.923924959777778,0.360524604543274,0.120174868181091,0.277123742973212
"431",431,14,-1.0033283335,0.869289482003454,0.232327386541651,0.501912803922498
"432",432,11,-1.04813438990909,0.403776091477108,0.121743072249617,0.271260469239544
"433",433,16,-1.0639211329375,0.832033395086074,0.208008348771518,0.443359300461692
"434",434,10,-0.6575282725,0.836545083819245,0.264538783028528,0.598428302865905
"435",435,10,-0.8835496792,0.535892111303481,0.169463965183546,0.383354122676145
"436",436,10,-0.7353749478,0.52175975420973,0.164994921471237,0.373244443431487
"437",437,13,-0.879166015692308,0.456114456765853,0.126503389334591,0.275627207678596
"438",438,9,-0.792480052333333,0.29994335562836,0.0999811185427866,0.230556872802004
"439",439,14,-1.053556195,0.660537335808824,0.17653602869779,0.381382903135122
"440",440,11,-0.546188778818182,0.814128096154517,0.245468856930083,0.546938697078578
"441",441,16,-1.0793554225625,0.651004330737361,0.16275108268434,0.346895721226899
"442",442,10,-0.4133397409,1.07395438804802,0.339614196936405,0.768260688187649
"443",443,10,-0.690963816,0.785400958086142,0.248365590403065,0.561841999322898
"444",444,10,-0.7366639739,0.41840526464589,0.132311362128654,0.299309095558921
"445",445,13,-0.855034014615385,0.607286210507231,0.168430890066619,0.366979384189419
"446",446,10,-1.3360724437,0.722401972105786,0.228443561805171,0.516775239632701
"447",447,13,-0.691880852153846,0.611850972125715,0.169696927149366,0.369737842028143
"448",448,9,-0.986044767,0.226857989622729,0.075619329874243,0.174378487391372
"449",449,14,-1.20613465814286,0.818478919144448,0.218747692409684,0.472575658355445
"450",450,11,-0.996964358909091,0.820655079034649,0.247436816314308,0.551323583841701
"451",451,16,-0.6648726284375,0.675487461010085,0.168871865252521,0.359941860450318
"452",452,10,0.00665688850000002,1.06823862296828,0.337806713314163,0.764171876164953
"453",453,10,-0.9219756435,0.516883383648277,0.163452877702319,0.36975609807428
"454",454,10,-0.8521507017,0.952451958651562,0.301191755122745,0.681343086226681
"455",455,13,-0.482336017846154,0.861394934400556,0.238907969569703,0.520535749208218
"456",456,9,-0.836329409333333,0.409868705382099,0.136622901794033,0.315052976500633
"457",457,14,-1.09801225942857,0.751581341240477,0.200868562658136,0.433950146835368
"458",458,11,-0.413735798818182,0.870143691637609,0.262358194441514,0.584570486172108
"459",459,16,-1.194690902625,0.283098737832667,0.0707746844581668,0.150852669025496
"460",460,10,-1.0566677398,0.16340181066583,0.0516721895499617,0.116890613707912
"461",461,10,-1.0136983927,0.543328124328294,0.171815438970455,0.388673525946333
"462",462,10,-0.6386027286,0.611253171411609,0.1932952248662,0.437264177465765
"463",463,13,-0.864003953307692,0.625524581504964,0.173489304052254,0.37800072147909
"464",464,9,-1.03918600855556,0.248438958539748,0.0828129861799158,0.190967088579491
"465",465,14,-0.794998333214286,0.876102458180396,0.234148231015821,0.505846499252788
"466",466,11,-0.976347525454546,0.472281772890648,0.142398312363829,0.317283212235126
"467",467,16,-1.0960727076875,0.267649580778945,0.0669123951947364,0.142620394330137
"468",468,10,-0.9439848989,0.284329983712485,0.0899130355610031,0.203397417423253
"469",469,10,0.2748078904,0.910635407214291,0.287968200479209,0.651429327372151
"470",470,10,-0.9874140441,0.346581083030992,0.109598561630587,0.247929171225013
